生态,源名,站点域名,语言,NSFW,标识/包名
Mihon系（Mihon/Tachiyomi/Suwayomi/Komikku/Neko）,AHottie,ahottie.top,all,NSFW,AHottie
Mihon系（Mihon/Tachiyomi/Suwayomi/Komikku/Neko）,Akuma,akuma.moe,all,NSFW,Akuma
Mihon系（Mihon/Tachiyomi/Suwayomi/Komikku/Neko）,Akuma,akuma.moe,en,NSFW,Akuma
Mihon系（Mihon/Tachiyomi/Suwayomi/Komikku/Neko）,Akuma,akuma.moe,id,NSFW,Akuma
Mihon系（Mihon/Tachiyomi/Suwayomi/Komikku/Neko）,Akuma,akuma.moe,jv,NSFW,Akuma
Mihon系（Mihon/Tachiyomi/Suwayomi/Komikku/Neko）,Akuma,akuma.moe,ca,NSFW,Akuma
Mihon系（Mihon/Tachiyomi/Suwayomi/Komikku/Neko）,Akuma,akuma.moe,ceb,NSFW,Akuma
Mihon系（Mihon/Tachiyomi/Suwayomi/Komikku/Neko）,Akuma,akuma.moe,cs,NSFW,Akuma
Mihon系（Mihon/Tachiyomi/Suwayomi/Komikku/Neko）,Akuma,akuma.moe,da,NSFW,Akuma
Mihon系（Mihon/Tachiyomi/Suwayomi/Komikku/Neko）,Akuma,akuma.moe,de,NSFW,Akuma
Mihon系（Mihon/Tachiyomi/Suwayomi/Komikku/Neko）,Akuma,akuma.moe,et,NSFW,Akuma
Mihon系（Mihon/Tachiyomi/Suwayomi/Komikku/Neko）,Akuma,akuma.moe,es,NSFW,Akuma
Mihon系（Mihon/Tachiyomi/Suwayomi/Komikku/Neko）,Akuma,akuma.moe,eo,NSFW,Akuma
Mihon系（Mihon/Tachiyomi/Suwayomi/Komikku/Neko）,Akuma,akuma.moe,fr,NSFW,Akuma
Mihon系（Mihon/Tachiyomi/Suwayomi/Komikku/Neko）,Akuma,akuma.moe,it,NSFW,Akuma
Mihon系（Mihon/Tachiyomi/Suwayomi/Komikku/Neko）,Akuma,akuma.moe,hi,NSFW,Akuma
Mihon系（Mihon/Tachiyomi/Suwayomi/Komikku/Neko）,Akuma,akuma.moe,hu,NSFW,Akuma
Mihon系（Mihon/Tachiyomi/Suwayomi/Komikku/Neko）,Akuma,akuma.moe,nl,NSFW,Akuma
Mihon系（Mihon/Tachiyomi/Suwayomi/Komikku/Neko）,Akuma,akuma.moe,pl,NSFW,Akuma
Mihon系（Mihon/Tachiyomi/Suwayomi/Komikku/Neko）,Akuma,akuma.moe,pt,NSFW,Akuma
Mihon系（Mihon/Tachiyomi/Suwayomi/Komikku/Neko）,Akuma,akuma.moe,vi,NSFW,Akuma
Mihon系（Mihon/Tachiyomi/Suwayomi/Komikku/Neko）,Akuma,akuma.moe,tr,NSFW,Akuma
Mihon系（Mihon/Tachiyomi/Suwayomi/Komikku/Neko）,Akuma,akuma.moe,ru,NSFW,Akuma
Mihon系（Mihon/Tachiyomi/Suwayomi/Komikku/Neko）,Akuma,akuma.moe,uk,NSFW,Akuma
Mihon系（Mihon/Tachiyomi/Suwayomi/Komikku/Neko）,Akuma,akuma.moe,ar,NSFW,Akuma
Mihon系（Mihon/Tachiyomi/Suwayomi/Komikku/Neko）,Akuma,akuma.moe,ko,NSFW,Akuma
Mihon系（Mihon/Tachiyomi/Suwayomi/Komikku/Neko）,Akuma,akuma.moe,zh,NSFW,Akuma
Mihon系（Mihon/Tachiyomi/Suwayomi/Komikku/Neko）,Akuma,akuma.moe,ja,NSFW,Akuma
Mihon系（Mihon/Tachiyomi/Suwayomi/Komikku/Neko）,AllPornComics.co,allporncomics.co,all,NSFW,AllPornComics.co
Mihon系（Mihon/Tachiyomi/Suwayomi/Komikku/Neko）,AsmHentai,asmhentai.com,en,NSFW,AsmHentai
Mihon系（Mihon/Tachiyomi/Suwayomi/Komikku/Neko）,AsmHentai,asmhentai.com,ja,NSFW,AsmHentai
Mihon系（Mihon/Tachiyomi/Suwayomi/Komikku/Neko）,AsmHentai,asmhentai.com,zh,NSFW,AsmHentai
Mihon系（Mihon/Tachiyomi/Suwayomi/Komikku/Neko）,AsmHentai,asmhentai.com,all,NSFW,AsmHentai
Mihon系（Mihon/Tachiyomi/Suwayomi/Komikku/Neko）,BaoBua,baobua.net,all,NSFW,BaoBua
Mihon系（Mihon/Tachiyomi/Suwayomi/Komikku/Neko）,3600000 Beauty,3600000.xyz,all,NSFW,3600000 Beauty
Mihon系（Mihon/Tachiyomi/Suwayomi/Komikku/Neko）,Buon Dua,buondua.com,all,NSFW,Buon Dua
Mihon系（Mihon/Tachiyomi/Suwayomi/Komikku/Neko）,Comic Fury,comicfury.com,all,,Comic Fury
Mihon系（Mihon/Tachiyomi/Suwayomi/Komikku/Neko）,Comic Fury,comicfury.com,en,,Comic Fury
Mihon系（Mihon/Tachiyomi/Suwayomi/Komikku/Neko）,Comic Fury,comicfury.com,es,,Comic Fury
Mihon系（Mihon/Tachiyomi/Suwayomi/Komikku/Neko）,Comic Fury,comicfury.com,pt-BR,,Comic Fury
Mihon系（Mihon/Tachiyomi/Suwayomi/Komikku/Neko）,Comic Fury,comicfury.com,de,,Comic Fury
Mihon系（Mihon/Tachiyomi/Suwayomi/Komikku/Neko）,Comic Fury,comicfury.com,fr,,Comic Fury
Mihon系（Mihon/Tachiyomi/Suwayomi/Komikku/Neko）,Comic Fury,comicfury.com,it,,Comic Fury
Mihon系（Mihon/Tachiyomi/Suwayomi/Komikku/Neko）,Comic Fury,comicfury.com,pl,,Comic Fury
Mihon系（Mihon/Tachiyomi/Suwayomi/Komikku/Neko）,Comic Fury,comicfury.com,ja,,Comic Fury
Mihon系（Mihon/Tachiyomi/Suwayomi/Komikku/Neko）,Comic Fury,comicfury.com,zh,,Comic Fury
Mihon系（Mihon/Tachiyomi/Suwayomi/Komikku/Neko）,Comic Fury,comicfury.com,ru,,Comic Fury
Mihon系（Mihon/Tachiyomi/Suwayomi/Komikku/Neko）,Comic Fury,comicfury.com,fi,,Comic Fury
Mihon系（Mihon/Tachiyomi/Suwayomi/Komikku/Neko）,Comic Fury,comicfury.com,other,,Comic Fury
Mihon系（Mihon/Tachiyomi/Suwayomi/Komikku/Neko）,Comic Fury (No Text),comicfury.com,other,,Comic Fury
Mihon系（Mihon/Tachiyomi/Suwayomi/Komikku/Neko）,Comic Growl,comic-growl.com,all,,Comic Growl
Mihon系（Mihon/Tachiyomi/Suwayomi/Komikku/Neko）,Comick (Unoriginal),comick.live,all,,Comick (Unoriginal)
Mihon系（Mihon/Tachiyomi/Suwayomi/Komikku/Neko）,Comics Kingdom,wp.comicskingdom.com,en,,ComicsKingdom
Mihon系（Mihon/Tachiyomi/Suwayomi/Komikku/Neko）,Comics Kingdom,wp.comicskingdom.com,es,,ComicsKingdom
Mihon系（Mihon/Tachiyomi/Suwayomi/Komikku/Neko）,Comics Valley,comicsvalley.com,all,NSFW,Comics Valley
Mihon系（Mihon/Tachiyomi/Suwayomi/Komikku/Neko）,Comikey,comikey.com,en,,Comikey
Mihon系（Mihon/Tachiyomi/Suwayomi/Komikku/Neko）,Comikey,comikey.com,es,,Comikey
Mihon系（Mihon/Tachiyomi/Suwayomi/Komikku/Neko）,Comikey,comikey.com,id,,Comikey
Mihon系（Mihon/Tachiyomi/Suwayomi/Komikku/Neko）,Comikey,comikey.com,pt-BR,,Comikey
Mihon系（Mihon/Tachiyomi/Suwayomi/Komikku/Neko）,Comikey Brasil,br.comikey.com,pt-BR,,Comikey
Mihon系（Mihon/Tachiyomi/Suwayomi/Komikku/Neko）,Commit Strip,commitstrip.com,en,,Commit Strip
Mihon系（Mihon/Tachiyomi/Suwayomi/Komikku/Neko）,Commit Strip,commitstrip.com,fr,,Commit Strip
Mihon系（Mihon/Tachiyomi/Suwayomi/Komikku/Neko）,Coomer,coomer.st,all,NSFW,Coomer
Mihon系（Mihon/Tachiyomi/Suwayomi/Komikku/Neko）,CosplayTele,cosplaytele.com,all,NSFW,CosplayTele
Mihon系（Mihon/Tachiyomi/Suwayomi/Komikku/Neko）,Cubari,cubari.moe,en,,Cubari
Mihon系（Mihon/Tachiyomi/Suwayomi/Komikku/Neko）,Cubari,cubari.moe,all,,Cubari
Mihon系（Mihon/Tachiyomi/Suwayomi/Komikku/Neko）,Cubari,cubari.moe,other,,Cubari
Mihon系（Mihon/Tachiyomi/Suwayomi/Komikku/Neko）,Danbooru,danbooru.donmai.us,all,NSFW,Danbooru
Mihon系（Mihon/Tachiyomi/Suwayomi/Komikku/Neko）,DeviantArt,deviantart.com,all,,DeviantArt
Mihon系（Mihon/Tachiyomi/Suwayomi/Komikku/Neko）,Doujiva,doujiva.com,all,NSFW,Doujiva
Mihon系（Mihon/Tachiyomi/Suwayomi/Komikku/Neko）,Dragon Ball Multiverse,dragonball-multiverse.com,en,,Dragon Ball Multiverse
Mihon系（Mihon/Tachiyomi/Suwayomi/Komikku/Neko）,Dragon Ball Multiverse,dragonball-multiverse.com,fr,,Dragon Ball Multiverse
Mihon系（Mihon/Tachiyomi/Suwayomi/Komikku/Neko）,Dragon Ball Multiverse,dragonball-multiverse.com,ja,,Dragon Ball Multiverse
Mihon系（Mihon/Tachiyomi/Suwayomi/Komikku/Neko）,Dragon Ball Multiverse,dragonball-multiverse.com,zh,,Dragon Ball Multiverse
Mihon系（Mihon/Tachiyomi/Suwayomi/Komikku/Neko）,Dragon Ball Multiverse,dragonball-multiverse.com,es,,Dragon Ball Multiverse
Mihon系（Mihon/Tachiyomi/Suwayomi/Komikku/Neko）,Dragon Ball Multiverse,dragonball-multiverse.com,it,,Dragon Ball Multiverse
Mihon系（Mihon/Tachiyomi/Suwayomi/Komikku/Neko）,Dragon Ball Multiverse,dragonball-multiverse.com,pt,,Dragon Ball Multiverse
Mihon系（Mihon/Tachiyomi/Suwayomi/Komikku/Neko）,Dragon Ball Multiverse,dragonball-multiverse.com,de,,Dragon Ball Multiverse
Mihon系（Mihon/Tachiyomi/Suwayomi/Komikku/Neko）,Dragon Ball Multiverse,dragonball-multiverse.com,pl,,Dragon Ball Multiverse
Mihon系（Mihon/Tachiyomi/Suwayomi/Komikku/Neko）,Dragon Ball Multiverse,dragonball-multiverse.com,nl,,Dragon Ball Multiverse
Mihon系（Mihon/Tachiyomi/Suwayomi/Komikku/Neko）,Dragon Ball Multiverse,dragonball-multiverse.com,tr,,Dragon Ball Multiverse
Mihon系（Mihon/Tachiyomi/Suwayomi/Komikku/Neko）,Dragon Ball Multiverse,dragonball-multiverse.com,pt-BR,,Dragon Ball Multiverse
Mihon系（Mihon/Tachiyomi/Suwayomi/Komikku/Neko）,Dragon Ball Multiverse,dragonball-multiverse.com,hu,,Dragon Ball Multiverse
Mihon系（Mihon/Tachiyomi/Suwayomi/Komikku/Neko）,Dragon Ball Multiverse,dragonball-multiverse.com,ga,,Dragon Ball Multiverse
Mihon系（Mihon/Tachiyomi/Suwayomi/Komikku/Neko）,Dragon Ball Multiverse,dragonball-multiverse.com,ca,,Dragon Ball Multiverse
Mihon系（Mihon/Tachiyomi/Suwayomi/Komikku/Neko）,Dragon Ball Multiverse,dragonball-multiverse.com,no,,Dragon Ball Multiverse
Mihon系（Mihon/Tachiyomi/Suwayomi/Komikku/Neko）,Dragon Ball Multiverse,dragonball-multiverse.com,ru,,Dragon Ball Multiverse
Mihon系（Mihon/Tachiyomi/Suwayomi/Komikku/Neko）,Dragon Ball Multiverse,dragonball-multiverse.com,ro,,Dragon Ball Multiverse
Mihon系（Mihon/Tachiyomi/Suwayomi/Komikku/Neko）,Dragon Ball Multiverse,dragonball-multiverse.com,eu,,Dragon Ball Multiverse
Mihon系（Mihon/Tachiyomi/Suwayomi/Komikku/Neko）,Dragon Ball Multiverse,dragonball-multiverse.com,lt,,Dragon Ball Multiverse
Mihon系（Mihon/Tachiyomi/Suwayomi/Komikku/Neko）,Dragon Ball Multiverse,dragonball-multiverse.com,hr,,Dragon Ball Multiverse
Mihon系（Mihon/Tachiyomi/Suwayomi/Komikku/Neko）,Dragon Ball Multiverse,dragonball-multiverse.com,ko,,Dragon Ball Multiverse
Mihon系（Mihon/Tachiyomi/Suwayomi/Komikku/Neko）,Dragon Ball Multiverse,dragonball-multiverse.com,fi,,Dragon Ball Multiverse
Mihon系（Mihon/Tachiyomi/Suwayomi/Komikku/Neko）,Dragon Ball Multiverse,dragonball-multiverse.com,he,,Dragon Ball Multiverse
Mihon系（Mihon/Tachiyomi/Suwayomi/Komikku/Neko）,Dragon Ball Multiverse,dragonball-multiverse.com,bg,,Dragon Ball Multiverse
Mihon系（Mihon/Tachiyomi/Suwayomi/Komikku/Neko）,Dragon Ball Multiverse,dragonball-multiverse.com,sv,,Dragon Ball Multiverse
Mihon系（Mihon/Tachiyomi/Suwayomi/Komikku/Neko）,Dragon Ball Multiverse,dragonball-multiverse.com,el,,Dragon Ball Multiverse
Mihon系（Mihon/Tachiyomi/Suwayomi/Komikku/Neko）,Dragon Ball Multiverse,dragonball-multiverse.com,es-419,,Dragon Ball Multiverse
Mihon系（Mihon/Tachiyomi/Suwayomi/Komikku/Neko）,Dragon Ball Multiverse,dragonball-multiverse.com,ar,,Dragon Ball Multiverse
Mihon系（Mihon/Tachiyomi/Suwayomi/Komikku/Neko）,Dragon Ball Multiverse,dragonball-multiverse.com,fil,,Dragon Ball Multiverse
Mihon系（Mihon/Tachiyomi/Suwayomi/Komikku/Neko）,Dragon Ball Multiverse,dragonball-multiverse.com,la,,Dragon Ball Multiverse
Mihon系（Mihon/Tachiyomi/Suwayomi/Komikku/Neko）,Dragon Ball Multiverse,dragonball-multiverse.com,da,,Dragon Ball Multiverse
Mihon系（Mihon/Tachiyomi/Suwayomi/Komikku/Neko）,Dragon Ball Multiverse,dragonball-multiverse.com,co,,Dragon Ball Multiverse
Mihon系（Mihon/Tachiyomi/Suwayomi/Komikku/Neko）,Dragon Ball Multiverse,dragonball-multiverse.com,br,,Dragon Ball Multiverse
Mihon系（Mihon/Tachiyomi/Suwayomi/Komikku/Neko）,Dragon Ball Multiverse,dragonball-multiverse.com,vec,,Dragon Ball Multiverse
Mihon系（Mihon/Tachiyomi/Suwayomi/Komikku/Neko）,Dragon Ball Multiverse,dragonball-multiverse.com,lmo,,Dragon Ball Multiverse
Mihon系（Mihon/Tachiyomi/Suwayomi/Komikku/Neko）,Dragon Ball Multiverse Parody,dragonball-multiverse.com,fr,,Dragon Ball Multiverse
Mihon系（Mihon/Tachiyomi/Suwayomi/Komikku/Neko）,e621,e621.net,all,NSFW,e621
Mihon系（Mihon/Tachiyomi/Suwayomi/Komikku/Neko）,Elite Babes,elitebabes.com,all,NSFW,Elite Babes
Mihon系（Mihon/Tachiyomi/Suwayomi/Komikku/Neko）,Everia.club,everia.club,all,NSFW,Everia.club
Mihon系（Mihon/Tachiyomi/Suwayomi/Komikku/Neko）,EveriaClub (unoriginal),everiaclub.com,all,NSFW,EveriaClub (unoriginal)
Mihon系（Mihon/Tachiyomi/Suwayomi/Komikku/Neko）,Femjoy Hunter,femjoyhunter.com,all,NSFW,Femjoy Hunter
Mihon系（Mihon/Tachiyomi/Suwayomi/Komikku/Neko）,FoamGirl,foamgirl.net,all,NSFW,FoamGirl
Mihon系（Mihon/Tachiyomi/Suwayomi/Komikku/Neko）,FoolSlide Customizable,127.0.0.1,other,,FoolSlide Customizable
Mihon系（Mihon/Tachiyomi/Suwayomi/Komikku/Neko）,4KHD,4khd.com,all,NSFW,4KHD
Mihon系（Mihon/Tachiyomi/Suwayomi/Komikku/Neko）,FTV Hunter,ftvhunter.com,all,NSFW,FTV Hunter
Mihon系（Mihon/Tachiyomi/Suwayomi/Komikku/Neko）,GlobalComix,globalcomix.com,sq,,GlobalComix
Mihon系（Mihon/Tachiyomi/Suwayomi/Komikku/Neko）,GlobalComix,globalcomix.com,ar,,GlobalComix
Mihon系（Mihon/Tachiyomi/Suwayomi/Komikku/Neko）,GlobalComix,globalcomix.com,bg,,GlobalComix
Mihon系（Mihon/Tachiyomi/Suwayomi/Komikku/Neko）,GlobalComix,globalcomix.com,bn,,GlobalComix
Mihon系（Mihon/Tachiyomi/Suwayomi/Komikku/Neko）,GlobalComix,globalcomix.com,pt-BR,,GlobalComix
Mihon系（Mihon/Tachiyomi/Suwayomi/Komikku/Neko）,GlobalComix,globalcomix.com,zh-Hans,,GlobalComix
Mihon系（Mihon/Tachiyomi/Suwayomi/Komikku/Neko）,GlobalComix,globalcomix.com,cs,,GlobalComix
Mihon系（Mihon/Tachiyomi/Suwayomi/Komikku/Neko）,GlobalComix,globalcomix.com,de,,GlobalComix
Mihon系（Mihon/Tachiyomi/Suwayomi/Komikku/Neko）,GlobalComix,globalcomix.com,da,,GlobalComix
Mihon系（Mihon/Tachiyomi/Suwayomi/Komikku/Neko）,GlobalComix,globalcomix.com,el,,GlobalComix
Mihon系（Mihon/Tachiyomi/Suwayomi/Komikku/Neko）,GlobalComix,globalcomix.com,en,,GlobalComix
Mihon系（Mihon/Tachiyomi/Suwayomi/Komikku/Neko）,GlobalComix,globalcomix.com,es,,GlobalComix
Mihon系（Mihon/Tachiyomi/Suwayomi/Komikku/Neko）,GlobalComix,globalcomix.com,fa,,GlobalComix
Mihon系（Mihon/Tachiyomi/Suwayomi/Komikku/Neko）,GlobalComix,globalcomix.com,fi,,GlobalComix
Mihon系（Mihon/Tachiyomi/Suwayomi/Komikku/Neko）,GlobalComix,globalcomix.com,fil,,GlobalComix
Mihon系（Mihon/Tachiyomi/Suwayomi/Komikku/Neko）,GlobalComix,globalcomix.com,fr,,GlobalComix
Mihon系（Mihon/Tachiyomi/Suwayomi/Komikku/Neko）,GlobalComix,globalcomix.com,hi,,GlobalComix
Mihon系（Mihon/Tachiyomi/Suwayomi/Komikku/Neko）,GlobalComix,globalcomix.com,hu,,GlobalComix
Mihon系（Mihon/Tachiyomi/Suwayomi/Komikku/Neko）,GlobalComix,globalcomix.com,id,,GlobalComix
Mihon系（Mihon/Tachiyomi/Suwayomi/Komikku/Neko）,GlobalComix,globalcomix.com,it,,GlobalComix
Mihon系（Mihon/Tachiyomi/Suwayomi/Komikku/Neko）,GlobalComix,globalcomix.com,he,,GlobalComix
Mihon系（Mihon/Tachiyomi/Suwayomi/Komikku/Neko）,GlobalComix,globalcomix.com,ja,,GlobalComix
Mihon系（Mihon/Tachiyomi/Suwayomi/Komikku/Neko）,GlobalComix,globalcomix.com,ko,,GlobalComix
Mihon系（Mihon/Tachiyomi/Suwayomi/Komikku/Neko）,GlobalComix,globalcomix.com,lv,,GlobalComix
Mihon系（Mihon/Tachiyomi/Suwayomi/Komikku/Neko）,GlobalComix,globalcomix.com,ms,,GlobalComix
Mihon系（Mihon/Tachiyomi/Suwayomi/Komikku/Neko）,GlobalComix,globalcomix.com,nl,,GlobalComix
Mihon系（Mihon/Tachiyomi/Suwayomi/Komikku/Neko）,GlobalComix,globalcomix.com,no,,GlobalComix
Mihon系（Mihon/Tachiyomi/Suwayomi/Komikku/Neko）,GlobalComix,globalcomix.com,pl,,GlobalComix
Mihon系（Mihon/Tachiyomi/Suwayomi/Komikku/Neko）,GlobalComix,globalcomix.com,pt,,GlobalComix
Mihon系（Mihon/Tachiyomi/Suwayomi/Komikku/Neko）,GlobalComix,globalcomix.com,ro,,GlobalComix
Mihon系（Mihon/Tachiyomi/Suwayomi/Komikku/Neko）,GlobalComix,globalcomix.com,ru,,GlobalComix
Mihon系（Mihon/Tachiyomi/Suwayomi/Komikku/Neko）,GlobalComix,globalcomix.com,sv,,GlobalComix
Mihon系（Mihon/Tachiyomi/Suwayomi/Komikku/Neko）,GlobalComix,globalcomix.com,sk,,GlobalComix
Mihon系（Mihon/Tachiyomi/Suwayomi/Komikku/Neko）,GlobalComix,globalcomix.com,sl,,GlobalComix
Mihon系（Mihon/Tachiyomi/Suwayomi/Komikku/Neko）,GlobalComix,globalcomix.com,ta,,GlobalComix
Mihon系（Mihon/Tachiyomi/Suwayomi/Komikku/Neko）,GlobalComix,globalcomix.com,th,,GlobalComix
Mihon系（Mihon/Tachiyomi/Suwayomi/Komikku/Neko）,GlobalComix,globalcomix.com,tr,,GlobalComix
Mihon系（Mihon/Tachiyomi/Suwayomi/Komikku/Neko）,GlobalComix,globalcomix.com,uk,,GlobalComix
Mihon系（Mihon/Tachiyomi/Suwayomi/Komikku/Neko）,GlobalComix,globalcomix.com,ur,,GlobalComix
Mihon系（Mihon/Tachiyomi/Suwayomi/Komikku/Neko）,GlobalComix,globalcomix.com,vi,,GlobalComix
Mihon系（Mihon/Tachiyomi/Suwayomi/Komikku/Neko）,GlobalComix,globalcomix.com,zh-Hant,,GlobalComix
Mihon系（Mihon/Tachiyomi/Suwayomi/Komikku/Neko）,Grabber Zone,grabber.zone,all,,Grabber Zone
Mihon系（Mihon/Tachiyomi/Suwayomi/Komikku/Neko）,HDoujin,hdoujin.org,all,NSFW,HDoujin
Mihon系（Mihon/Tachiyomi/Suwayomi/Komikku/Neko）,HDoujin,hdoujin.org,en,NSFW,HDoujin
Mihon系（Mihon/Tachiyomi/Suwayomi/Komikku/Neko）,HDoujin,hdoujin.org,es,NSFW,HDoujin
Mihon系（Mihon/Tachiyomi/Suwayomi/Komikku/Neko）,HDoujin,hdoujin.org,ja,NSFW,HDoujin
Mihon系（Mihon/Tachiyomi/Suwayomi/Komikku/Neko）,HDoujin,hdoujin.org,ko,NSFW,HDoujin
Mihon系（Mihon/Tachiyomi/Suwayomi/Komikku/Neko）,HDoujin,hdoujin.org,zh,NSFW,HDoujin
Mihon系（Mihon/Tachiyomi/Suwayomi/Komikku/Neko）,Hennojin,hennojin.com,en,NSFW,Hennojin
Mihon系（Mihon/Tachiyomi/Suwayomi/Komikku/Neko）,Hennojin,hennojin.com,ja,NSFW,Hennojin
Mihon系（Mihon/Tachiyomi/Suwayomi/Komikku/Neko）,3Hentai,3hentai.net,all,NSFW,3Hentai
Mihon系（Mihon/Tachiyomi/Suwayomi/Komikku/Neko）,3Hentai,3hentai.net,en,NSFW,3Hentai
Mihon系（Mihon/Tachiyomi/Suwayomi/Komikku/Neko）,3Hentai,3hentai.net,ja,NSFW,3Hentai
Mihon系（Mihon/Tachiyomi/Suwayomi/Komikku/Neko）,3Hentai,3hentai.net,ko,NSFW,3Hentai
Mihon系（Mihon/Tachiyomi/Suwayomi/Komikku/Neko）,3Hentai,3hentai.net,zh,NSFW,3Hentai
Mihon系（Mihon/Tachiyomi/Suwayomi/Komikku/Neko）,3Hentai,3hentai.net,mo,NSFW,3Hentai
Mihon系（Mihon/Tachiyomi/Suwayomi/Komikku/Neko）,3Hentai,3hentai.net,es,NSFW,3Hentai
Mihon系（Mihon/Tachiyomi/Suwayomi/Komikku/Neko）,3Hentai,3hentai.net,pt,NSFW,3Hentai
Mihon系（Mihon/Tachiyomi/Suwayomi/Komikku/Neko）,3Hentai,3hentai.net,id,NSFW,3Hentai
Mihon系（Mihon/Tachiyomi/Suwayomi/Komikku/Neko）,3Hentai,3hentai.net,jv,NSFW,3Hentai
Mihon系（Mihon/Tachiyomi/Suwayomi/Komikku/Neko）,3Hentai,3hentai.net,tl,NSFW,3Hentai
Mihon系（Mihon/Tachiyomi/Suwayomi/Komikku/Neko）,3Hentai,3hentai.net,vi,NSFW,3Hentai
Mihon系（Mihon/Tachiyomi/Suwayomi/Komikku/Neko）,3Hentai,3hentai.net,th,NSFW,3Hentai
Mihon系（Mihon/Tachiyomi/Suwayomi/Komikku/Neko）,3Hentai,3hentai.net,my,NSFW,3Hentai
Mihon系（Mihon/Tachiyomi/Suwayomi/Komikku/Neko）,3Hentai,3hentai.net,tr,NSFW,3Hentai
Mihon系（Mihon/Tachiyomi/Suwayomi/Komikku/Neko）,3Hentai,3hentai.net,ru,NSFW,3Hentai
Mihon系（Mihon/Tachiyomi/Suwayomi/Komikku/Neko）,3Hentai,3hentai.net,uk,NSFW,3Hentai
Mihon系（Mihon/Tachiyomi/Suwayomi/Komikku/Neko）,3Hentai,3hentai.net,pl,NSFW,3Hentai
Mihon系（Mihon/Tachiyomi/Suwayomi/Komikku/Neko）,3Hentai,3hentai.net,fi,NSFW,3Hentai
Mihon系（Mihon/Tachiyomi/Suwayomi/Komikku/Neko）,3Hentai,3hentai.net,de,NSFW,3Hentai
Mihon系（Mihon/Tachiyomi/Suwayomi/Komikku/Neko）,3Hentai,3hentai.net,it,NSFW,3Hentai
Mihon系（Mihon/Tachiyomi/Suwayomi/Komikku/Neko）,3Hentai,3hentai.net,fr,NSFW,3Hentai
Mihon系（Mihon/Tachiyomi/Suwayomi/Komikku/Neko）,3Hentai,3hentai.net,nl,NSFW,3Hentai
Mihon系（Mihon/Tachiyomi/Suwayomi/Komikku/Neko）,3Hentai,3hentai.net,cs,NSFW,3Hentai
Mihon系（Mihon/Tachiyomi/Suwayomi/Komikku/Neko）,3Hentai,3hentai.net,hu,NSFW,3Hentai
Mihon系（Mihon/Tachiyomi/Suwayomi/Komikku/Neko）,3Hentai,3hentai.net,bg,NSFW,3Hentai
Mihon系（Mihon/Tachiyomi/Suwayomi/Komikku/Neko）,3Hentai,3hentai.net,is,NSFW,3Hentai
Mihon系（Mihon/Tachiyomi/Suwayomi/Komikku/Neko）,3Hentai,3hentai.net,la,NSFW,3Hentai
Mihon系（Mihon/Tachiyomi/Suwayomi/Komikku/Neko）,3Hentai,3hentai.net,ar,NSFW,3Hentai
Mihon系（Mihon/Tachiyomi/Suwayomi/Komikku/Neko）,Hentai Cosplay,hentai-cosplay-xxx.com,all,NSFW,Hentai Cosplay
Mihon系（Mihon/Tachiyomi/Suwayomi/Komikku/Neko）,HentaiEnvy,hentaienvy.com,en,NSFW,HentaiEnvy
Mihon系（Mihon/Tachiyomi/Suwayomi/Komikku/Neko）,HentaiEnvy,hentaienvy.com,ja,NSFW,HentaiEnvy
Mihon系（Mihon/Tachiyomi/Suwayomi/Komikku/Neko）,HentaiEnvy,hentaienvy.com,es,NSFW,HentaiEnvy
Mihon系（Mihon/Tachiyomi/Suwayomi/Komikku/Neko）,HentaiEnvy,hentaienvy.com,fr,NSFW,HentaiEnvy
Mihon系（Mihon/Tachiyomi/Suwayomi/Komikku/Neko）,HentaiEnvy,hentaienvy.com,ko,NSFW,HentaiEnvy
Mihon系（Mihon/Tachiyomi/Suwayomi/Komikku/Neko）,HentaiEnvy,hentaienvy.com,de,NSFW,HentaiEnvy
Mihon系（Mihon/Tachiyomi/Suwayomi/Komikku/Neko）,HentaiEnvy,hentaienvy.com,ru,NSFW,HentaiEnvy
Mihon系（Mihon/Tachiyomi/Suwayomi/Komikku/Neko）,HentaiEnvy,hentaienvy.com,all,NSFW,HentaiEnvy
Mihon系（Mihon/Tachiyomi/Suwayomi/Komikku/Neko）,HentaiEra,hentaiera.com,en,NSFW,HentaiEra
Mihon系（Mihon/Tachiyomi/Suwayomi/Komikku/Neko）,HentaiEra,hentaiera.com,ja,NSFW,HentaiEra
Mihon系（Mihon/Tachiyomi/Suwayomi/Komikku/Neko）,HentaiEra,hentaiera.com,es,NSFW,HentaiEra
Mihon系（Mihon/Tachiyomi/Suwayomi/Komikku/Neko）,HentaiEra,hentaiera.com,fr,NSFW,HentaiEra
Mihon系（Mihon/Tachiyomi/Suwayomi/Komikku/Neko）,HentaiEra,hentaiera.com,ko,NSFW,HentaiEra
Mihon系（Mihon/Tachiyomi/Suwayomi/Komikku/Neko）,HentaiEra,hentaiera.com,de,NSFW,HentaiEra
Mihon系（Mihon/Tachiyomi/Suwayomi/Komikku/Neko）,HentaiEra,hentaiera.com,ru,NSFW,HentaiEra
Mihon系（Mihon/Tachiyomi/Suwayomi/Komikku/Neko）,HentaiEra,hentaiera.com,all,NSFW,HentaiEra
Mihon系（Mihon/Tachiyomi/Suwayomi/Komikku/Neko）,HentaiFox,hentaifox.com,en,NSFW,HentaiFox
Mihon系（Mihon/Tachiyomi/Suwayomi/Komikku/Neko）,HentaiFox,hentaifox.com,ja,NSFW,HentaiFox
Mihon系（Mihon/Tachiyomi/Suwayomi/Komikku/Neko）,HentaiFox,hentaifox.com,zh,NSFW,HentaiFox
Mihon系（Mihon/Tachiyomi/Suwayomi/Komikku/Neko）,HentaiFox,hentaifox.com,ko,NSFW,HentaiFox
Mihon系（Mihon/Tachiyomi/Suwayomi/Komikku/Neko）,HentaiFox,hentaifox.com,all,NSFW,HentaiFox
Mihon系（Mihon/Tachiyomi/Suwayomi/Komikku/Neko）,HentaiHand,hentaihand.com,all,NSFW,HentaiHand
Mihon系（Mihon/Tachiyomi/Suwayomi/Komikku/Neko）,HentaiHand,hentaihand.com,ja,NSFW,HentaiHand
Mihon系（Mihon/Tachiyomi/Suwayomi/Komikku/Neko）,HentaiHand,hentaihand.com,en,NSFW,HentaiHand
Mihon系（Mihon/Tachiyomi/Suwayomi/Komikku/Neko）,HentaiHand,hentaihand.com,zh,NSFW,HentaiHand
Mihon系（Mihon/Tachiyomi/Suwayomi/Komikku/Neko）,HentaiHand,hentaihand.com,bg,NSFW,HentaiHand
Mihon系（Mihon/Tachiyomi/Suwayomi/Komikku/Neko）,HentaiHand,hentaihand.com,ceb,NSFW,HentaiHand
Mihon系（Mihon/Tachiyomi/Suwayomi/Komikku/Neko）,HentaiHand,hentaihand.com,other,NSFW,HentaiHand
Mihon系（Mihon/Tachiyomi/Suwayomi/Komikku/Neko）,HentaiHand,hentaihand.com,tl,NSFW,HentaiHand
Mihon系（Mihon/Tachiyomi/Suwayomi/Komikku/Neko）,HentaiHand,hentaihand.com,ar,NSFW,HentaiHand
Mihon系（Mihon/Tachiyomi/Suwayomi/Komikku/Neko）,HentaiHand,hentaihand.com,el,NSFW,HentaiHand
Mihon系（Mihon/Tachiyomi/Suwayomi/Komikku/Neko）,HentaiHand,hentaihand.com,sr,NSFW,HentaiHand
Mihon系（Mihon/Tachiyomi/Suwayomi/Komikku/Neko）,HentaiHand,hentaihand.com,jv,NSFW,HentaiHand
Mihon系（Mihon/Tachiyomi/Suwayomi/Komikku/Neko）,HentaiHand,hentaihand.com,uk,NSFW,HentaiHand
Mihon系（Mihon/Tachiyomi/Suwayomi/Komikku/Neko）,HentaiHand,hentaihand.com,tr,NSFW,HentaiHand
Mihon系（Mihon/Tachiyomi/Suwayomi/Komikku/Neko）,HentaiHand,hentaihand.com,fi,NSFW,HentaiHand
Mihon系（Mihon/Tachiyomi/Suwayomi/Komikku/Neko）,HentaiHand,hentaihand.com,la,NSFW,HentaiHand
Mihon系（Mihon/Tachiyomi/Suwayomi/Komikku/Neko）,HentaiHand,hentaihand.com,mn,NSFW,HentaiHand
Mihon系（Mihon/Tachiyomi/Suwayomi/Komikku/Neko）,HentaiHand,hentaihand.com,eo,NSFW,HentaiHand
Mihon系（Mihon/Tachiyomi/Suwayomi/Komikku/Neko）,HentaiHand,hentaihand.com,sk,NSFW,HentaiHand
Mihon系（Mihon/Tachiyomi/Suwayomi/Komikku/Neko）,HentaiHand,hentaihand.com,cs,NSFW,HentaiHand
Mihon系（Mihon/Tachiyomi/Suwayomi/Komikku/Neko）,HentaiHand,hentaihand.com,ko,NSFW,HentaiHand
Mihon系（Mihon/Tachiyomi/Suwayomi/Komikku/Neko）,HentaiHand,hentaihand.com,ru,NSFW,HentaiHand
Mihon系（Mihon/Tachiyomi/Suwayomi/Komikku/Neko）,HentaiHand,hentaihand.com,it,NSFW,HentaiHand
Mihon系（Mihon/Tachiyomi/Suwayomi/Komikku/Neko）,HentaiHand,hentaihand.com,es,NSFW,HentaiHand
Mihon系（Mihon/Tachiyomi/Suwayomi/Komikku/Neko）,HentaiHand,hentaihand.com,pt-BR,NSFW,HentaiHand
Mihon系（Mihon/Tachiyomi/Suwayomi/Komikku/Neko）,HentaiHand,hentaihand.com,th,NSFW,HentaiHand
Mihon系（Mihon/Tachiyomi/Suwayomi/Komikku/Neko）,HentaiHand,hentaihand.com,fr,NSFW,HentaiHand
Mihon系（Mihon/Tachiyomi/Suwayomi/Komikku/Neko）,HentaiHand,hentaihand.com,id,NSFW,HentaiHand
Mihon系（Mihon/Tachiyomi/Suwayomi/Komikku/Neko）,HentaiHand,hentaihand.com,vi,NSFW,HentaiHand
Mihon系（Mihon/Tachiyomi/Suwayomi/Komikku/Neko）,HentaiHand,hentaihand.com,de,NSFW,HentaiHand
Mihon系（Mihon/Tachiyomi/Suwayomi/Komikku/Neko）,HentaiHand,hentaihand.com,pl,NSFW,HentaiHand
Mihon系（Mihon/Tachiyomi/Suwayomi/Komikku/Neko）,HentaiHand,hentaihand.com,hu,NSFW,HentaiHand
Mihon系（Mihon/Tachiyomi/Suwayomi/Komikku/Neko）,HentaiHand,hentaihand.com,nl,NSFW,HentaiHand
Mihon系（Mihon/Tachiyomi/Suwayomi/Komikku/Neko）,HentaiHand,hentaihand.com,hi,NSFW,HentaiHand
Mihon系（Mihon/Tachiyomi/Suwayomi/Komikku/Neko）,HentaiLoop,hentailoop.com,all,NSFW,HentaiLoop
Mihon系（Mihon/Tachiyomi/Suwayomi/Komikku/Neko）,HentaiRox,hentairox.com,en,NSFW,HentaiRox
Mihon系（Mihon/Tachiyomi/Suwayomi/Komikku/Neko）,HentaiRox,hentairox.com,ja,NSFW,HentaiRox
Mihon系（Mihon/Tachiyomi/Suwayomi/Komikku/Neko）,HentaiRox,hentairox.com,zh,NSFW,HentaiRox
Mihon系（Mihon/Tachiyomi/Suwayomi/Komikku/Neko）,HentaiRox,hentairox.com,all,NSFW,HentaiRox
Mihon系（Mihon/Tachiyomi/Suwayomi/Komikku/Neko）,HentaiZap,hentaizap.com,en,NSFW,HentaiZap
Mihon系（Mihon/Tachiyomi/Suwayomi/Komikku/Neko）,HentaiZap,hentaizap.com,ja,NSFW,HentaiZap
Mihon系（Mihon/Tachiyomi/Suwayomi/Komikku/Neko）,HentaiZap,hentaizap.com,es,NSFW,HentaiZap
Mihon系（Mihon/Tachiyomi/Suwayomi/Komikku/Neko）,HentaiZap,hentaizap.com,fr,NSFW,HentaiZap
Mihon系（Mihon/Tachiyomi/Suwayomi/Komikku/Neko）,HentaiZap,hentaizap.com,ko,NSFW,HentaiZap
Mihon系（Mihon/Tachiyomi/Suwayomi/Komikku/Neko）,HentaiZap,hentaizap.com,de,NSFW,HentaiZap
Mihon系（Mihon/Tachiyomi/Suwayomi/Komikku/Neko）,HentaiZap,hentaizap.com,ru,NSFW,HentaiZap
Mihon系（Mihon/Tachiyomi/Suwayomi/Komikku/Neko）,HentaiZap,hentaizap.com,all,NSFW,HentaiZap
Mihon系（Mihon/Tachiyomi/Suwayomi/Komikku/Neko）,HNI-Scantrad,hni-scantrad.net,all,,HNI-Scantrad
Mihon系（Mihon/Tachiyomi/Suwayomi/Komikku/Neko）,HOLONOMETRIA,holoearth.com,ja,,HOLONOMETRIA
Mihon系（Mihon/Tachiyomi/Suwayomi/Komikku/Neko）,HOLONOMETRIA,holoearth.com,en,,HOLONOMETRIA
Mihon系（Mihon/Tachiyomi/Suwayomi/Komikku/Neko）,HOLONOMETRIA,holoearth.com,id,,HOLONOMETRIA
Mihon系（Mihon/Tachiyomi/Suwayomi/Komikku/Neko）,Honeytoon,honeytoon.com,de,,Honeytoon
Mihon系（Mihon/Tachiyomi/Suwayomi/Komikku/Neko）,Honeytoon,honeytoon.com,en,,Honeytoon
Mihon系（Mihon/Tachiyomi/Suwayomi/Komikku/Neko）,Honeytoon,honeytoon.com,es,,Honeytoon
Mihon系（Mihon/Tachiyomi/Suwayomi/Komikku/Neko）,Honeytoon,honeytoon.com,fr,,Honeytoon
Mihon系（Mihon/Tachiyomi/Suwayomi/Komikku/Neko）,Honeytoon,honeytoon.com,it,,Honeytoon
Mihon系（Mihon/Tachiyomi/Suwayomi/Komikku/Neko）,Honeytoon,honeytoon.com,pt-BR,,Honeytoon
Mihon系（Mihon/Tachiyomi/Suwayomi/Komikku/Neko）,IMHentai,imhentai.xxx,en,NSFW,IMHentai
Mihon系（Mihon/Tachiyomi/Suwayomi/Komikku/Neko）,IMHentai,imhentai.xxx,ja,NSFW,IMHentai
Mihon系（Mihon/Tachiyomi/Suwayomi/Komikku/Neko）,IMHentai,imhentai.xxx,es,NSFW,IMHentai
Mihon系（Mihon/Tachiyomi/Suwayomi/Komikku/Neko）,IMHentai,imhentai.xxx,fr,NSFW,IMHentai
Mihon系（Mihon/Tachiyomi/Suwayomi/Komikku/Neko）,IMHentai,imhentai.xxx,ko,NSFW,IMHentai
Mihon系（Mihon/Tachiyomi/Suwayomi/Komikku/Neko）,IMHentai,imhentai.xxx,de,NSFW,IMHentai
Mihon系（Mihon/Tachiyomi/Suwayomi/Komikku/Neko）,IMHentai,imhentai.xxx,ru,NSFW,IMHentai
Mihon系（Mihon/Tachiyomi/Suwayomi/Komikku/Neko）,IMHentai,imhentai.xxx,all,NSFW,IMHentai
Mihon系（Mihon/Tachiyomi/Suwayomi/Komikku/Neko）,izneo,izneo.com,en,,izneo (webtoons)
Mihon系（Mihon/Tachiyomi/Suwayomi/Komikku/Neko）,izneo,izneo.com,fr,,izneo (webtoons)
Mihon系（Mihon/Tachiyomi/Suwayomi/Komikku/Neko）,JJCOS,jjcos.com,all,NSFW,JJCOS
Mihon系（Mihon/Tachiyomi/Suwayomi/Komikku/Neko）,Joymii Hub,joymiihub.com,all,NSFW,Joymii Hub
Mihon系（Mihon/Tachiyomi/Suwayomi/Komikku/Neko）,Junmeitu,meijuntu.com,all,NSFW,Junmeitu
Mihon系（Mihon/Tachiyomi/Suwayomi/Komikku/Neko）,Kagane,kagane.to,en,,Kagane
Mihon系（Mihon/Tachiyomi/Suwayomi/Komikku/Neko）,Kagane,kagane.to,ja,,Kagane
Mihon系（Mihon/Tachiyomi/Suwayomi/Komikku/Neko）,Kagane,kagane.to,ko,,Kagane
Mihon系（Mihon/Tachiyomi/Suwayomi/Komikku/Neko）,Kagane,kagane.to,zh,,Kagane
Mihon系（Mihon/Tachiyomi/Suwayomi/Komikku/Neko）,Kagane,kagane.to,es,,Kagane
Mihon系（Mihon/Tachiyomi/Suwayomi/Komikku/Neko）,Kagane,kagane.to,es-419,,Kagane
Mihon系（Mihon/Tachiyomi/Suwayomi/Komikku/Neko）,Kagane,kagane.to,fr,,Kagane
Mihon系（Mihon/Tachiyomi/Suwayomi/Komikku/Neko）,Kagane,kagane.to,de,,Kagane
Mihon系（Mihon/Tachiyomi/Suwayomi/Komikku/Neko）,Kagane,kagane.to,pt,,Kagane
Mihon系（Mihon/Tachiyomi/Suwayomi/Komikku/Neko）,Kagane,kagane.to,pt-BR,,Kagane
Mihon系（Mihon/Tachiyomi/Suwayomi/Komikku/Neko）,Kagane,kagane.to,ru,,Kagane
Mihon系（Mihon/Tachiyomi/Suwayomi/Komikku/Neko）,Kagane,kagane.to,it,,Kagane
Mihon系（Mihon/Tachiyomi/Suwayomi/Komikku/Neko）,Kagane,kagane.to,id,,Kagane
Mihon系（Mihon/Tachiyomi/Suwayomi/Komikku/Neko）,Kagane,kagane.to,vi,,Kagane
Mihon系（Mihon/Tachiyomi/Suwayomi/Komikku/Neko）,Kagane,kagane.to,th,,Kagane
Mihon系（Mihon/Tachiyomi/Suwayomi/Komikku/Neko）,Kagane,kagane.to,pl,,Kagane
Mihon系（Mihon/Tachiyomi/Suwayomi/Komikku/Neko）,Kagane,kagane.to,hi,,Kagane
Mihon系（Mihon/Tachiyomi/Suwayomi/Komikku/Neko）,Kagane,kagane.to,ar,,Kagane
Mihon系（Mihon/Tachiyomi/Suwayomi/Komikku/Neko）,Kemono,kemono.cr,all,NSFW,Kemono
Mihon系（Mihon/Tachiyomi/Suwayomi/Komikku/Neko）,Kiutaku,kiutaku.com,all,NSFW,Kiutaku
Mihon系（Mihon/Tachiyomi/Suwayomi/Komikku/Neko）,Kodoku Studio,kodokustudio.com,all,,Kodoku Studio
Mihon系（Mihon/Tachiyomi/Suwayomi/Komikku/Neko）,SchaleNetwork,schale.network,all,NSFW,SchaleNetwork
Mihon系（Mihon/Tachiyomi/Suwayomi/Komikku/Neko）,SchaleNetwork,schale.network,en,NSFW,SchaleNetwork
Mihon系（Mihon/Tachiyomi/Suwayomi/Komikku/Neko）,SchaleNetwork,schale.network,ja,NSFW,SchaleNetwork
Mihon系（Mihon/Tachiyomi/Suwayomi/Komikku/Neko）,SchaleNetwork,schale.network,zh,NSFW,SchaleNetwork
Mihon系（Mihon/Tachiyomi/Suwayomi/Komikku/Neko）,Komga,127.0.0.1,all,,Komga
Mihon系（Mihon/Tachiyomi/Suwayomi/Komikku/Neko）,Komga (2),127.0.0.1,all,,Komga
Mihon系（Mihon/Tachiyomi/Suwayomi/Komikku/Neko）,Komga (3),127.0.0.1,all,,Komga
Mihon系（Mihon/Tachiyomi/Suwayomi/Komikku/Neko）,LANraragi (1),127.0.0.1,all,,LANraragi
Mihon系（Mihon/Tachiyomi/Suwayomi/Komikku/Neko）,LANraragi (2),127.0.0.1,all,,LANraragi
Mihon系（Mihon/Tachiyomi/Suwayomi/Komikku/Neko）,League of Legends,universe.leagueoflegends.com,en,,League of Legends
Mihon系（Mihon/Tachiyomi/Suwayomi/Komikku/Neko）,League of Legends,universe.leagueoflegends.com,de,,League of Legends
Mihon系（Mihon/Tachiyomi/Suwayomi/Komikku/Neko）,League of Legends,universe.leagueoflegends.com,es,,League of Legends
Mihon系（Mihon/Tachiyomi/Suwayomi/Komikku/Neko）,League of Legends,universe.leagueoflegends.com,fr,,League of Legends
Mihon系（Mihon/Tachiyomi/Suwayomi/Komikku/Neko）,League of Legends,universe.leagueoflegends.com,it,,League of Legends
Mihon系（Mihon/Tachiyomi/Suwayomi/Komikku/Neko）,League of Legends,universe.leagueoflegends.com,pl,,League of Legends
Mihon系（Mihon/Tachiyomi/Suwayomi/Komikku/Neko）,League of Legends,universe.leagueoflegends.com,el,,League of Legends
Mihon系（Mihon/Tachiyomi/Suwayomi/Komikku/Neko）,League of Legends,universe.leagueoflegends.com,ro,,League of Legends
Mihon系（Mihon/Tachiyomi/Suwayomi/Komikku/Neko）,League of Legends,universe.leagueoflegends.com,hu,,League of Legends
Mihon系（Mihon/Tachiyomi/Suwayomi/Komikku/Neko）,League of Legends,universe.leagueoflegends.com,cs,,League of Legends
Mihon系（Mihon/Tachiyomi/Suwayomi/Komikku/Neko）,League of Legends,universe.leagueoflegends.com,es-419,,League of Legends
Mihon系（Mihon/Tachiyomi/Suwayomi/Komikku/Neko）,League of Legends,universe.leagueoflegends.com,pt-BR,,League of Legends
Mihon系（Mihon/Tachiyomi/Suwayomi/Komikku/Neko）,League of Legends,universe.leagueoflegends.com,ja,,League of Legends
Mihon系（Mihon/Tachiyomi/Suwayomi/Komikku/Neko）,League of Legends,universe.leagueoflegends.com,ru,,League of Legends
Mihon系（Mihon/Tachiyomi/Suwayomi/Komikku/Neko）,League of Legends,universe.leagueoflegends.com,tr,,League of Legends
Mihon系（Mihon/Tachiyomi/Suwayomi/Komikku/Neko）,League of Legends,universe.leagueoflegends.com,ko,,League of Legends
Mihon系（Mihon/Tachiyomi/Suwayomi/Komikku/Neko）,Lunar Manga,lunarx.to,all,,Lunar Manga
Mihon系（Mihon/Tachiyomi/Suwayomi/Komikku/Neko）,Lunar Manga,lunarx.to,en,,Lunar Manga
Mihon系（Mihon/Tachiyomi/Suwayomi/Komikku/Neko）,Lunar Manga,lunarx.to,ar,,Lunar Manga
Mihon系（Mihon/Tachiyomi/Suwayomi/Komikku/Neko）,Lunar Manga,lunarx.to,bg,,Lunar Manga
Mihon系（Mihon/Tachiyomi/Suwayomi/Komikku/Neko）,Lunar Manga,lunarx.to,bn,,Lunar Manga
Mihon系（Mihon/Tachiyomi/Suwayomi/Komikku/Neko）,Lunar Manga,lunarx.to,da,,Lunar Manga
Mihon系（Mihon/Tachiyomi/Suwayomi/Komikku/Neko）,Lunar Manga,lunarx.to,de,,Lunar Manga
Mihon系（Mihon/Tachiyomi/Suwayomi/Komikku/Neko）,Lunar Manga,lunarx.to,es,,Lunar Manga
Mihon系（Mihon/Tachiyomi/Suwayomi/Komikku/Neko）,Lunar Manga,lunarx.to,es-419,,Lunar Manga
Mihon系（Mihon/Tachiyomi/Suwayomi/Komikku/Neko）,Lunar Manga,lunarx.to,fa,,Lunar Manga
Mihon系（Mihon/Tachiyomi/Suwayomi/Komikku/Neko）,Lunar Manga,lunarx.to,fi,,Lunar Manga
Mihon系（Mihon/Tachiyomi/Suwayomi/Komikku/Neko）,Lunar Manga,lunarx.to,fr,,Lunar Manga
Mihon系（Mihon/Tachiyomi/Suwayomi/Komikku/Neko）,Lunar Manga,lunarx.to,he,,Lunar Manga
Mihon系（Mihon/Tachiyomi/Suwayomi/Komikku/Neko）,Lunar Manga,lunarx.to,hi,,Lunar Manga
Mihon系（Mihon/Tachiyomi/Suwayomi/Komikku/Neko）,Lunar Manga,lunarx.to,id,,Lunar Manga
Mihon系（Mihon/Tachiyomi/Suwayomi/Komikku/Neko）,Lunar Manga,lunarx.to,it,,Lunar Manga
Mihon系（Mihon/Tachiyomi/Suwayomi/Komikku/Neko）,Lunar Manga,lunarx.to,ja,,Lunar Manga
Mihon系（Mihon/Tachiyomi/Suwayomi/Komikku/Neko）,Lunar Manga,lunarx.to,ko,,Lunar Manga
Mihon系（Mihon/Tachiyomi/Suwayomi/Komikku/Neko）,Lunar Manga,lunarx.to,ms,,Lunar Manga
Mihon系（Mihon/Tachiyomi/Suwayomi/Komikku/Neko）,Lunar Manga,lunarx.to,nl,,Lunar Manga
Mihon系（Mihon/Tachiyomi/Suwayomi/Komikku/Neko）,Lunar Manga,lunarx.to,no,,Lunar Manga
Mihon系（Mihon/Tachiyomi/Suwayomi/Komikku/Neko）,Lunar Manga,lunarx.to,pl,,Lunar Manga
Mihon系（Mihon/Tachiyomi/Suwayomi/Komikku/Neko）,Lunar Manga,lunarx.to,pt,,Lunar Manga
Mihon系（Mihon/Tachiyomi/Suwayomi/Komikku/Neko）,Lunar Manga,lunarx.to,pt-BR,,Lunar Manga
Mihon系（Mihon/Tachiyomi/Suwayomi/Komikku/Neko）,Lunar Manga,lunarx.to,ru,,Lunar Manga
Mihon系（Mihon/Tachiyomi/Suwayomi/Komikku/Neko）,Lunar Manga,lunarx.to,sv,,Lunar Manga
Mihon系（Mihon/Tachiyomi/Suwayomi/Komikku/Neko）,Lunar Manga,lunarx.to,th,,Lunar Manga
Mihon系（Mihon/Tachiyomi/Suwayomi/Komikku/Neko）,Lunar Manga,lunarx.to,tl,,Lunar Manga
Mihon系（Mihon/Tachiyomi/Suwayomi/Komikku/Neko）,Lunar Manga,lunarx.to,tr,,Lunar Manga
Mihon系（Mihon/Tachiyomi/Suwayomi/Komikku/Neko）,Lunar Manga,lunarx.to,ur,,Lunar Manga
Mihon系（Mihon/Tachiyomi/Suwayomi/Komikku/Neko）,Lunar Manga,lunarx.to,vi,,Lunar Manga
Mihon系（Mihon/Tachiyomi/Suwayomi/Komikku/Neko）,Lunar Manga,lunarx.to,zh,,Lunar Manga
Mihon系（Mihon/Tachiyomi/Suwayomi/Komikku/Neko）,Luscious,luscious.net,en,NSFW,Luscious
Mihon系（Mihon/Tachiyomi/Suwayomi/Komikku/Neko）,Luscious,luscious.net,ja,NSFW,Luscious
Mihon系（Mihon/Tachiyomi/Suwayomi/Komikku/Neko）,Luscious,luscious.net,es,NSFW,Luscious
Mihon系（Mihon/Tachiyomi/Suwayomi/Komikku/Neko）,Luscious,luscious.net,it,NSFW,Luscious
Mihon系（Mihon/Tachiyomi/Suwayomi/Komikku/Neko）,Luscious,luscious.net,de,NSFW,Luscious
Mihon系（Mihon/Tachiyomi/Suwayomi/Komikku/Neko）,Luscious,luscious.net,fr,NSFW,Luscious
Mihon系（Mihon/Tachiyomi/Suwayomi/Komikku/Neko）,Luscious,luscious.net,zh,NSFW,Luscious
Mihon系（Mihon/Tachiyomi/Suwayomi/Komikku/Neko）,Luscious,luscious.net,ko,NSFW,Luscious
Mihon系（Mihon/Tachiyomi/Suwayomi/Komikku/Neko）,Luscious,luscious.net,other,NSFW,Luscious
Mihon系（Mihon/Tachiyomi/Suwayomi/Komikku/Neko）,Luscious,luscious.net,th,NSFW,Luscious
Mihon系（Mihon/Tachiyomi/Suwayomi/Komikku/Neko）,Luscious,luscious.net,all,NSFW,Luscious
Mihon系（Mihon/Tachiyomi/Suwayomi/Komikku/Neko）,Luscious,luscious.net,pt-BR,NSFW,Luscious
Mihon系（Mihon/Tachiyomi/Suwayomi/Komikku/Neko）,Magical Translators,mahoushoujobu.com,en,,Magical Translators
Mihon系（Mihon/Tachiyomi/Suwayomi/Komikku/Neko）,Magical Translators,mahoushoujobu.com,es,,Magical Translators
Mihon系（Mihon/Tachiyomi/Suwayomi/Komikku/Neko）,Magical Translators,mahoushoujobu.com,pl,,Magical Translators
Mihon系（Mihon/Tachiyomi/Suwayomi/Komikku/Neko）,Manga18fx,manga18fx.com,all,NSFW,Manga18fx
Mihon系（Mihon/Tachiyomi/Suwayomi/Komikku/Neko）,Manga18fx,manga18fx.com,en,NSFW,Manga18fx
Mihon系（Mihon/Tachiyomi/Suwayomi/Komikku/Neko）,Manga18.me,manga18.me,all,NSFW,Manga18Me
Mihon系（Mihon/Tachiyomi/Suwayomi/Komikku/Neko）,Manga18.me,manga18.me,en,NSFW,Manga18Me
Mihon系（Mihon/Tachiyomi/Suwayomi/Komikku/Neko）,Manga Ball,mangaball.net,ar,,Manga Ball
Mihon系（Mihon/Tachiyomi/Suwayomi/Komikku/Neko）,Manga Ball,mangaball.net,bg,,Manga Ball
Mihon系（Mihon/Tachiyomi/Suwayomi/Komikku/Neko）,Manga Ball,mangaball.net,bn,,Manga Ball
Mihon系（Mihon/Tachiyomi/Suwayomi/Komikku/Neko）,Manga Ball,mangaball.net,ca,,Manga Ball
Mihon系（Mihon/Tachiyomi/Suwayomi/Komikku/Neko）,Manga Ball,mangaball.net,cs,,Manga Ball
Mihon系（Mihon/Tachiyomi/Suwayomi/Komikku/Neko）,Manga Ball,mangaball.net,da,,Manga Ball
Mihon系（Mihon/Tachiyomi/Suwayomi/Komikku/Neko）,Manga Ball,mangaball.net,de,,Manga Ball
Mihon系（Mihon/Tachiyomi/Suwayomi/Komikku/Neko）,Manga Ball,mangaball.net,el,,Manga Ball
Mihon系（Mihon/Tachiyomi/Suwayomi/Komikku/Neko）,Manga Ball,mangaball.net,en,,Manga Ball
Mihon系（Mihon/Tachiyomi/Suwayomi/Komikku/Neko）,Manga Ball,mangaball.net,es,,Manga Ball
Mihon系（Mihon/Tachiyomi/Suwayomi/Komikku/Neko）,Manga Ball,mangaball.net,fa,,Manga Ball
Mihon系（Mihon/Tachiyomi/Suwayomi/Komikku/Neko）,Manga Ball,mangaball.net,fi,,Manga Ball
Mihon系（Mihon/Tachiyomi/Suwayomi/Komikku/Neko）,Manga Ball,mangaball.net,fr,,Manga Ball
Mihon系（Mihon/Tachiyomi/Suwayomi/Komikku/Neko）,Manga Ball,mangaball.net,he,,Manga Ball
Mihon系（Mihon/Tachiyomi/Suwayomi/Komikku/Neko）,Manga Ball,mangaball.net,hi,,Manga Ball
Mihon系（Mihon/Tachiyomi/Suwayomi/Komikku/Neko）,Manga Ball,mangaball.net,hu,,Manga Ball
Mihon系（Mihon/Tachiyomi/Suwayomi/Komikku/Neko）,Manga Ball,mangaball.net,id,,Manga Ball
Mihon系（Mihon/Tachiyomi/Suwayomi/Komikku/Neko）,Manga Ball,mangaball.net,it,,Manga Ball
Mihon系（Mihon/Tachiyomi/Suwayomi/Komikku/Neko）,Manga Ball,mangaball.net,is,,Manga Ball
Mihon系（Mihon/Tachiyomi/Suwayomi/Komikku/Neko）,Manga Ball,mangaball.net,ja,,Manga Ball
Mihon系（Mihon/Tachiyomi/Suwayomi/Komikku/Neko）,Manga Ball,mangaball.net,ko,,Manga Ball
Mihon系（Mihon/Tachiyomi/Suwayomi/Komikku/Neko）,Manga Ball,mangaball.net,kn,,Manga Ball
Mihon系（Mihon/Tachiyomi/Suwayomi/Komikku/Neko）,Manga Ball,mangaball.net,ml,,Manga Ball
Mihon系（Mihon/Tachiyomi/Suwayomi/Komikku/Neko）,Manga Ball,mangaball.net,ms,,Manga Ball
Mihon系（Mihon/Tachiyomi/Suwayomi/Komikku/Neko）,Manga Ball,mangaball.net,ne,,Manga Ball
Mihon系（Mihon/Tachiyomi/Suwayomi/Komikku/Neko）,Manga Ball,mangaball.net,nl,,Manga Ball
Mihon系（Mihon/Tachiyomi/Suwayomi/Komikku/Neko）,Manga Ball,mangaball.net,no,,Manga Ball
Mihon系（Mihon/Tachiyomi/Suwayomi/Komikku/Neko）,Manga Ball,mangaball.net,pl,,Manga Ball
Mihon系（Mihon/Tachiyomi/Suwayomi/Komikku/Neko）,Manga Ball,mangaball.net,pt-BR,,Manga Ball
Mihon系（Mihon/Tachiyomi/Suwayomi/Komikku/Neko）,Manga Ball,mangaball.net,ro,,Manga Ball
Mihon系（Mihon/Tachiyomi/Suwayomi/Komikku/Neko）,Manga Ball,mangaball.net,ru,,Manga Ball
Mihon系（Mihon/Tachiyomi/Suwayomi/Komikku/Neko）,Manga Ball,mangaball.net,sk,,Manga Ball
Mihon系（Mihon/Tachiyomi/Suwayomi/Komikku/Neko）,Manga Ball,mangaball.net,sl,,Manga Ball
Mihon系（Mihon/Tachiyomi/Suwayomi/Komikku/Neko）,Manga Ball,mangaball.net,sq,,Manga Ball
Mihon系（Mihon/Tachiyomi/Suwayomi/Komikku/Neko）,Manga Ball,mangaball.net,sr,,Manga Ball
Mihon系（Mihon/Tachiyomi/Suwayomi/Komikku/Neko）,Manga Ball,mangaball.net,sv,,Manga Ball
Mihon系（Mihon/Tachiyomi/Suwayomi/Komikku/Neko）,Manga Ball,mangaball.net,ta,,Manga Ball
Mihon系（Mihon/Tachiyomi/Suwayomi/Komikku/Neko）,Manga Ball,mangaball.net,th,,Manga Ball
Mihon系（Mihon/Tachiyomi/Suwayomi/Komikku/Neko）,Manga Ball,mangaball.net,tr,,Manga Ball
Mihon系（Mihon/Tachiyomi/Suwayomi/Komikku/Neko）,Manga Ball,mangaball.net,uk,,Manga Ball
Mihon系（Mihon/Tachiyomi/Suwayomi/Komikku/Neko）,Manga Ball,mangaball.net,vi,,Manga Ball
Mihon系（Mihon/Tachiyomi/Suwayomi/Komikku/Neko）,Manga Ball,mangaball.net,zh,,Manga Ball
Mihon系（Mihon/Tachiyomi/Suwayomi/Komikku/Neko）,MangaCrazy,mangacrazy.net,all,NSFW,MangaCrazy
Mihon系（Mihon/Tachiyomi/Suwayomi/Komikku/Neko）,MangaDex,mangadex.org,af,,MangaDex
Mihon系（Mihon/Tachiyomi/Suwayomi/Komikku/Neko）,MangaDex,mangadex.org,sq,,MangaDex
Mihon系（Mihon/Tachiyomi/Suwayomi/Komikku/Neko）,MangaDex,mangadex.org,ar,,MangaDex
Mihon系（Mihon/Tachiyomi/Suwayomi/Komikku/Neko）,MangaDex,mangadex.org,az,,MangaDex
Mihon系（Mihon/Tachiyomi/Suwayomi/Komikku/Neko）,MangaDex,mangadex.org,eu,,MangaDex
Mihon系（Mihon/Tachiyomi/Suwayomi/Komikku/Neko）,MangaDex,mangadex.org,be,,MangaDex
Mihon系（Mihon/Tachiyomi/Suwayomi/Komikku/Neko）,MangaDex,mangadex.org,bn,,MangaDex
Mihon系（Mihon/Tachiyomi/Suwayomi/Komikku/Neko）,MangaDex,mangadex.org,bg,,MangaDex
Mihon系（Mihon/Tachiyomi/Suwayomi/Komikku/Neko）,MangaDex,mangadex.org,my,,MangaDex
Mihon系（Mihon/Tachiyomi/Suwayomi/Komikku/Neko）,MangaDex,mangadex.org,ca,,MangaDex
Mihon系（Mihon/Tachiyomi/Suwayomi/Komikku/Neko）,MangaDex,mangadex.org,zh-Hans,,MangaDex
Mihon系（Mihon/Tachiyomi/Suwayomi/Komikku/Neko）,MangaDex,mangadex.org,zh-Hant,,MangaDex
Mihon系（Mihon/Tachiyomi/Suwayomi/Komikku/Neko）,MangaDex,mangadex.org,cv,,MangaDex
Mihon系（Mihon/Tachiyomi/Suwayomi/Komikku/Neko）,MangaDex,mangadex.org,hr,,MangaDex
Mihon系（Mihon/Tachiyomi/Suwayomi/Komikku/Neko）,MangaDex,mangadex.org,cs,,MangaDex
Mihon系（Mihon/Tachiyomi/Suwayomi/Komikku/Neko）,MangaDex,mangadex.org,da,,MangaDex
Mihon系（Mihon/Tachiyomi/Suwayomi/Komikku/Neko）,MangaDex,mangadex.org,nl,,MangaDex
Mihon系（Mihon/Tachiyomi/Suwayomi/Komikku/Neko）,MangaDex,mangadex.org,en,,MangaDex
Mihon系（Mihon/Tachiyomi/Suwayomi/Komikku/Neko）,MangaDex,mangadex.org,eo,,MangaDex
Mihon系（Mihon/Tachiyomi/Suwayomi/Komikku/Neko）,MangaDex,mangadex.org,et,,MangaDex
Mihon系（Mihon/Tachiyomi/Suwayomi/Komikku/Neko）,MangaDex,mangadex.org,fil,,MangaDex
Mihon系（Mihon/Tachiyomi/Suwayomi/Komikku/Neko）,MangaDex,mangadex.org,fi,,MangaDex
Mihon系（Mihon/Tachiyomi/Suwayomi/Komikku/Neko）,MangaDex,mangadex.org,fr,,MangaDex
Mihon系（Mihon/Tachiyomi/Suwayomi/Komikku/Neko）,MangaDex,mangadex.org,ka,,MangaDex
Mihon系（Mihon/Tachiyomi/Suwayomi/Komikku/Neko）,MangaDex,mangadex.org,de,,MangaDex
Mihon系（Mihon/Tachiyomi/Suwayomi/Komikku/Neko）,MangaDex,mangadex.org,el,,MangaDex
Mihon系（Mihon/Tachiyomi/Suwayomi/Komikku/Neko）,MangaDex,mangadex.org,he,,MangaDex
Mihon系（Mihon/Tachiyomi/Suwayomi/Komikku/Neko）,MangaDex,mangadex.org,hi,,MangaDex
Mihon系（Mihon/Tachiyomi/Suwayomi/Komikku/Neko）,MangaDex,mangadex.org,hu,,MangaDex
Mihon系（Mihon/Tachiyomi/Suwayomi/Komikku/Neko）,MangaDex,mangadex.org,ga,,MangaDex
Mihon系（Mihon/Tachiyomi/Suwayomi/Komikku/Neko）,MangaDex,mangadex.org,id,,MangaDex
Mihon系（Mihon/Tachiyomi/Suwayomi/Komikku/Neko）,MangaDex,mangadex.org,it,,MangaDex
Mihon系（Mihon/Tachiyomi/Suwayomi/Komikku/Neko）,MangaDex,mangadex.org,ja,,MangaDex
Mihon系（Mihon/Tachiyomi/Suwayomi/Komikku/Neko）,MangaDex,mangadex.org,jv,,MangaDex
Mihon系（Mihon/Tachiyomi/Suwayomi/Komikku/Neko）,MangaDex,mangadex.org,kk,,MangaDex
Mihon系（Mihon/Tachiyomi/Suwayomi/Komikku/Neko）,MangaDex,mangadex.org,ko,,MangaDex
Mihon系（Mihon/Tachiyomi/Suwayomi/Komikku/Neko）,MangaDex,mangadex.org,la,,MangaDex
Mihon系（Mihon/Tachiyomi/Suwayomi/Komikku/Neko）,MangaDex,mangadex.org,lt,,MangaDex
Mihon系（Mihon/Tachiyomi/Suwayomi/Komikku/Neko）,MangaDex,mangadex.org,ms,,MangaDex
Mihon系（Mihon/Tachiyomi/Suwayomi/Komikku/Neko）,MangaDex,mangadex.org,mn,,MangaDex
Mihon系（Mihon/Tachiyomi/Suwayomi/Komikku/Neko）,MangaDex,mangadex.org,ne,,MangaDex
Mihon系（Mihon/Tachiyomi/Suwayomi/Komikku/Neko）,MangaDex,mangadex.org,no,,MangaDex
Mihon系（Mihon/Tachiyomi/Suwayomi/Komikku/Neko）,MangaDex,mangadex.org,fa,,MangaDex
Mihon系（Mihon/Tachiyomi/Suwayomi/Komikku/Neko）,MangaDex,mangadex.org,pl,,MangaDex
Mihon系（Mihon/Tachiyomi/Suwayomi/Komikku/Neko）,MangaDex,mangadex.org,pt-BR,,MangaDex
Mihon系（Mihon/Tachiyomi/Suwayomi/Komikku/Neko）,MangaDex,mangadex.org,pt,,MangaDex
Mihon系（Mihon/Tachiyomi/Suwayomi/Komikku/Neko）,MangaDex,mangadex.org,ro,,MangaDex
Mihon系（Mihon/Tachiyomi/Suwayomi/Komikku/Neko）,MangaDex,mangadex.org,ru,,MangaDex
Mihon系（Mihon/Tachiyomi/Suwayomi/Komikku/Neko）,MangaDex,mangadex.org,sr,,MangaDex
Mihon系（Mihon/Tachiyomi/Suwayomi/Komikku/Neko）,MangaDex,mangadex.org,sk,,MangaDex
Mihon系（Mihon/Tachiyomi/Suwayomi/Komikku/Neko）,MangaDex,mangadex.org,es-419,,MangaDex
Mihon系（Mihon/Tachiyomi/Suwayomi/Komikku/Neko）,MangaDex,mangadex.org,es,,MangaDex
Mihon系（Mihon/Tachiyomi/Suwayomi/Komikku/Neko）,MangaDex,mangadex.org,sv,,MangaDex
Mihon系（Mihon/Tachiyomi/Suwayomi/Komikku/Neko）,MangaDex,mangadex.org,ta,,MangaDex
Mihon系（Mihon/Tachiyomi/Suwayomi/Komikku/Neko）,MangaDex,mangadex.org,te,,MangaDex
Mihon系（Mihon/Tachiyomi/Suwayomi/Komikku/Neko）,MangaDex,mangadex.org,th,,MangaDex
Mihon系（Mihon/Tachiyomi/Suwayomi/Komikku/Neko）,MangaDex,mangadex.org,tr,,MangaDex
Mihon系（Mihon/Tachiyomi/Suwayomi/Komikku/Neko）,MangaDex,mangadex.org,uk,,MangaDex
Mihon系（Mihon/Tachiyomi/Suwayomi/Komikku/Neko）,MangaDex,mangadex.org,ur,,MangaDex
Mihon系（Mihon/Tachiyomi/Suwayomi/Komikku/Neko）,MangaDex,mangadex.org,uz,,MangaDex
Mihon系（Mihon/Tachiyomi/Suwayomi/Komikku/Neko）,MangaDex,mangadex.org,vi,,MangaDex
Mihon系（Mihon/Tachiyomi/Suwayomi/Komikku/Neko）,MangaDNA,mangadna.com,en,,MangaDNA
Mihon系（Mihon/Tachiyomi/Suwayomi/Komikku/Neko）,MangaDNA,mangadna.com,all,,MangaDNA
Mihon系（Mihon/Tachiyomi/Suwayomi/Komikku/Neko）,MangaDraft,mangadraft.com,all,,Manga Draft
Mihon系（Mihon/Tachiyomi/Suwayomi/Komikku/Neko）,MangaFire,mangafire.to,en,,MangaFire
Mihon系（Mihon/Tachiyomi/Suwayomi/Komikku/Neko）,MangaFire,mangafire.to,es,,MangaFire
Mihon系（Mihon/Tachiyomi/Suwayomi/Komikku/Neko）,MangaFire,mangafire.to,es-419,,MangaFire
Mihon系（Mihon/Tachiyomi/Suwayomi/Komikku/Neko）,MangaFire,mangafire.to,fr,,MangaFire
Mihon系（Mihon/Tachiyomi/Suwayomi/Komikku/Neko）,MangaFire,mangafire.to,ja,,MangaFire
Mihon系（Mihon/Tachiyomi/Suwayomi/Komikku/Neko）,MangaFire,mangafire.to,pt,,MangaFire
Mihon系（Mihon/Tachiyomi/Suwayomi/Komikku/Neko）,MangaFire,mangafire.to,pt-BR,,MangaFire
Mihon系（Mihon/Tachiyomi/Suwayomi/Komikku/Neko）,MangaForFree.net,mangaforfree.net,en,NSFW,MangaForFree.net
Mihon系（Mihon/Tachiyomi/Suwayomi/Komikku/Neko）,MangaForFree.net,mangaforfree.net,ko,NSFW,MangaForFree.net
Mihon系（Mihon/Tachiyomi/Suwayomi/Komikku/Neko）,MangaForFree.net,mangaforfree.net,all,NSFW,MangaForFree.net
Mihon系（Mihon/Tachiyomi/Suwayomi/Komikku/Neko）,Manga Million,mangamillion.shueisha.co.jp,en,,Manga Million
Mihon系（Mihon/Tachiyomi/Suwayomi/Komikku/Neko）,Manga Million,mangamillion.shueisha.co.jp,zh-TW,,Manga Million
Mihon系（Mihon/Tachiyomi/Suwayomi/Komikku/Neko）,Manga Million,mangamillion.shueisha.co.jp,th,,Manga Million
Mihon系（Mihon/Tachiyomi/Suwayomi/Komikku/Neko）,Manga Million,mangamillion.shueisha.co.jp,fr,,Manga Million
Mihon系（Mihon/Tachiyomi/Suwayomi/Komikku/Neko）,Manga Million,mangamillion.shueisha.co.jp,ko-KR,,Manga Million
Mihon系（Mihon/Tachiyomi/Suwayomi/Komikku/Neko）,Manga Million,mangamillion.shueisha.co.jp,es,,Manga Million
Mihon系（Mihon/Tachiyomi/Suwayomi/Komikku/Neko）,Manga Million,mangamillion.shueisha.co.jp,it,,Manga Million
Mihon系（Mihon/Tachiyomi/Suwayomi/Komikku/Neko）,Manga Million,mangamillion.shueisha.co.jp,de,,Manga Million
Mihon系（Mihon/Tachiyomi/Suwayomi/Komikku/Neko）,Manga Million,mangamillion.shueisha.co.jp,pt-BR,,Manga Million
Mihon系（Mihon/Tachiyomi/Suwayomi/Komikku/Neko）,Manga Million,mangamillion.shueisha.co.jp,es-MX,,Manga Million
Mihon系（Mihon/Tachiyomi/Suwayomi/Komikku/Neko）,Manga Million,mangamillion.shueisha.co.jp,zh-CN,,Manga Million
Mihon系（Mihon/Tachiyomi/Suwayomi/Komikku/Neko）,Manga Million,mangamillion.shueisha.co.jp,es-AR,,Manga Million
Mihon系（Mihon/Tachiyomi/Suwayomi/Komikku/Neko）,Manga Million,mangamillion.shueisha.co.jp,pl,,Manga Million
Mihon系（Mihon/Tachiyomi/Suwayomi/Komikku/Neko）,Manga Million,mangamillion.shueisha.co.jp,vi,,Manga Million
Mihon系（Mihon/Tachiyomi/Suwayomi/Komikku/Neko）,Manga Million,mangamillion.shueisha.co.jp,el,,Manga Million
Mihon系（Mihon/Tachiyomi/Suwayomi/Komikku/Neko）,Manga Million,mangamillion.shueisha.co.jp,sv,,Manga Million
Mihon系（Mihon/Tachiyomi/Suwayomi/Komikku/Neko）,Manga Million,mangamillion.shueisha.co.jp,tl,,Manga Million
Mihon系（Mihon/Tachiyomi/Suwayomi/Komikku/Neko）,Manga Million,mangamillion.shueisha.co.jp,id,,Manga Million
Mihon系（Mihon/Tachiyomi/Suwayomi/Komikku/Neko）,Manga Million,mangamillion.shueisha.co.jp,hi,,Manga Million
Mihon系（Mihon/Tachiyomi/Suwayomi/Komikku/Neko）,Manga Million,mangamillion.shueisha.co.jp,km,,Manga Million
Mihon系（Mihon/Tachiyomi/Suwayomi/Komikku/Neko）,Manga Million,mangamillion.shueisha.co.jp,tr,,Manga Million
Mihon系（Mihon/Tachiyomi/Suwayomi/Komikku/Neko）,Manga Million,mangamillion.shueisha.co.jp,zh-HK,,Manga Million
Mihon系（Mihon/Tachiyomi/Suwayomi/Komikku/Neko）,Manga Million,mangamillion.shueisha.co.jp,cs,,Manga Million
Mihon系（Mihon/Tachiyomi/Suwayomi/Komikku/Neko）,Manga Million,mangamillion.shueisha.co.jp,ru,,Manga Million
Mihon系（Mihon/Tachiyomi/Suwayomi/Komikku/Neko）,Manga Million,mangamillion.shueisha.co.jp,pt,,Manga Million
Mihon系（Mihon/Tachiyomi/Suwayomi/Komikku/Neko）,Manga Million,mangamillion.shueisha.co.jp,ar,,Manga Million
Mihon系（Mihon/Tachiyomi/Suwayomi/Komikku/Neko）,Manga Million,mangamillion.shueisha.co.jp,ca,,Manga Million
Mihon系（Mihon/Tachiyomi/Suwayomi/Komikku/Neko）,Manga Million,mangamillion.shueisha.co.jp,zu,,Manga Million
Mihon系（Mihon/Tachiyomi/Suwayomi/Komikku/Neko）,Manga Million,mangamillion.shueisha.co.jp,hu,,Manga Million
Mihon系（Mihon/Tachiyomi/Suwayomi/Komikku/Neko）,Manga Million,mangamillion.shueisha.co.jp,fi,,Manga Million
Mihon系（Mihon/Tachiyomi/Suwayomi/Komikku/Neko）,Manga Million,mangamillion.shueisha.co.jp,sr,,Manga Million
Mihon系（Mihon/Tachiyomi/Suwayomi/Komikku/Neko）,Manga Million,mangamillion.shueisha.co.jp,ro,,Manga Million
Mihon系（Mihon/Tachiyomi/Suwayomi/Komikku/Neko）,Manga Million,mangamillion.shueisha.co.jp,ms,,Manga Million
Mihon系（Mihon/Tachiyomi/Suwayomi/Komikku/Neko）,Manga Million,mangamillion.shueisha.co.jp,nl,,Manga Million
Mihon系（Mihon/Tachiyomi/Suwayomi/Komikku/Neko）,Manga Million,mangamillion.shueisha.co.jp,da,,Manga Million
Mihon系（Mihon/Tachiyomi/Suwayomi/Komikku/Neko）,Manga Million,mangamillion.shueisha.co.jp,no,,Manga Million
Mihon系（Mihon/Tachiyomi/Suwayomi/Komikku/Neko）,Manga Million,mangamillion.shueisha.co.jp,af,,Manga Million
Mihon系（Mihon/Tachiyomi/Suwayomi/Komikku/Neko）,Manga Million,mangamillion.shueisha.co.jp,am,,Manga Million
Mihon系（Mihon/Tachiyomi/Suwayomi/Komikku/Neko）,Manga Million,mangamillion.shueisha.co.jp,as,,Manga Million
Mihon系（Mihon/Tachiyomi/Suwayomi/Komikku/Neko）,Manga Million,mangamillion.shueisha.co.jp,be,,Manga Million
Mihon系（Mihon/Tachiyomi/Suwayomi/Komikku/Neko）,Manga Million,mangamillion.shueisha.co.jp,bg,,Manga Million
Mihon系（Mihon/Tachiyomi/Suwayomi/Komikku/Neko）,Manga Million,mangamillion.shueisha.co.jp,bho,,Manga Million
Mihon系（Mihon/Tachiyomi/Suwayomi/Komikku/Neko）,Manga Million,mangamillion.shueisha.co.jp,bo,,Manga Million
Mihon系（Mihon/Tachiyomi/Suwayomi/Komikku/Neko）,Manga Million,mangamillion.shueisha.co.jp,ceb,,Manga Million
Mihon系（Mihon/Tachiyomi/Suwayomi/Komikku/Neko）,Manga Million,mangamillion.shueisha.co.jp,cnr,,Manga Million
Mihon系（Mihon/Tachiyomi/Suwayomi/Komikku/Neko）,Manga Million,mangamillion.shueisha.co.jp,cy,,Manga Million
Mihon系（Mihon/Tachiyomi/Suwayomi/Komikku/Neko）,Manga Million,mangamillion.shueisha.co.jp,doi,,Manga Million
Mihon系（Mihon/Tachiyomi/Suwayomi/Komikku/Neko）,Manga Million,mangamillion.shueisha.co.jp,dv,,Manga Million
Mihon系（Mihon/Tachiyomi/Suwayomi/Komikku/Neko）,Manga Million,mangamillion.shueisha.co.jp,ee,,Manga Million
Mihon系（Mihon/Tachiyomi/Suwayomi/Komikku/Neko）,Manga Million,mangamillion.shueisha.co.jp,et,,Manga Million
Mihon系（Mihon/Tachiyomi/Suwayomi/Komikku/Neko）,Manga Million,mangamillion.shueisha.co.jp,eu,,Manga Million
Mihon系（Mihon/Tachiyomi/Suwayomi/Komikku/Neko）,Manga Million,mangamillion.shueisha.co.jp,ga,,Manga Million
Mihon系（Mihon/Tachiyomi/Suwayomi/Komikku/Neko）,Manga Million,mangamillion.shueisha.co.jp,gl,,Manga Million
Mihon系（Mihon/Tachiyomi/Suwayomi/Komikku/Neko）,Manga Million,mangamillion.shueisha.co.jp,gn,,Manga Million
Mihon系（Mihon/Tachiyomi/Suwayomi/Komikku/Neko）,Manga Million,mangamillion.shueisha.co.jp,gu,,Manga Million
Mihon系（Mihon/Tachiyomi/Suwayomi/Komikku/Neko）,Manga Million,mangamillion.shueisha.co.jp,haw,,Manga Million
Mihon系（Mihon/Tachiyomi/Suwayomi/Komikku/Neko）,Manga Million,mangamillion.shueisha.co.jp,he,,Manga Million
Mihon系（Mihon/Tachiyomi/Suwayomi/Komikku/Neko）,Manga Million,mangamillion.shueisha.co.jp,hmn,,Manga Million
Mihon系（Mihon/Tachiyomi/Suwayomi/Komikku/Neko）,Manga Million,mangamillion.shueisha.co.jp,hr,,Manga Million
Mihon系（Mihon/Tachiyomi/Suwayomi/Komikku/Neko）,Manga Million,mangamillion.shueisha.co.jp,hy,,Manga Million
Mihon系（Mihon/Tachiyomi/Suwayomi/Komikku/Neko）,Manga Million,mangamillion.shueisha.co.jp,ig,,Manga Million
Mihon系（Mihon/Tachiyomi/Suwayomi/Komikku/Neko）,Manga Million,mangamillion.shueisha.co.jp,ilo,,Manga Million
Mihon系（Mihon/Tachiyomi/Suwayomi/Komikku/Neko）,Manga Million,mangamillion.shueisha.co.jp,is,,Manga Million
Mihon系（Mihon/Tachiyomi/Suwayomi/Komikku/Neko）,Manga Million,mangamillion.shueisha.co.jp,ka,,Manga Million
Mihon系（Mihon/Tachiyomi/Suwayomi/Komikku/Neko）,Manga Million,mangamillion.shueisha.co.jp,kn,,Manga Million
Mihon系（Mihon/Tachiyomi/Suwayomi/Komikku/Neko）,Manga Million,mangamillion.shueisha.co.jp,kok,,Manga Million
Mihon系（Mihon/Tachiyomi/Suwayomi/Komikku/Neko）,Manga Million,mangamillion.shueisha.co.jp,la,,Manga Million
Mihon系（Mihon/Tachiyomi/Suwayomi/Komikku/Neko）,Manga Million,mangamillion.shueisha.co.jp,lb,,Manga Million
Mihon系（Mihon/Tachiyomi/Suwayomi/Komikku/Neko）,Manga Million,mangamillion.shueisha.co.jp,lg,,Manga Million
Mihon系（Mihon/Tachiyomi/Suwayomi/Komikku/Neko）,Manga Million,mangamillion.shueisha.co.jp,ln,,Manga Million
Mihon系（Mihon/Tachiyomi/Suwayomi/Komikku/Neko）,Manga Million,mangamillion.shueisha.co.jp,lo,,Manga Million
Mihon系（Mihon/Tachiyomi/Suwayomi/Komikku/Neko）,Manga Million,mangamillion.shueisha.co.jp,lt,,Manga Million
Mihon系（Mihon/Tachiyomi/Suwayomi/Komikku/Neko）,Manga Million,mangamillion.shueisha.co.jp,lus,,Manga Million
Mihon系（Mihon/Tachiyomi/Suwayomi/Komikku/Neko）,Manga Million,mangamillion.shueisha.co.jp,lv,,Manga Million
Mihon系（Mihon/Tachiyomi/Suwayomi/Komikku/Neko）,Manga Million,mangamillion.shueisha.co.jp,mai,,Manga Million
Mihon系（Mihon/Tachiyomi/Suwayomi/Komikku/Neko）,Manga Million,mangamillion.shueisha.co.jp,mg,,Manga Million
Mihon系（Mihon/Tachiyomi/Suwayomi/Komikku/Neko）,Manga Million,mangamillion.shueisha.co.jp,mi,,Manga Million
Mihon系（Mihon/Tachiyomi/Suwayomi/Komikku/Neko）,Manga Million,mangamillion.shueisha.co.jp,mk,,Manga Million
Mihon系（Mihon/Tachiyomi/Suwayomi/Komikku/Neko）,Manga Million,mangamillion.shueisha.co.jp,ml,,Manga Million
Mihon系（Mihon/Tachiyomi/Suwayomi/Komikku/Neko）,Manga Million,mangamillion.shueisha.co.jp,mn,,Manga Million
Mihon系（Mihon/Tachiyomi/Suwayomi/Komikku/Neko）,Manga Million,mangamillion.shueisha.co.jp,mni,,Manga Million
Mihon系（Mihon/Tachiyomi/Suwayomi/Komikku/Neko）,Manga Million,mangamillion.shueisha.co.jp,mr,,Manga Million
Mihon系（Mihon/Tachiyomi/Suwayomi/Komikku/Neko）,Manga Million,mangamillion.shueisha.co.jp,mt,,Manga Million
Mihon系（Mihon/Tachiyomi/Suwayomi/Komikku/Neko）,Manga Million,mangamillion.shueisha.co.jp,mww,,Manga Million
Mihon系（Mihon/Tachiyomi/Suwayomi/Komikku/Neko）,Manga Million,mangamillion.shueisha.co.jp,my,,Manga Million
Mihon系（Mihon/Tachiyomi/Suwayomi/Komikku/Neko）,Manga Million,mangamillion.shueisha.co.jp,ne,,Manga Million
Mihon系（Mihon/Tachiyomi/Suwayomi/Komikku/Neko）,Manga Million,mangamillion.shueisha.co.jp,nso,,Manga Million
Mihon系（Mihon/Tachiyomi/Suwayomi/Komikku/Neko）,Manga Million,mangamillion.shueisha.co.jp,ny,,Manga Million
Mihon系（Mihon/Tachiyomi/Suwayomi/Komikku/Neko）,Manga Million,mangamillion.shueisha.co.jp,or,,Manga Million
Mihon系（Mihon/Tachiyomi/Suwayomi/Komikku/Neko）,Manga Million,mangamillion.shueisha.co.jp,pa,,Manga Million
Mihon系（Mihon/Tachiyomi/Suwayomi/Komikku/Neko）,Manga Million,mangamillion.shueisha.co.jp,qu,,Manga Million
Mihon系（Mihon/Tachiyomi/Suwayomi/Komikku/Neko）,Manga Million,mangamillion.shueisha.co.jp,ro-MD,,Manga Million
Mihon系（Mihon/Tachiyomi/Suwayomi/Komikku/Neko）,Manga Million,mangamillion.shueisha.co.jp,rw,,Manga Million
Mihon系（Mihon/Tachiyomi/Suwayomi/Komikku/Neko）,Manga Million,mangamillion.shueisha.co.jp,sa,,Manga Million
Mihon系（Mihon/Tachiyomi/Suwayomi/Komikku/Neko）,Manga Million,mangamillion.shueisha.co.jp,sd,,Manga Million
Mihon系（Mihon/Tachiyomi/Suwayomi/Komikku/Neko）,Manga Million,mangamillion.shueisha.co.jp,si,,Manga Million
Mihon系（Mihon/Tachiyomi/Suwayomi/Komikku/Neko）,Manga Million,mangamillion.shueisha.co.jp,sk,,Manga Million
Mihon系（Mihon/Tachiyomi/Suwayomi/Komikku/Neko）,Manga Million,mangamillion.shueisha.co.jp,sl,,Manga Million
Mihon系（Mihon/Tachiyomi/Suwayomi/Komikku/Neko）,Manga Million,mangamillion.shueisha.co.jp,sm,,Manga Million
Mihon系（Mihon/Tachiyomi/Suwayomi/Komikku/Neko）,Manga Million,mangamillion.shueisha.co.jp,sn,,Manga Million
Mihon系（Mihon/Tachiyomi/Suwayomi/Komikku/Neko）,Manga Million,mangamillion.shueisha.co.jp,sw,,Manga Million
Mihon系（Mihon/Tachiyomi/Suwayomi/Komikku/Neko）,Manga Million,mangamillion.shueisha.co.jp,ta,,Manga Million
Mihon系（Mihon/Tachiyomi/Suwayomi/Komikku/Neko）,Manga Million,mangamillion.shueisha.co.jp,te,,Manga Million
Mihon系（Mihon/Tachiyomi/Suwayomi/Komikku/Neko）,Manga Million,mangamillion.shueisha.co.jp,ts,,Manga Million
Mihon系（Mihon/Tachiyomi/Suwayomi/Komikku/Neko）,Manga Million,mangamillion.shueisha.co.jp,uk,,Manga Million
Mihon系（Mihon/Tachiyomi/Suwayomi/Komikku/Neko）,Manga Million,mangamillion.shueisha.co.jp,xh,,Manga Million
Mihon系（Mihon/Tachiyomi/Suwayomi/Komikku/Neko）,Manga Million,mangamillion.shueisha.co.jp,yi,,Manga Million
Mihon系（Mihon/Tachiyomi/Suwayomi/Komikku/Neko）,Manga Million,mangamillion.shueisha.co.jp,yo,,Manga Million
Mihon系（Mihon/Tachiyomi/Suwayomi/Komikku/Neko）,MANGA Plus by SHUEISHA,mangaplus.shueisha.co.jp,en,,MANGA Plus by SHUEISHA
Mihon系（Mihon/Tachiyomi/Suwayomi/Komikku/Neko）,MANGA Plus by SHUEISHA,mangaplus.shueisha.co.jp,es,,MANGA Plus by SHUEISHA
Mihon系（Mihon/Tachiyomi/Suwayomi/Komikku/Neko）,MANGA Plus by SHUEISHA,mangaplus.shueisha.co.jp,fr,,MANGA Plus by SHUEISHA
Mihon系（Mihon/Tachiyomi/Suwayomi/Komikku/Neko）,MANGA Plus by SHUEISHA,mangaplus.shueisha.co.jp,id,,MANGA Plus by SHUEISHA
Mihon系（Mihon/Tachiyomi/Suwayomi/Komikku/Neko）,MANGA Plus by SHUEISHA,mangaplus.shueisha.co.jp,pt-BR,,MANGA Plus by SHUEISHA
Mihon系（Mihon/Tachiyomi/Suwayomi/Komikku/Neko）,MANGA Plus by SHUEISHA,mangaplus.shueisha.co.jp,ru,,MANGA Plus by SHUEISHA
Mihon系（Mihon/Tachiyomi/Suwayomi/Komikku/Neko）,MANGA Plus by SHUEISHA,mangaplus.shueisha.co.jp,th,,MANGA Plus by SHUEISHA
Mihon系（Mihon/Tachiyomi/Suwayomi/Komikku/Neko）,MANGA Plus by SHUEISHA,mangaplus.shueisha.co.jp,vi,,MANGA Plus by SHUEISHA
Mihon系（Mihon/Tachiyomi/Suwayomi/Komikku/Neko）,MANGA Plus by SHUEISHA,mangaplus.shueisha.co.jp,de,,MANGA Plus by SHUEISHA
Mihon系（Mihon/Tachiyomi/Suwayomi/Komikku/Neko）,MANGA Plus Creators by SHUEISHA,mangaplus-creators.jp,en,,MANGA Plus Creators by SHUEISHA
Mihon系（Mihon/Tachiyomi/Suwayomi/Komikku/Neko）,MANGA Plus Creators by SHUEISHA,mangaplus-creators.jp,es,,MANGA Plus Creators by SHUEISHA
Mihon系（Mihon/Tachiyomi/Suwayomi/Komikku/Neko）,MangaTaro,mangataro.org,en,,MangaTaro
Mihon系（Mihon/Tachiyomi/Suwayomi/Komikku/Neko）,MangaToon (Limited),mangatoon.mobi,zh,,MangaToon (Limited)
Mihon系（Mihon/Tachiyomi/Suwayomi/Komikku/Neko）,MangaToon (Limited),mangatoon.mobi,en,,MangaToon (Limited)
Mihon系（Mihon/Tachiyomi/Suwayomi/Komikku/Neko）,MangaToon (Limited),mangatoon.mobi,id,,MangaToon (Limited)
Mihon系（Mihon/Tachiyomi/Suwayomi/Komikku/Neko）,MangaToon (Limited),mangatoon.mobi,vi,,MangaToon (Limited)
Mihon系（Mihon/Tachiyomi/Suwayomi/Komikku/Neko）,MangaToon (Limited),mangatoon.mobi,es,,MangaToon (Limited)
Mihon系（Mihon/Tachiyomi/Suwayomi/Komikku/Neko）,MangaToon (Limited),mangatoon.mobi,th,,MangaToon (Limited)
Mihon系（Mihon/Tachiyomi/Suwayomi/Komikku/Neko）,MangaToon (Limited),mangatoon.mobi,fr,,MangaToon (Limited)
Mihon系（Mihon/Tachiyomi/Suwayomi/Komikku/Neko）,MangaToon (Limited),mangatoon.mobi,ja,,MangaToon (Limited)
Mihon系（Mihon/Tachiyomi/Suwayomi/Komikku/Neko）,MangaToon (Limited),mangatoon.mobi,pt-BR,,MangaToon (Limited)
Mihon系（Mihon/Tachiyomi/Suwayomi/Komikku/Neko）,Manga UP!,global.manga-up.com,en,,Manga UP!
Mihon系（Mihon/Tachiyomi/Suwayomi/Komikku/Neko）,Mango,127.0.0.1,en,,Mango
Mihon系（Mihon/Tachiyomi/Suwayomi/Komikku/Neko）,Manhuarm,manhuarmtl.com,ar,,Manhuarm
Mihon系（Mihon/Tachiyomi/Suwayomi/Komikku/Neko）,Manhuarm,manhuarmtl.com,en,,Manhuarm
Mihon系（Mihon/Tachiyomi/Suwayomi/Komikku/Neko）,Manhuarm,manhuarmtl.com,es,,Manhuarm
Mihon系（Mihon/Tachiyomi/Suwayomi/Komikku/Neko）,Manhuarm,manhuarmtl.com,fr,,Manhuarm
Mihon系（Mihon/Tachiyomi/Suwayomi/Komikku/Neko）,Manhuarm,manhuarmtl.com,id,,Manhuarm
Mihon系（Mihon/Tachiyomi/Suwayomi/Komikku/Neko）,Manhuarm,manhuarmtl.com,it,,Manhuarm
Mihon系（Mihon/Tachiyomi/Suwayomi/Komikku/Neko）,Manhuarm,manhuarmtl.com,pt-BR,,Manhuarm
Mihon系（Mihon/Tachiyomi/Suwayomi/Komikku/Neko）,Manhwa18.cc,manhwa18.cc,en,NSFW,Manhwa18.cc
Mihon系（Mihon/Tachiyomi/Suwayomi/Komikku/Neko）,Manhwa18.cc,manhwa18.cc,ko,NSFW,Manhwa18.cc
Mihon系（Mihon/Tachiyomi/Suwayomi/Komikku/Neko）,Manhwa18.cc,manhwa18.cc,all,NSFW,Manhwa18.cc
Mihon系（Mihon/Tachiyomi/Suwayomi/Komikku/Neko）,Manhwa18.Net,manhwa18.net,en,NSFW,Manhwa18.net
Mihon系（Mihon/Tachiyomi/Suwayomi/Komikku/Neko）,ManhwaClub.net,manhwaclub.net,en,NSFW,ManhwaClub.net
Mihon系（Mihon/Tachiyomi/Suwayomi/Komikku/Neko）,ManhwaClub.net,manhwaclub.net,ko,NSFW,ManhwaClub.net
Mihon系（Mihon/Tachiyomi/Suwayomi/Komikku/Neko）,Manhwa-raw,manhwa-raw.com,all,NSFW,Manhwa-raw
Mihon系（Mihon/Tachiyomi/Suwayomi/Komikku/Neko）,Manta,manta.net,en,,Manta Comics
Mihon系（Mihon/Tachiyomi/Suwayomi/Komikku/Neko）,Manta,manta.net,es,,Manta Comics
Mihon系（Mihon/Tachiyomi/Suwayomi/Komikku/Neko）,MayoTune,mayochuu.xyz,en,,MayoTune
Mihon系（Mihon/Tachiyomi/Suwayomi/Komikku/Neko）,MayoTune,mayochuu.xyz,ja,,MayoTune
Mihon系（Mihon/Tachiyomi/Suwayomi/Komikku/Neko）,Metart Hunter,metarthunter.com,all,NSFW,Metart Hunter
Mihon系（Mihon/Tachiyomi/Suwayomi/Komikku/Neko）,Miau Scan,leemiau.com,es,,Miau Scan
Mihon系（Mihon/Tachiyomi/Suwayomi/Komikku/Neko）,Miau Scan,leemiau.com,pt-BR,,Miau Scan
Mihon系（Mihon/Tachiyomi/Suwayomi/Komikku/Neko）,MissKon,misskon.com,all,NSFW,MissKon
Mihon系（Mihon/Tachiyomi/Suwayomi/Komikku/Neko）,Mitaku,mitaku.net,all,NSFW,Mitaku
Mihon系（Mihon/Tachiyomi/Suwayomi/Komikku/Neko）,MyReadingManga,myreadingmanga.info,ar,NSFW,MyReadingManga
Mihon系（Mihon/Tachiyomi/Suwayomi/Komikku/Neko）,MyReadingManga,myreadingmanga.info,id,NSFW,MyReadingManga
Mihon系（Mihon/Tachiyomi/Suwayomi/Komikku/Neko）,MyReadingManga,myreadingmanga.info,zh,NSFW,MyReadingManga
Mihon系（Mihon/Tachiyomi/Suwayomi/Komikku/Neko）,MyReadingManga,myreadingmanga.info,en,NSFW,MyReadingManga
Mihon系（Mihon/Tachiyomi/Suwayomi/Komikku/Neko）,MyReadingManga,myreadingmanga.info,de,NSFW,MyReadingManga
Mihon系（Mihon/Tachiyomi/Suwayomi/Komikku/Neko）,MyReadingManga,myreadingmanga.info,it,NSFW,MyReadingManga
Mihon系（Mihon/Tachiyomi/Suwayomi/Komikku/Neko）,MyReadingManga,myreadingmanga.info,ja,NSFW,MyReadingManga
Mihon系（Mihon/Tachiyomi/Suwayomi/Komikku/Neko）,MyReadingManga,myreadingmanga.info,ko,NSFW,MyReadingManga
Mihon系（Mihon/Tachiyomi/Suwayomi/Komikku/Neko）,MyReadingManga,myreadingmanga.info,pt-BR,NSFW,MyReadingManga
Mihon系（Mihon/Tachiyomi/Suwayomi/Komikku/Neko）,MyReadingManga,myreadingmanga.info,ru,NSFW,MyReadingManga
Mihon系（Mihon/Tachiyomi/Suwayomi/Komikku/Neko）,MyReadingManga,myreadingmanga.info,es,NSFW,MyReadingManga
Mihon系（Mihon/Tachiyomi/Suwayomi/Komikku/Neko）,MyReadingManga,myreadingmanga.info,tr,NSFW,MyReadingManga
Mihon系（Mihon/Tachiyomi/Suwayomi/Komikku/Neko）,MyReadingManga,myreadingmanga.info,vi,NSFW,MyReadingManga
Mihon系（Mihon/Tachiyomi/Suwayomi/Komikku/Neko）,NamiComi,namicomi.com,en,,NamiComi
Mihon系（Mihon/Tachiyomi/Suwayomi/Komikku/Neko）,NamiComi,namicomi.com,ar,,NamiComi
Mihon系（Mihon/Tachiyomi/Suwayomi/Komikku/Neko）,NamiComi,namicomi.com,bg,,NamiComi
Mihon系（Mihon/Tachiyomi/Suwayomi/Komikku/Neko）,NamiComi,namicomi.com,ca,,NamiComi
Mihon系（Mihon/Tachiyomi/Suwayomi/Komikku/Neko）,NamiComi,namicomi.com,zh-Hans,,NamiComi
Mihon系（Mihon/Tachiyomi/Suwayomi/Komikku/Neko）,NamiComi,namicomi.com,zh-Hant,,NamiComi
Mihon系（Mihon/Tachiyomi/Suwayomi/Komikku/Neko）,NamiComi,namicomi.com,hr,,NamiComi
Mihon系（Mihon/Tachiyomi/Suwayomi/Komikku/Neko）,NamiComi,namicomi.com,cs,,NamiComi
Mihon系（Mihon/Tachiyomi/Suwayomi/Komikku/Neko）,NamiComi,namicomi.com,da,,NamiComi
Mihon系（Mihon/Tachiyomi/Suwayomi/Komikku/Neko）,NamiComi,namicomi.com,nl,,NamiComi
Mihon系（Mihon/Tachiyomi/Suwayomi/Komikku/Neko）,NamiComi,namicomi.com,et,,NamiComi
Mihon系（Mihon/Tachiyomi/Suwayomi/Komikku/Neko）,NamiComi,namicomi.com,fil,,NamiComi
Mihon系（Mihon/Tachiyomi/Suwayomi/Komikku/Neko）,NamiComi,namicomi.com,fi,,NamiComi
Mihon系（Mihon/Tachiyomi/Suwayomi/Komikku/Neko）,NamiComi,namicomi.com,fr,,NamiComi
Mihon系（Mihon/Tachiyomi/Suwayomi/Komikku/Neko）,NamiComi,namicomi.com,de,,NamiComi
Mihon系（Mihon/Tachiyomi/Suwayomi/Komikku/Neko）,NamiComi,namicomi.com,el,,NamiComi
Mihon系（Mihon/Tachiyomi/Suwayomi/Komikku/Neko）,NamiComi,namicomi.com,he,,NamiComi
Mihon系（Mihon/Tachiyomi/Suwayomi/Komikku/Neko）,NamiComi,namicomi.com,hi,,NamiComi
Mihon系（Mihon/Tachiyomi/Suwayomi/Komikku/Neko）,NamiComi,namicomi.com,hu,,NamiComi
Mihon系（Mihon/Tachiyomi/Suwayomi/Komikku/Neko）,NamiComi,namicomi.com,is,,NamiComi
Mihon系（Mihon/Tachiyomi/Suwayomi/Komikku/Neko）,NamiComi,namicomi.com,ga,,NamiComi
Mihon系（Mihon/Tachiyomi/Suwayomi/Komikku/Neko）,NamiComi,namicomi.com,id,,NamiComi
Mihon系（Mihon/Tachiyomi/Suwayomi/Komikku/Neko）,NamiComi,namicomi.com,it,,NamiComi
Mihon系（Mihon/Tachiyomi/Suwayomi/Komikku/Neko）,NamiComi,namicomi.com,ja,,NamiComi
Mihon系（Mihon/Tachiyomi/Suwayomi/Komikku/Neko）,NamiComi,namicomi.com,ko,,NamiComi
Mihon系（Mihon/Tachiyomi/Suwayomi/Komikku/Neko）,NamiComi,namicomi.com,lt,,NamiComi
Mihon系（Mihon/Tachiyomi/Suwayomi/Komikku/Neko）,NamiComi,namicomi.com,ms,,NamiComi
Mihon系（Mihon/Tachiyomi/Suwayomi/Komikku/Neko）,NamiComi,namicomi.com,ne,,NamiComi
Mihon系（Mihon/Tachiyomi/Suwayomi/Komikku/Neko）,NamiComi,namicomi.com,no,,NamiComi
Mihon系（Mihon/Tachiyomi/Suwayomi/Komikku/Neko）,NamiComi,namicomi.com,pa,,NamiComi
Mihon系（Mihon/Tachiyomi/Suwayomi/Komikku/Neko）,NamiComi,namicomi.com,fa,,NamiComi
Mihon系（Mihon/Tachiyomi/Suwayomi/Komikku/Neko）,NamiComi,namicomi.com,pl,,NamiComi
Mihon系（Mihon/Tachiyomi/Suwayomi/Komikku/Neko）,NamiComi,namicomi.com,pt-BR,,NamiComi
Mihon系（Mihon/Tachiyomi/Suwayomi/Komikku/Neko）,NamiComi,namicomi.com,pt,,NamiComi
Mihon系（Mihon/Tachiyomi/Suwayomi/Komikku/Neko）,NamiComi,namicomi.com,ru,,NamiComi
Mihon系（Mihon/Tachiyomi/Suwayomi/Komikku/Neko）,NamiComi,namicomi.com,sk,,NamiComi
Mihon系（Mihon/Tachiyomi/Suwayomi/Komikku/Neko）,NamiComi,namicomi.com,sl,,NamiComi
Mihon系（Mihon/Tachiyomi/Suwayomi/Komikku/Neko）,NamiComi,namicomi.com,es-419,,NamiComi
Mihon系（Mihon/Tachiyomi/Suwayomi/Komikku/Neko）,NamiComi,namicomi.com,es,,NamiComi
Mihon系（Mihon/Tachiyomi/Suwayomi/Komikku/Neko）,NamiComi,namicomi.com,sv,,NamiComi
Mihon系（Mihon/Tachiyomi/Suwayomi/Komikku/Neko）,NamiComi,namicomi.com,th,,NamiComi
Mihon系（Mihon/Tachiyomi/Suwayomi/Komikku/Neko）,NamiComi,namicomi.com,tr,,NamiComi
Mihon系（Mihon/Tachiyomi/Suwayomi/Komikku/Neko）,NamiComi,namicomi.com,uk,,NamiComi
Mihon系（Mihon/Tachiyomi/Suwayomi/Komikku/Neko）,nHentai.com (unoriginal),nhentai.com,all,NSFW,nHentai.com (unoriginal)
Mihon系（Mihon/Tachiyomi/Suwayomi/Komikku/Neko）,nHentai.com (unoriginal),nhentai.com,zh,NSFW,nHentai.com (unoriginal)
Mihon系（Mihon/Tachiyomi/Suwayomi/Komikku/Neko）,nHentai.com (unoriginal),nhentai.com,en,NSFW,nHentai.com (unoriginal)
Mihon系（Mihon/Tachiyomi/Suwayomi/Komikku/Neko）,nHentai.com (unoriginal),nhentai.com,ja,NSFW,nHentai.com (unoriginal)
Mihon系（Mihon/Tachiyomi/Suwayomi/Komikku/Neko）,nHentai.com (unoriginal),nhentai.com,other,NSFW,nHentai.com (unoriginal)
Mihon系（Mihon/Tachiyomi/Suwayomi/Komikku/Neko）,nHentai.com (unoriginal),nhentai.com,ar,NSFW,nHentai.com (unoriginal)
Mihon系（Mihon/Tachiyomi/Suwayomi/Komikku/Neko）,nHentai.com (unoriginal),nhentai.com,jv,NSFW,nHentai.com (unoriginal)
Mihon系（Mihon/Tachiyomi/Suwayomi/Komikku/Neko）,nHentai.com (unoriginal),nhentai.com,bg,NSFW,nHentai.com (unoriginal)
Mihon系（Mihon/Tachiyomi/Suwayomi/Komikku/Neko）,nHentai.com (unoriginal),nhentai.com,cs,NSFW,nHentai.com (unoriginal)
Mihon系（Mihon/Tachiyomi/Suwayomi/Komikku/Neko）,nHentai.com (unoriginal),nhentai.com,uk,NSFW,nHentai.com (unoriginal)
Mihon系（Mihon/Tachiyomi/Suwayomi/Komikku/Neko）,nHentai.com (unoriginal),nhentai.com,sk,NSFW,nHentai.com (unoriginal)
Mihon系（Mihon/Tachiyomi/Suwayomi/Komikku/Neko）,nHentai.com (unoriginal),nhentai.com,eo,NSFW,nHentai.com (unoriginal)
Mihon系（Mihon/Tachiyomi/Suwayomi/Komikku/Neko）,nHentai.com (unoriginal),nhentai.com,mn,NSFW,nHentai.com (unoriginal)
Mihon系（Mihon/Tachiyomi/Suwayomi/Komikku/Neko）,nHentai.com (unoriginal),nhentai.com,la,NSFW,nHentai.com (unoriginal)
Mihon系（Mihon/Tachiyomi/Suwayomi/Komikku/Neko）,nHentai.com (unoriginal),nhentai.com,ceb,NSFW,nHentai.com (unoriginal)
Mihon系（Mihon/Tachiyomi/Suwayomi/Komikku/Neko）,nHentai.com (unoriginal),nhentai.com,tl,NSFW,nHentai.com (unoriginal)
Mihon系（Mihon/Tachiyomi/Suwayomi/Komikku/Neko）,nHentai.com (unoriginal),nhentai.com,fi,NSFW,nHentai.com (unoriginal)
Mihon系（Mihon/Tachiyomi/Suwayomi/Komikku/Neko）,nHentai.com (unoriginal),nhentai.com,tr,NSFW,nHentai.com (unoriginal)
Mihon系（Mihon/Tachiyomi/Suwayomi/Komikku/Neko）,nHentai.com (unoriginal),nhentai.com,sr,NSFW,nHentai.com (unoriginal)
Mihon系（Mihon/Tachiyomi/Suwayomi/Komikku/Neko）,nHentai.com (unoriginal),nhentai.com,el,NSFW,nHentai.com (unoriginal)
Mihon系（Mihon/Tachiyomi/Suwayomi/Komikku/Neko）,nHentai.com (unoriginal),nhentai.com,ko,NSFW,nHentai.com (unoriginal)
Mihon系（Mihon/Tachiyomi/Suwayomi/Komikku/Neko）,nHentai.com (unoriginal),nhentai.com,ro,NSFW,nHentai.com (unoriginal)
Mihon系（Mihon/Tachiyomi/Suwayomi/Komikku/Neko）,NHentai.to,nhentai.to,en,NSFW,NHentai.to
Mihon系（Mihon/Tachiyomi/Suwayomi/Komikku/Neko）,NHentai.to,nhentai.to,ja,NSFW,NHentai.to
Mihon系（Mihon/Tachiyomi/Suwayomi/Komikku/Neko）,NHentai.to,nhentai.to,zh,NSFW,NHentai.to
Mihon系（Mihon/Tachiyomi/Suwayomi/Komikku/Neko）,NHentai.to,nhentai.to,ko,NSFW,NHentai.to
Mihon系（Mihon/Tachiyomi/Suwayomi/Komikku/Neko）,NHentai.to,nhentai.to,all,NSFW,NHentai.to
Mihon系（Mihon/Tachiyomi/Suwayomi/Komikku/Neko）,NHentai.xxx,nhentai.xxx,en,NSFW,NHentai.xxx
Mihon系（Mihon/Tachiyomi/Suwayomi/Komikku/Neko）,NHentai.xxx,nhentai.xxx,ja,NSFW,NHentai.xxx
Mihon系（Mihon/Tachiyomi/Suwayomi/Komikku/Neko）,NHentai.xxx,nhentai.xxx,zh,NSFW,NHentai.xxx
Mihon系（Mihon/Tachiyomi/Suwayomi/Komikku/Neko）,NHentai.xxx,nhentai.xxx,all,NSFW,NHentai.xxx
Mihon系（Mihon/Tachiyomi/Suwayomi/Komikku/Neko）,Niadd,br.niadd.com,pt-BR,,Niadd
Mihon系（Mihon/Tachiyomi/Suwayomi/Komikku/Neko）,Niadd,niadd.com,en,,Niadd
Mihon系（Mihon/Tachiyomi/Suwayomi/Komikku/Neko）,Niadd,es.niadd.com,es,,Niadd
Mihon系（Mihon/Tachiyomi/Suwayomi/Komikku/Neko）,Niadd,it.niadd.com,it,,Niadd
Mihon系（Mihon/Tachiyomi/Suwayomi/Komikku/Neko）,Niadd,ru.niadd.com,ru,,Niadd
Mihon系（Mihon/Tachiyomi/Suwayomi/Komikku/Neko）,Niadd,de.niadd.com,de,,Niadd
Mihon系（Mihon/Tachiyomi/Suwayomi/Komikku/Neko）,Niadd,fr.niadd.com,fr,,Niadd
Mihon系（Mihon/Tachiyomi/Suwayomi/Komikku/Neko）,NovelCool,novelcool.com,en,,NovelCool
Mihon系（Mihon/Tachiyomi/Suwayomi/Komikku/Neko）,NovelCool,es.novelcool.com,es,,NovelCool
Mihon系（Mihon/Tachiyomi/Suwayomi/Komikku/Neko）,NovelCool,de.novelcool.com,de,,NovelCool
Mihon系（Mihon/Tachiyomi/Suwayomi/Komikku/Neko）,NovelCool,ru.novelcool.com,ru,,NovelCool
Mihon系（Mihon/Tachiyomi/Suwayomi/Komikku/Neko）,NovelCool,it.novelcool.com,it,,NovelCool
Mihon系（Mihon/Tachiyomi/Suwayomi/Komikku/Neko）,NovelCool,br.novelcool.com,pt-BR,,NovelCool
Mihon系（Mihon/Tachiyomi/Suwayomi/Komikku/Neko）,NovelCool,fr.novelcool.com,fr,,NovelCool
Mihon系（Mihon/Tachiyomi/Suwayomi/Komikku/Neko）,One Piece Fans,one-piece-fans2.com,es,,One Piece Fans
Mihon系（Mihon/Tachiyomi/Suwayomi/Komikku/Neko）,One Piece Fans,one-piece-fans2.com,en,,One Piece Fans
Mihon系（Mihon/Tachiyomi/Suwayomi/Komikku/Neko）,OniSaga,onisaga.com,all,,OniSaga
Mihon系（Mihon/Tachiyomi/Suwayomi/Komikku/Neko）,OniSaga,onisaga.com,en,,OniSaga
Mihon系（Mihon/Tachiyomi/Suwayomi/Komikku/Neko）,OniSaga,onisaga.com,fr,,OniSaga
Mihon系（Mihon/Tachiyomi/Suwayomi/Komikku/Neko）,OniSaga,onisaga.com,ja,,OniSaga
Mihon系（Mihon/Tachiyomi/Suwayomi/Komikku/Neko）,OniSaga,onisaga.com,pt-BR,,OniSaga
Mihon系（Mihon/Tachiyomi/Suwayomi/Komikku/Neko）,OniSaga,onisaga.com,pt,,OniSaga
Mihon系（Mihon/Tachiyomi/Suwayomi/Komikku/Neko）,OniSaga,onisaga.com,es-419,,OniSaga
Mihon系（Mihon/Tachiyomi/Suwayomi/Komikku/Neko）,OniSaga,onisaga.com,es,,OniSaga
Mihon系（Mihon/Tachiyomi/Suwayomi/Komikku/Neko）,OSOSEDKI,ososedki.com,all,NSFW,OSOSEDKI
Mihon系（Mihon/Tachiyomi/Suwayomi/Komikku/Neko）,PandaChaika,panda.chaika.moe,all,NSFW,PandaChaika
Mihon系（Mihon/Tachiyomi/Suwayomi/Komikku/Neko）,PandaChaika,panda.chaika.moe,en,NSFW,PandaChaika
Mihon系（Mihon/Tachiyomi/Suwayomi/Komikku/Neko）,PandaChaika,panda.chaika.moe,zh,NSFW,PandaChaika
Mihon系（Mihon/Tachiyomi/Suwayomi/Komikku/Neko）,PandaChaika,panda.chaika.moe,ko,NSFW,PandaChaika
Mihon系（Mihon/Tachiyomi/Suwayomi/Komikku/Neko）,PandaChaika,panda.chaika.moe,es,NSFW,PandaChaika
Mihon系（Mihon/Tachiyomi/Suwayomi/Komikku/Neko）,PandaChaika,panda.chaika.moe,ru,NSFW,PandaChaika
Mihon系（Mihon/Tachiyomi/Suwayomi/Komikku/Neko）,PandaChaika,panda.chaika.moe,pt,NSFW,PandaChaika
Mihon系（Mihon/Tachiyomi/Suwayomi/Komikku/Neko）,PandaChaika,panda.chaika.moe,fr,NSFW,PandaChaika
Mihon系（Mihon/Tachiyomi/Suwayomi/Komikku/Neko）,PandaChaika,panda.chaika.moe,th,NSFW,PandaChaika
Mihon系（Mihon/Tachiyomi/Suwayomi/Komikku/Neko）,PandaChaika,panda.chaika.moe,vi,NSFW,PandaChaika
Mihon系（Mihon/Tachiyomi/Suwayomi/Komikku/Neko）,PandaChaika,panda.chaika.moe,ja,NSFW,PandaChaika
Mihon系（Mihon/Tachiyomi/Suwayomi/Komikku/Neko）,PandaChaika,panda.chaika.moe,id,NSFW,PandaChaika
Mihon系（Mihon/Tachiyomi/Suwayomi/Komikku/Neko）,PandaChaika,panda.chaika.moe,ar,NSFW,PandaChaika
Mihon系（Mihon/Tachiyomi/Suwayomi/Komikku/Neko）,PandaChaika,panda.chaika.moe,uk,NSFW,PandaChaika
Mihon系（Mihon/Tachiyomi/Suwayomi/Komikku/Neko）,PandaChaika,panda.chaika.moe,tr,NSFW,PandaChaika
Mihon系（Mihon/Tachiyomi/Suwayomi/Komikku/Neko）,PandaChaika,panda.chaika.moe,cs,NSFW,PandaChaika
Mihon系（Mihon/Tachiyomi/Suwayomi/Komikku/Neko）,PandaChaika,panda.chaika.moe,tl,NSFW,PandaChaika
Mihon系（Mihon/Tachiyomi/Suwayomi/Komikku/Neko）,PandaChaika,panda.chaika.moe,fi,NSFW,PandaChaika
Mihon系（Mihon/Tachiyomi/Suwayomi/Komikku/Neko）,PandaChaika,panda.chaika.moe,jv,NSFW,PandaChaika
Mihon系（Mihon/Tachiyomi/Suwayomi/Komikku/Neko）,PandaChaika,panda.chaika.moe,el,NSFW,PandaChaika
Mihon系（Mihon/Tachiyomi/Suwayomi/Komikku/Neko）,Pawchive,pawchive.pw,all,NSFW,Pawchive
Mihon系（Mihon/Tachiyomi/Suwayomi/Komikku/Neko）,Pepper&Carrot,peppercarrot.com,all,,Pepper&Carrot
Mihon系（Mihon/Tachiyomi/Suwayomi/Komikku/Neko）,Photos18,photos18.com,all,NSFW,Photos18
Mihon系（Mihon/Tachiyomi/Suwayomi/Komikku/Neko）,Pixiv,pixiv.net,en,,Pixiv
Mihon系（Mihon/Tachiyomi/Suwayomi/Komikku/Neko）,Pixiv,pixiv.net,ja,,Pixiv
Mihon系（Mihon/Tachiyomi/Suwayomi/Komikku/Neko）,Pixiv,pixiv.net,zh,,Pixiv
Mihon系（Mihon/Tachiyomi/Suwayomi/Komikku/Neko）,Pixiv,pixiv.net,zh-tw,,Pixiv
Mihon系（Mihon/Tachiyomi/Suwayomi/Komikku/Neko）,Pixiv,pixiv.net,ko,,Pixiv
Mihon系（Mihon/Tachiyomi/Suwayomi/Komikku/Neko）,Playmate Hunter,pmatehunter.com,all,NSFW,Playmate Hunter
Mihon系（Mihon/Tachiyomi/Suwayomi/Komikku/Neko）,PornPics,pornpics.com,en,NSFW,PornPics
Mihon系（Mihon/Tachiyomi/Suwayomi/Komikku/Neko）,PornPics,pornpics.com,zh,NSFW,PornPics
Mihon系（Mihon/Tachiyomi/Suwayomi/Komikku/Neko）,Project Suki,projectsuki.com,all,,Project Suki
Mihon系（Mihon/Tachiyomi/Suwayomi/Komikku/Neko）,Roku Hentai,rokuhentai.com,all,NSFW,RokuHentai
Mihon系（Mihon/Tachiyomi/Suwayomi/Komikku/Neko）,Sandra und Woo,sandraandwoo.com,de,,Sandra and Woo
Mihon系（Mihon/Tachiyomi/Suwayomi/Komikku/Neko）,Sandra and Woo,sandraandwoo.com,en,,Sandra and Woo
Mihon系（Mihon/Tachiyomi/Suwayomi/Komikku/Neko）,SayManhwa,saymanhwa.com,ar,,SayManhwa
Mihon系（Mihon/Tachiyomi/Suwayomi/Komikku/Neko）,SayManhwa,saymanhwa.com,de,,SayManhwa
Mihon系（Mihon/Tachiyomi/Suwayomi/Komikku/Neko）,SayManhwa,saymanhwa.com,en,,SayManhwa
Mihon系（Mihon/Tachiyomi/Suwayomi/Komikku/Neko）,SayManhwa,saymanhwa.com,es,,SayManhwa
Mihon系（Mihon/Tachiyomi/Suwayomi/Komikku/Neko）,SayManhwa,saymanhwa.com,fil,,SayManhwa
Mihon系（Mihon/Tachiyomi/Suwayomi/Komikku/Neko）,SayManhwa,saymanhwa.com,fr,,SayManhwa
Mihon系（Mihon/Tachiyomi/Suwayomi/Komikku/Neko）,SayManhwa,saymanhwa.com,id,,SayManhwa
Mihon系（Mihon/Tachiyomi/Suwayomi/Komikku/Neko）,SayManhwa,saymanhwa.com,ja,,SayManhwa
Mihon系（Mihon/Tachiyomi/Suwayomi/Komikku/Neko）,SayManhwa,saymanhwa.com,pt,,SayManhwa
Mihon系（Mihon/Tachiyomi/Suwayomi/Komikku/Neko）,SayManhwa,saymanhwa.com,th,,SayManhwa
Mihon系（Mihon/Tachiyomi/Suwayomi/Komikku/Neko）,SayManhwa,saymanhwa.com,vi,,SayManhwa
Mihon系（Mihon/Tachiyomi/Suwayomi/Komikku/Neko）,SayManhwa,saymanhwa.com,zh-Hans,,SayManhwa
Mihon系（Mihon/Tachiyomi/Suwayomi/Komikku/Neko）,SayManhwa,saymanhwa.com,zh-Hant,,SayManhwa
Mihon系（Mihon/Tachiyomi/Suwayomi/Komikku/Neko）,SeraphicDeviltry,seraphic-deviltry.com,en,NSFW,SeraphicDeviltry
Mihon系（Mihon/Tachiyomi/Suwayomi/Komikku/Neko）,SeraphicDeviltry,spanish.seraphic-deviltry.com,es,NSFW,SeraphicDeviltry
Mihon系（Mihon/Tachiyomi/Suwayomi/Komikku/Neko）,Simply Cosplay,simply-cosplay.com,all,NSFW,Simply Cosplay
Mihon系（Mihon/Tachiyomi/Suwayomi/Komikku/Neko）,Simply Hentai,simply-hentai.com,en,NSFW,Simply Hentai
Mihon系（Mihon/Tachiyomi/Suwayomi/Komikku/Neko）,Simply Hentai,simply-hentai.com,ja,NSFW,Simply Hentai
Mihon系（Mihon/Tachiyomi/Suwayomi/Komikku/Neko）,Simply Hentai,simply-hentai.com,zh,NSFW,Simply Hentai
Mihon系（Mihon/Tachiyomi/Suwayomi/Komikku/Neko）,Simply Hentai,simply-hentai.com,ko,NSFW,Simply Hentai
Mihon系（Mihon/Tachiyomi/Suwayomi/Komikku/Neko）,Simply Hentai,simply-hentai.com,es,NSFW,Simply Hentai
Mihon系（Mihon/Tachiyomi/Suwayomi/Komikku/Neko）,Simply Hentai,simply-hentai.com,ru,NSFW,Simply Hentai
Mihon系（Mihon/Tachiyomi/Suwayomi/Komikku/Neko）,Simply Hentai,simply-hentai.com,fr,NSFW,Simply Hentai
Mihon系（Mihon/Tachiyomi/Suwayomi/Komikku/Neko）,Simply Hentai,simply-hentai.com,de,NSFW,Simply Hentai
Mihon系（Mihon/Tachiyomi/Suwayomi/Komikku/Neko）,Simply Hentai,simply-hentai.com,it,NSFW,Simply Hentai
Mihon系（Mihon/Tachiyomi/Suwayomi/Komikku/Neko）,Simply Hentai,simply-hentai.com,pl,NSFW,Simply Hentai
Mihon系（Mihon/Tachiyomi/Suwayomi/Komikku/Neko）,StashApp,,all,NSFW,StashApp
Mihon系（Mihon/Tachiyomi/Suwayomi/Komikku/Neko）,Taddy INK (Webtoons),taddy.org,all,,Taddy INK (Webtoons)
Mihon系（Mihon/Tachiyomi/Suwayomi/Komikku/Neko）,Tappytoon,tappytoon.com,en,,Tappytoon
Mihon系（Mihon/Tachiyomi/Suwayomi/Komikku/Neko）,Tappytoon,tappytoon.com,fr,,Tappytoon
Mihon系（Mihon/Tachiyomi/Suwayomi/Komikku/Neko）,Tappytoon,tappytoon.com,de,,Tappytoon
Mihon系（Mihon/Tachiyomi/Suwayomi/Komikku/Neko）,The Library of Ohara,thelibraryofohara.com,id,,The Library of Ohara
Mihon系（Mihon/Tachiyomi/Suwayomi/Komikku/Neko）,The Library of Ohara,thelibraryofohara.com,en,,The Library of Ohara
Mihon系（Mihon/Tachiyomi/Suwayomi/Komikku/Neko）,The Library of Ohara,thelibraryofohara.com,es,,The Library of Ohara
Mihon系（Mihon/Tachiyomi/Suwayomi/Komikku/Neko）,The Library of Ohara,thelibraryofohara.com,it,,The Library of Ohara
Mihon系（Mihon/Tachiyomi/Suwayomi/Komikku/Neko）,The Library of Ohara,thelibraryofohara.com,ar,,The Library of Ohara
Mihon系（Mihon/Tachiyomi/Suwayomi/Komikku/Neko）,The Library of Ohara,thelibraryofohara.com,fr,,The Library of Ohara
Mihon系（Mihon/Tachiyomi/Suwayomi/Komikku/Neko）,Toomics (Only free chapters),global.toomics.com,en,NSFW,Toomics
Mihon系（Mihon/Tachiyomi/Suwayomi/Komikku/Neko）,Toomics (Only free chapters),global.toomics.com,zh-Hans,NSFW,Toomics
Mihon系（Mihon/Tachiyomi/Suwayomi/Komikku/Neko）,Toomics (Only free chapters),global.toomics.com,zh-Hant,NSFW,Toomics
Mihon系（Mihon/Tachiyomi/Suwayomi/Komikku/Neko）,Toomics (Only free chapters),global.toomics.com,es-419,NSFW,Toomics
Mihon系（Mihon/Tachiyomi/Suwayomi/Komikku/Neko）,Toomics (Only free chapters),global.toomics.com,es,NSFW,Toomics
Mihon系（Mihon/Tachiyomi/Suwayomi/Komikku/Neko）,Toomics (Only free chapters),global.toomics.com,it,NSFW,Toomics
Mihon系（Mihon/Tachiyomi/Suwayomi/Komikku/Neko）,Toomics (Only free chapters),global.toomics.com,de,NSFW,Toomics
Mihon系（Mihon/Tachiyomi/Suwayomi/Komikku/Neko）,Toomics (Only free chapters),global.toomics.com,fr,NSFW,Toomics
Mihon系（Mihon/Tachiyomi/Suwayomi/Komikku/Neko）,Toomics (Only free chapters),global.toomics.com,pt-BR,NSFW,Toomics
Mihon系（Mihon/Tachiyomi/Suwayomi/Komikku/Neko）,Twicomi,twicomi.com,all,,Twicomi
Mihon系（Mihon/Tachiyomi/Suwayomi/Komikku/Neko）,V2PH,v2ph.com,all,NSFW,V2PH
Mihon系（Mihon/Tachiyomi/Suwayomi/Komikku/Neko）,Vinnie Veritas - CCC,ccc.vinnieveritas.com,en,,Vinne Veritas - CCC
Mihon系（Mihon/Tachiyomi/Suwayomi/Komikku/Neko）,Vinnie Veritas - CCC,ccc.vinnieveritas.com,es,,Vinne Veritas - CCC
Mihon系（Mihon/Tachiyomi/Suwayomi/Komikku/Neko）,Webcomics,webcomicsapp.com,en,,Webcomics
Mihon系（Mihon/Tachiyomi/Suwayomi/Komikku/Neko）,Webcomics,webcomicsapp.com,fr,,Webcomics
Mihon系（Mihon/Tachiyomi/Suwayomi/Komikku/Neko）,Webcomics,webcomicsapp.com,pt,,Webcomics
Mihon系（Mihon/Tachiyomi/Suwayomi/Komikku/Neko）,Webcomics,webcomicsapp.com,es,,Webcomics
Mihon系（Mihon/Tachiyomi/Suwayomi/Komikku/Neko）,Webcomics,webcomicsapp.com,id,,Webcomics
Mihon系（Mihon/Tachiyomi/Suwayomi/Komikku/Neko）,Webtoons.com,webtoons.com,en,,Webtoons.com
Mihon系（Mihon/Tachiyomi/Suwayomi/Komikku/Neko）,Webtoons.com,webtoons.com,id,,Webtoons.com
Mihon系（Mihon/Tachiyomi/Suwayomi/Komikku/Neko）,Webtoons.com,webtoons.com,th,,Webtoons.com
Mihon系（Mihon/Tachiyomi/Suwayomi/Komikku/Neko）,Webtoons.com,webtoons.com,es,,Webtoons.com
Mihon系（Mihon/Tachiyomi/Suwayomi/Komikku/Neko）,Webtoons.com,webtoons.com,fr,,Webtoons.com
Mihon系（Mihon/Tachiyomi/Suwayomi/Komikku/Neko）,Webtoons.com,webtoons.com,zh-Hant,,Webtoons.com
Mihon系（Mihon/Tachiyomi/Suwayomi/Komikku/Neko）,Webtoons.com,webtoons.com,de,,Webtoons.com
Mihon系（Mihon/Tachiyomi/Suwayomi/Komikku/Neko）,XArt Hunter,xarthunter.com,all,NSFW,XArt Hunter
Mihon系（Mihon/Tachiyomi/Suwayomi/Komikku/Neko）,XAsiat Albums,xasiat.com,all,NSFW,Xasiat Albums
Mihon系（Mihon/Tachiyomi/Suwayomi/Komikku/Neko）,XCOMIC,xcomic.me,all,,XCOMIC
Mihon系（Mihon/Tachiyomi/Suwayomi/Komikku/Neko）,XCOMIC,xcomic.me,en,,XCOMIC
Mihon系（Mihon/Tachiyomi/Suwayomi/Komikku/Neko）,XCOMIC,xcomic.me,fr,,XCOMIC
Mihon系（Mihon/Tachiyomi/Suwayomi/Komikku/Neko）,XCOMIC,xcomic.me,es,,XCOMIC
Mihon系（Mihon/Tachiyomi/Suwayomi/Komikku/Neko）,XCOMIC,xcomic.me,es-419,,XCOMIC
Mihon系（Mihon/Tachiyomi/Suwayomi/Komikku/Neko）,XCOMIC,xcomic.me,pt,,XCOMIC
Mihon系（Mihon/Tachiyomi/Suwayomi/Komikku/Neko）,XCOMIC,xcomic.me,pt-BR,,XCOMIC
Mihon系（Mihon/Tachiyomi/Suwayomi/Komikku/Neko）,XCOMIC,xcomic.me,ja,,XCOMIC
Mihon系（Mihon/Tachiyomi/Suwayomi/Komikku/Neko）,XCOMIC,xcomic.me,ko,,XCOMIC
Mihon系（Mihon/Tachiyomi/Suwayomi/Komikku/Neko）,XCOMIC,xcomic.me,zh,,XCOMIC
Mihon系（Mihon/Tachiyomi/Suwayomi/Komikku/Neko）,XCOMIC,xcomic.me,zh-Hant,,XCOMIC
Mihon系（Mihon/Tachiyomi/Suwayomi/Komikku/Neko）,XCOMIC,xcomic.me,ru,,XCOMIC
Mihon系（Mihon/Tachiyomi/Suwayomi/Komikku/Neko）,XCOMIC,xcomic.me,id,,XCOMIC
Mihon系（Mihon/Tachiyomi/Suwayomi/Komikku/Neko）,XCOMIC,xcomic.me,ab,,XCOMIC
Mihon系（Mihon/Tachiyomi/Suwayomi/Komikku/Neko）,XCOMIC,xcomic.me,af,,XCOMIC
Mihon系（Mihon/Tachiyomi/Suwayomi/Komikku/Neko）,XCOMIC,xcomic.me,sq,,XCOMIC
Mihon系（Mihon/Tachiyomi/Suwayomi/Komikku/Neko）,XCOMIC,xcomic.me,am,,XCOMIC
Mihon系（Mihon/Tachiyomi/Suwayomi/Komikku/Neko）,XCOMIC,xcomic.me,ar,,XCOMIC
Mihon系（Mihon/Tachiyomi/Suwayomi/Komikku/Neko）,XCOMIC,xcomic.me,hy,,XCOMIC
Mihon系（Mihon/Tachiyomi/Suwayomi/Komikku/Neko）,XCOMIC,xcomic.me,az,,XCOMIC
Mihon系（Mihon/Tachiyomi/Suwayomi/Komikku/Neko）,XCOMIC,xcomic.me,be,,XCOMIC
Mihon系（Mihon/Tachiyomi/Suwayomi/Komikku/Neko）,XCOMIC,xcomic.me,bn,,XCOMIC
Mihon系（Mihon/Tachiyomi/Suwayomi/Komikku/Neko）,XCOMIC,xcomic.me,bs,,XCOMIC
Mihon系（Mihon/Tachiyomi/Suwayomi/Komikku/Neko）,XCOMIC,xcomic.me,bg,,XCOMIC
Mihon系（Mihon/Tachiyomi/Suwayomi/Komikku/Neko）,XCOMIC,xcomic.me,my,,XCOMIC
Mihon系（Mihon/Tachiyomi/Suwayomi/Komikku/Neko）,XCOMIC,xcomic.me,km,,XCOMIC
Mihon系（Mihon/Tachiyomi/Suwayomi/Komikku/Neko）,XCOMIC,xcomic.me,ca,,XCOMIC
Mihon系（Mihon/Tachiyomi/Suwayomi/Komikku/Neko）,XCOMIC,xcomic.me,ceb,,XCOMIC
Mihon系（Mihon/Tachiyomi/Suwayomi/Komikku/Neko）,XCOMIC,xcomic.me,hr,,XCOMIC
Mihon系（Mihon/Tachiyomi/Suwayomi/Komikku/Neko）,XCOMIC,xcomic.me,cs,,XCOMIC
Mihon系（Mihon/Tachiyomi/Suwayomi/Komikku/Neko）,XCOMIC,xcomic.me,cv,,XCOMIC
Mihon系（Mihon/Tachiyomi/Suwayomi/Komikku/Neko）,XCOMIC,xcomic.me,da,,XCOMIC
Mihon系（Mihon/Tachiyomi/Suwayomi/Komikku/Neko）,XCOMIC,xcomic.me,nl,,XCOMIC
Mihon系（Mihon/Tachiyomi/Suwayomi/Komikku/Neko）,XCOMIC,xcomic.me,et,,XCOMIC
Mihon系（Mihon/Tachiyomi/Suwayomi/Komikku/Neko）,XCOMIC,xcomic.me,eo,,XCOMIC
Mihon系（Mihon/Tachiyomi/Suwayomi/Komikku/Neko）,XCOMIC,xcomic.me,eu,,XCOMIC
Mihon系（Mihon/Tachiyomi/Suwayomi/Komikku/Neko）,XCOMIC,xcomic.me,fo,,XCOMIC
Mihon系（Mihon/Tachiyomi/Suwayomi/Komikku/Neko）,XCOMIC,xcomic.me,fil,,XCOMIC
Mihon系（Mihon/Tachiyomi/Suwayomi/Komikku/Neko）,XCOMIC,xcomic.me,fi,,XCOMIC
Mihon系（Mihon/Tachiyomi/Suwayomi/Komikku/Neko）,XCOMIC,xcomic.me,ka,,XCOMIC
Mihon系（Mihon/Tachiyomi/Suwayomi/Komikku/Neko）,XCOMIC,xcomic.me,de,,XCOMIC
Mihon系（Mihon/Tachiyomi/Suwayomi/Komikku/Neko）,XCOMIC,xcomic.me,el,,XCOMIC
Mihon系（Mihon/Tachiyomi/Suwayomi/Komikku/Neko）,XCOMIC,xcomic.me,gn,,XCOMIC
Mihon系（Mihon/Tachiyomi/Suwayomi/Komikku/Neko）,XCOMIC,xcomic.me,gu,,XCOMIC
Mihon系（Mihon/Tachiyomi/Suwayomi/Komikku/Neko）,XCOMIC,xcomic.me,ht,,XCOMIC
Mihon系（Mihon/Tachiyomi/Suwayomi/Komikku/Neko）,XCOMIC,xcomic.me,ha,,XCOMIC
Mihon系（Mihon/Tachiyomi/Suwayomi/Komikku/Neko）,XCOMIC,xcomic.me,he,,XCOMIC
Mihon系（Mihon/Tachiyomi/Suwayomi/Komikku/Neko）,XCOMIC,xcomic.me,hi,,XCOMIC
Mihon系（Mihon/Tachiyomi/Suwayomi/Komikku/Neko）,XCOMIC,xcomic.me,hu,,XCOMIC
Mihon系（Mihon/Tachiyomi/Suwayomi/Komikku/Neko）,XCOMIC,xcomic.me,is,,XCOMIC
Mihon系（Mihon/Tachiyomi/Suwayomi/Komikku/Neko）,XCOMIC,xcomic.me,ig,,XCOMIC
Mihon系（Mihon/Tachiyomi/Suwayomi/Komikku/Neko）,XCOMIC,xcomic.me,ga,,XCOMIC
Mihon系（Mihon/Tachiyomi/Suwayomi/Komikku/Neko）,XCOMIC,xcomic.me,gl,,XCOMIC
Mihon系（Mihon/Tachiyomi/Suwayomi/Komikku/Neko）,XCOMIC,xcomic.me,it,,XCOMIC
Mihon系（Mihon/Tachiyomi/Suwayomi/Komikku/Neko）,XCOMIC,xcomic.me,jv,,XCOMIC
Mihon系（Mihon/Tachiyomi/Suwayomi/Komikku/Neko）,XCOMIC,xcomic.me,kn,,XCOMIC
Mihon系（Mihon/Tachiyomi/Suwayomi/Komikku/Neko）,XCOMIC,xcomic.me,kk,,XCOMIC
Mihon系（Mihon/Tachiyomi/Suwayomi/Komikku/Neko）,XCOMIC,xcomic.me,ku,,XCOMIC
Mihon系（Mihon/Tachiyomi/Suwayomi/Komikku/Neko）,XCOMIC,xcomic.me,ky,,XCOMIC
Mihon系（Mihon/Tachiyomi/Suwayomi/Komikku/Neko）,XCOMIC,xcomic.me,la,,XCOMIC
Mihon系（Mihon/Tachiyomi/Suwayomi/Komikku/Neko）,XCOMIC,xcomic.me,lo,,XCOMIC
Mihon系（Mihon/Tachiyomi/Suwayomi/Komikku/Neko）,XCOMIC,xcomic.me,lv,,XCOMIC
Mihon系（Mihon/Tachiyomi/Suwayomi/Komikku/Neko）,XCOMIC,xcomic.me,lt,,XCOMIC
Mihon系（Mihon/Tachiyomi/Suwayomi/Komikku/Neko）,XCOMIC,xcomic.me,lb,,XCOMIC
Mihon系（Mihon/Tachiyomi/Suwayomi/Komikku/Neko）,XCOMIC,xcomic.me,mk,,XCOMIC
Mihon系（Mihon/Tachiyomi/Suwayomi/Komikku/Neko）,XCOMIC,xcomic.me,mg,,XCOMIC
Mihon系（Mihon/Tachiyomi/Suwayomi/Komikku/Neko）,XCOMIC,xcomic.me,ms,,XCOMIC
Mihon系（Mihon/Tachiyomi/Suwayomi/Komikku/Neko）,XCOMIC,xcomic.me,ml,,XCOMIC
Mihon系（Mihon/Tachiyomi/Suwayomi/Komikku/Neko）,XCOMIC,xcomic.me,mt,,XCOMIC
Mihon系（Mihon/Tachiyomi/Suwayomi/Komikku/Neko）,XCOMIC,xcomic.me,mi,,XCOMIC
Mihon系（Mihon/Tachiyomi/Suwayomi/Komikku/Neko）,XCOMIC,xcomic.me,mr,,XCOMIC
Mihon系（Mihon/Tachiyomi/Suwayomi/Komikku/Neko）,XCOMIC,xcomic.me,mo,,XCOMIC
Mihon系（Mihon/Tachiyomi/Suwayomi/Komikku/Neko）,XCOMIC,xcomic.me,mn,,XCOMIC
Mihon系（Mihon/Tachiyomi/Suwayomi/Komikku/Neko）,XCOMIC,xcomic.me,ne,,XCOMIC
Mihon系（Mihon/Tachiyomi/Suwayomi/Komikku/Neko）,XCOMIC,xcomic.me,no,,XCOMIC
Mihon系（Mihon/Tachiyomi/Suwayomi/Komikku/Neko）,XCOMIC,xcomic.me,ny,,XCOMIC
Mihon系（Mihon/Tachiyomi/Suwayomi/Komikku/Neko）,XCOMIC,xcomic.me,ps,,XCOMIC
Mihon系（Mihon/Tachiyomi/Suwayomi/Komikku/Neko）,XCOMIC,xcomic.me,fa,,XCOMIC
Mihon系（Mihon/Tachiyomi/Suwayomi/Komikku/Neko）,XCOMIC,xcomic.me,pl,,XCOMIC
Mihon系（Mihon/Tachiyomi/Suwayomi/Komikku/Neko）,XCOMIC,xcomic.me,ro,,XCOMIC
Mihon系（Mihon/Tachiyomi/Suwayomi/Komikku/Neko）,XCOMIC,xcomic.me,rm,,XCOMIC
Mihon系（Mihon/Tachiyomi/Suwayomi/Komikku/Neko）,XCOMIC,xcomic.me,sm,,XCOMIC
Mihon系（Mihon/Tachiyomi/Suwayomi/Komikku/Neko）,XCOMIC,xcomic.me,sr,,XCOMIC
Mihon系（Mihon/Tachiyomi/Suwayomi/Komikku/Neko）,XCOMIC,xcomic.me,sh,,XCOMIC
Mihon系（Mihon/Tachiyomi/Suwayomi/Komikku/Neko）,XCOMIC,xcomic.me,ss,,XCOMIC
Mihon系（Mihon/Tachiyomi/Suwayomi/Komikku/Neko）,XCOMIC,xcomic.me,st,,XCOMIC
Mihon系（Mihon/Tachiyomi/Suwayomi/Komikku/Neko）,XCOMIC,xcomic.me,sn,,XCOMIC
Mihon系（Mihon/Tachiyomi/Suwayomi/Komikku/Neko）,XCOMIC,xcomic.me,sd,,XCOMIC
Mihon系（Mihon/Tachiyomi/Suwayomi/Komikku/Neko）,XCOMIC,xcomic.me,si,,XCOMIC
Mihon系（Mihon/Tachiyomi/Suwayomi/Komikku/Neko）,XCOMIC,xcomic.me,sk,,XCOMIC
Mihon系（Mihon/Tachiyomi/Suwayomi/Komikku/Neko）,XCOMIC,xcomic.me,sl,,XCOMIC
Mihon系（Mihon/Tachiyomi/Suwayomi/Komikku/Neko）,XCOMIC,xcomic.me,so,,XCOMIC
Mihon系（Mihon/Tachiyomi/Suwayomi/Komikku/Neko）,XCOMIC,xcomic.me,sw,,XCOMIC
Mihon系（Mihon/Tachiyomi/Suwayomi/Komikku/Neko）,XCOMIC,xcomic.me,sv,,XCOMIC
Mihon系（Mihon/Tachiyomi/Suwayomi/Komikku/Neko）,XCOMIC,xcomic.me,tg,,XCOMIC
Mihon系（Mihon/Tachiyomi/Suwayomi/Komikku/Neko）,XCOMIC,xcomic.me,ta,,XCOMIC
Mihon系（Mihon/Tachiyomi/Suwayomi/Komikku/Neko）,XCOMIC,xcomic.me,te,,XCOMIC
Mihon系（Mihon/Tachiyomi/Suwayomi/Komikku/Neko）,XCOMIC,xcomic.me,th,,XCOMIC
Mihon系（Mihon/Tachiyomi/Suwayomi/Komikku/Neko）,XCOMIC,xcomic.me,ti,,XCOMIC
Mihon系（Mihon/Tachiyomi/Suwayomi/Komikku/Neko）,XCOMIC,xcomic.me,to,,XCOMIC
Mihon系（Mihon/Tachiyomi/Suwayomi/Komikku/Neko）,XCOMIC,xcomic.me,tr,,XCOMIC
Mihon系（Mihon/Tachiyomi/Suwayomi/Komikku/Neko）,XCOMIC,xcomic.me,tk,,XCOMIC
Mihon系（Mihon/Tachiyomi/Suwayomi/Komikku/Neko）,XCOMIC,xcomic.me,uk,,XCOMIC
Mihon系（Mihon/Tachiyomi/Suwayomi/Komikku/Neko）,XCOMIC,xcomic.me,ur,,XCOMIC
Mihon系（Mihon/Tachiyomi/Suwayomi/Komikku/Neko）,XCOMIC,xcomic.me,uz,,XCOMIC
Mihon系（Mihon/Tachiyomi/Suwayomi/Komikku/Neko）,XCOMIC,xcomic.me,vi,,XCOMIC
Mihon系（Mihon/Tachiyomi/Suwayomi/Komikku/Neko）,XCOMIC,xcomic.me,yo,,XCOMIC
Mihon系（Mihon/Tachiyomi/Suwayomi/Komikku/Neko）,XCOMIC,xcomic.me,zu,,XCOMIC
Mihon系（Mihon/Tachiyomi/Suwayomi/Komikku/Neko）,XCOMIC,xcomic.me,other,,XCOMIC
Mihon系（Mihon/Tachiyomi/Suwayomi/Komikku/Neko）,性感美女,xgmn8.vip,all,NSFW,XGMN
Mihon系（Mihon/Tachiyomi/Suwayomi/Komikku/Neko）,Xiutaku,xiutaku.com,all,NSFW,Xiutaku
Mihon系（Mihon/Tachiyomi/Suwayomi/Komikku/Neko）,xkcd,xkcd.com,en,,xkcd
Mihon系（Mihon/Tachiyomi/Suwayomi/Komikku/Neko）,xkcd,es.xkcd.com,es,,xkcd
Mihon系（Mihon/Tachiyomi/Suwayomi/Komikku/Neko）,xkcd,xkcd.tw,zh,,xkcd
Mihon系（Mihon/Tachiyomi/Suwayomi/Komikku/Neko）,xkcd,xkcd.lapin.org,fr,,xkcd
Mihon系（Mihon/Tachiyomi/Suwayomi/Komikku/Neko）,xkcd,xkcd.ru,ru,,xkcd
Mihon系（Mihon/Tachiyomi/Suwayomi/Komikku/Neko）,Yabai,yabai.si,all,NSFW,Yabai
Mihon系（Mihon/Tachiyomi/Suwayomi/Komikku/Neko）,Yaoi Manga Online,yaoimangaonline.com,all,NSFW,Yaoi Manga Online
Mihon系（Mihon/Tachiyomi/Suwayomi/Komikku/Neko）,小黄书,xchina.co,zh-Hans,NSFW,YellowNote
Mihon系（Mihon/Tachiyomi/Suwayomi/Komikku/Neko）,小黄书,tw.xchina.co,zh-Hant,NSFW,YellowNote
Mihon系（Mihon/Tachiyomi/Suwayomi/Komikku/Neko）,小黄书,en.xchina.co,en,NSFW,YellowNote
Mihon系（Mihon/Tachiyomi/Suwayomi/Komikku/Neko）,小黄书,es.xchina.co,es,NSFW,YellowNote
Mihon系（Mihon/Tachiyomi/Suwayomi/Komikku/Neko）,小黄书,kr.xchina.co,ko,NSFW,YellowNote
Mihon系（Mihon/Tachiyomi/Suwayomi/Komikku/Neko）,YSK Comics,ysk-comics.com,ar,,YSK Comics
Mihon系（Mihon/Tachiyomi/Suwayomi/Komikku/Neko）,YSK Comics,ysk-comics.com,en,,YSK Comics
Mihon系（Mihon/Tachiyomi/Suwayomi/Komikku/Neko）,Anyone Manga,anyonemanga.com,ar,,Anyone Manga
Mihon系（Mihon/Tachiyomi/Suwayomi/Komikku/Neko）,هنتاي العرب - نت,arabhentai.net,ar,NSFW,Arab Hentai
Mihon系（Mihon/Tachiyomi/Suwayomi/Komikku/Neko）,ArabManhwa,arabmanhwa.com,ar,NSFW,ArabManhwa
Mihon系（Mihon/Tachiyomi/Suwayomi/Komikku/Neko）,هنتاي العرب,arabshentai.com,ar,NSFW,Arabs Hentai
Mihon系（Mihon/Tachiyomi/Suwayomi/Komikku/Neko）,عرب تونز,arabtoons.net,ar,NSFW,Arab Toons
Mihon系（Mihon/Tachiyomi/Suwayomi/Komikku/Neko）,ArbxComix,arbxcomix.com,ar,NSFW,ArbxComix
Mihon系（Mihon/Tachiyomi/Suwayomi/Komikku/Neko）,أريا مانجا,ar.kenmanga.com,ar,,Area Manga
Mihon系（Mihon/Tachiyomi/Suwayomi/Komikku/Neko）,AriaToon,ariatoon.com,ar,,AriaToon
Mihon系（Mihon/Tachiyomi/Suwayomi/Komikku/Neko）,Azora,azorafly.com,ar,,Azora
Mihon系（Mihon/Tachiyomi/Suwayomi/Komikku/Neko）,Comic Verse,arcomixverse.blogspot.com,ar,,Comic Verse
Mihon系（Mihon/Tachiyomi/Suwayomi/Komikku/Neko）,Despair Manga,despair-manga.net,ar,,Despair Manga
Mihon系（Mihon/Tachiyomi/Suwayomi/Komikku/Neko）,شبكة كونان العربية,manga.detectiveconanar.com,ar,,Detective Conan Ar
Mihon系（Mihon/Tachiyomi/Suwayomi/Komikku/Neko）,Dilar,dilar.tube,ar,,Dilar
Mihon系（Mihon/Tachiyomi/Suwayomi/Komikku/Neko）,Duskoryvile,duskoryvile.com,ar,NSFW,Duskoryvile
Mihon系（Mihon/Tachiyomi/Suwayomi/Komikku/Neko）,Empire Webtoon,webtoonempire-bl.com,ar,NSFW,Empire Webtoon
Mihon系（Mihon/Tachiyomi/Suwayomi/Komikku/Neko）,EShadow,eshadow.net,ar,,EShadow
Mihon系（Mihon/Tachiyomi/Suwayomi/Komikku/Neko）,Goon Scans,goonscans.org,ar,NSFW,Goon Scans
Mihon系（Mihon/Tachiyomi/Suwayomi/Komikku/Neko）,هنتاي ليك,hentailek.com,ar,NSFW,Hentai Lek
Mihon系（Mihon/Tachiyomi/Suwayomi/Komikku/Neko）,HentaiMan,hentaiman.net,ar,NSFW,HentaiMan
Mihon系（Mihon/Tachiyomi/Suwayomi/Komikku/Neko）,هنتاي سلاير,hentaislayer.net,ar,NSFW,Hentai Slayer
Mihon系（Mihon/Tachiyomi/Suwayomi/Komikku/Neko）,Hijala,hijala.com,ar,,Hijala
Mihon系（Mihon/Tachiyomi/Suwayomi/Komikku/Neko）,Hizo Manga,hizomanga.net,ar,,HizoManga
Mihon系（Mihon/Tachiyomi/Suwayomi/Komikku/Neko）,Kawii Manga,kawaiimanga.org,ar,,Kawii Manga
Mihon系（Mihon/Tachiyomi/Suwayomi/Komikku/Neko）,Lava Scans,lavascans.com,ar,,Lava Scans
Mihon系（Mihon/Tachiyomi/Suwayomi/Komikku/Neko）,Loner Translations,loner-tl.blogspot.com,ar,,Loner Translations
Mihon系（Mihon/Tachiyomi/Suwayomi/Komikku/Neko）,مانجا العاشق,3asq.online,ar,,3asq
Mihon系（Mihon/Tachiyomi/Suwayomi/Komikku/Neko）,Manga Ai Land,manga-ai-land.blogspot.com,ar,,Manga Ai Land
Mihon系（Mihon/Tachiyomi/Suwayomi/Komikku/Neko）,MangaCloud,mangacloud.online,ar,,MangaCloud
Mihon系（Mihon/Tachiyomi/Suwayomi/Komikku/Neko）,MangaDar,mangadar.com,ar,,MangaDar
Mihon系（Mihon/Tachiyomi/Suwayomi/Komikku/Neko）,MangaHub,mangaxhentai.com,ar,NSFW,MangaHub
Mihon系（Mihon/Tachiyomi/Suwayomi/Komikku/Neko）,مانجا ليك,mangalik.net,ar,,Mangalek
Mihon系（Mihon/Tachiyomi/Suwayomi/Komikku/Neko）,مانجا لينك,link-manga.net,ar,,Mangalink
Mihon系（Mihon/Tachiyomi/Suwayomi/Komikku/Neko）,MangaLionz,manga-lionz.org,ar,,MangaLionz
Mihon系（Mihon/Tachiyomi/Suwayomi/Komikku/Neko）,MangaSpark,sparkmanga.net,ar,,MangaSpark
Mihon系（Mihon/Tachiyomi/Suwayomi/Komikku/Neko）,Manga Starz,starzmanga.com,ar,,Manga Starz
Mihon系（Mihon/Tachiyomi/Suwayomi/Komikku/Neko）,MangaSwat,meshmanga.com,ar,,MangaSwat
Mihon系（Mihon/Tachiyomi/Suwayomi/Komikku/Neko）,Manga Tales,mangatales.com,ar,,Manga Tales
Mihon系（Mihon/Tachiyomi/Suwayomi/Komikku/Neko）,MangaTek,mangatek.com,ar,,MangaTek
Mihon系（Mihon/Tachiyomi/Suwayomi/Komikku/Neko）,MangaTime,mangatime.org,ar,,MangaTime
Mihon系（Mihon/Tachiyomi/Suwayomi/Komikku/Neko）,MangaTuk,mangatuk.com,ar,,MangaTuk
Mihon系（Mihon/Tachiyomi/Suwayomi/Komikku/Neko）,Manhatic,manhatic.com,ar,NSFW,Manhatic
Mihon系（Mihon/Tachiyomi/Suwayomi/Komikku/Neko）,Manhatok,manhatok.blogspot.com,ar,,Manhatok
Mihon系（Mihon/Tachiyomi/Suwayomi/Komikku/Neko）,Murim,murim.site,ar,,Murim
Mihon系（Mihon/Tachiyomi/Suwayomi/Komikku/Neko）,NeverScans,neverscans.com,ar,,NeverScans
Mihon系（Mihon/Tachiyomi/Suwayomi/Komikku/Neko）,Oduto,nb19u.blogspot.com,ar,,Oduto
Mihon系（Mihon/Tachiyomi/Suwayomi/Komikku/Neko）,مانجا اون لاين,onma.top,ar,,Onma
Mihon系（Mihon/Tachiyomi/Suwayomi/Komikku/Neko）,Orca Manga,infinity896.blogspot.com,ar,,Orca Manga
Mihon系（Mihon/Tachiyomi/Suwayomi/Komikku/Neko）,Paradise BL,paradise-bl.com,ar,NSFW,Paradise BL
Mihon系（Mihon/Tachiyomi/Suwayomi/Komikku/Neko）,Rocks Manga,rocksmanga.com,ar,,Rocks Manga
Mihon系（Mihon/Tachiyomi/Suwayomi/Komikku/Neko）,StellarSaber,stellarsaber.pro,ar,,StellarSaber
Mihon系（Mihon/Tachiyomi/Suwayomi/Komikku/Neko）,Team X,olympustaff.com,ar,,Team X
Mihon系（Mihon/Tachiyomi/Suwayomi/Komikku/Neko）,XSano Manga,xsano-manga.com,ar,,XSano Manga
Mihon系（Mihon/Tachiyomi/Suwayomi/Komikku/Neko）,Yokai,yokai-team.blogspot.com,ar,,Yokai
Mihon系（Mihon/Tachiyomi/Suwayomi/Komikku/Neko）,Yona Bar,yonaber.com,ar,NSFW,Yona Bar
Mihon系（Mihon/Tachiyomi/Suwayomi/Komikku/Neko）,Yuri Moon Sub,yurimoonsub.blogspot.com,ar,NSFW,Yuri Moon Sub
Mihon系（Mihon/Tachiyomi/Suwayomi/Komikku/Neko）,Utsukushii,utsukushii-bg.com,bg,,Utsukushii
Mihon系（Mihon/Tachiyomi/Suwayomi/Komikku/Neko）,Fansubs.cat,manga.fansubs.cat,ca,,Fansubs.cat
Mihon系（Mihon/Tachiyomi/Suwayomi/Komikku/Neko）,Hentai.cat,manga.hentai.cat,ca,NSFW,Hentai.cat
Mihon系（Mihon/Tachiyomi/Suwayomi/Komikku/Neko）,Evil production,evil-manga.eu,cs,NSFW,Evil production
Mihon系（Mihon/Tachiyomi/Suwayomi/Komikku/Neko）,Manga Tube,manga-tube.me,de,,Manga Tube
Mihon系（Mihon/Tachiyomi/Suwayomi/Komikku/Neko）,Akai Comic,akaicomic.org,en,,Akai Comic
Mihon系（Mihon/Tachiyomi/Suwayomi/Komikku/Neko）,Akaza Scans,akazascans.org,en,,Akaza Scans
Mihon系（Mihon/Tachiyomi/Suwayomi/Komikku/Neko）,Alandal,alandal.com,en,,Alandal
Mihon系（Mihon/Tachiyomi/Suwayomi/Komikku/Neko）,AllManga,mkissa.to,en,,AllManga
Mihon系（Mihon/Tachiyomi/Suwayomi/Komikku/Neko）,AllPornComic,allporncomic.com,en,NSFW,AllPornComic
Mihon系（Mihon/Tachiyomi/Suwayomi/Komikku/Neko）,AllPornComic.io,allporncomic.io,en,NSFW,AllPornComic.io
Mihon系（Mihon/Tachiyomi/Suwayomi/Komikku/Neko）,Alpha Manga,alpha-manga.com,en,,Alpha Manga
Mihon系（Mihon/Tachiyomi/Suwayomi/Komikku/Neko）,Anisa Scans,anisascans.in,en,,Anisa Scans
Mihon系（Mihon/Tachiyomi/Suwayomi/Komikku/Neko）,AP Comics,apcomics.org,en,NSFW,AP Comics
Mihon系（Mihon/Tachiyomi/Suwayomi/Komikku/Neko）,Aqua Manga,aquareader.org,en,,Aqua Manga
Mihon系（Mihon/Tachiyomi/Suwayomi/Komikku/Neko）,Arc-Relight,arc-relight.com,en,,Arc-Relight
Mihon系（Mihon/Tachiyomi/Suwayomi/Komikku/Neko）,Arena Scans,arenascan.com,en,,Arena Scans
Mihon系（Mihon/Tachiyomi/Suwayomi/Komikku/Neko）,SilentQuill,silentquill.net,en,,SilentQuill
Mihon系（Mihon/Tachiyomi/Suwayomi/Komikku/Neko）,Art Lapsa,artlapsa.com,en,,Art Lapsa
Mihon系（Mihon/Tachiyomi/Suwayomi/Komikku/Neko）,Vortex Scans,vortexscans.org,en,,Vortex Scans
Mihon系（Mihon/Tachiyomi/Suwayomi/Komikku/Neko）,BrainRotComics,brainrotcomics.com,en,,BrainRotComics
Mihon系（Mihon/Tachiyomi/Suwayomi/Komikku/Neko）,AsiaToon,asiatoon.net,en,NSFW,AsiaToon
Mihon系（Mihon/Tachiyomi/Suwayomi/Komikku/Neko）,Asmodeus Scans,asmotoon.com,en,,Asmodeus Scans
Mihon系（Mihon/Tachiyomi/Suwayomi/Komikku/Neko）,Assorted Scans,assortedscans.com,en,,Assorted Scans
Mihon系（Mihon/Tachiyomi/Suwayomi/Komikku/Neko）,Asura Scans,asurascans.com,en,,Asura Scans
Mihon系（Mihon/Tachiyomi/Suwayomi/Komikku/Neko）,Athrea Scans,athreascans.com,en,,Athrea Scans
Mihon系（Mihon/Tachiyomi/Suwayomi/Komikku/Neko）,Atsumaru,atsu.moe,en,,Atsumaru
Mihon系（Mihon/Tachiyomi/Suwayomi/Komikku/Neko）,Aurora,comicaurora.com,en,,aurora
Mihon系（Mihon/Tachiyomi/Suwayomi/Komikku/Neko）,Omoi,omoi.com,en,,Omoi
Mihon系（Mihon/Tachiyomi/Suwayomi/Komikku/Neko）,Bakkin,bakkin.moe,en,,Bakkin
Mihon系（Mihon/Tachiyomi/Suwayomi/Komikku/Neko）,Bakkin Self-hosted,127.0.0.1,en,,Bakkin Self-hosted
Mihon系（Mihon/Tachiyomi/Suwayomi/Komikku/Neko）,BatCave,batcave.biz,en,,BatCave
Mihon系（Mihon/Tachiyomi/Suwayomi/Komikku/Neko）,Battle In 5 Seconds After Meeting,deatte5.com,en,,Battle In 5 Seconds After Meeting
Mihon系（Mihon/Tachiyomi/Suwayomi/Komikku/Neko）,Bbato,bato1.com,en,,Bbato
Mihon系（Mihon/Tachiyomi/Suwayomi/Komikku/Neko）,BookWalker,bookwalker.com,en,,BookWalker
Mihon系（Mihon/Tachiyomi/Suwayomi/Komikku/Neko）,Borat Scans,boratscans.com,en,,Borat Scans
Mihon系（Mihon/Tachiyomi/Suwayomi/Komikku/Neko）,Broccoli Soup,politeandgood.com,en,,Broccoli Soup
Mihon系（Mihon/Tachiyomi/Suwayomi/Komikku/Neko）,Bun Manga,bunmanga.com,en,,Bun Manga
Mihon系（Mihon/Tachiyomi/Suwayomi/Komikku/Neko）,Buttsmithy,incase.buttsmithy.com,en,NSFW,buttsmithy
Mihon系（Mihon/Tachiyomi/Suwayomi/Komikku/Neko）,Clone Manga,manga.clone-army.org,en,,Clone Manga
Mihon系（Mihon/Tachiyomi/Suwayomi/Komikku/Neko）,Clown Corps,clowncorps.net,en,,Clown Corps
Mihon系（Mihon/Tachiyomi/Suwayomi/Komikku/Neko）,CManhua,cmanhua.com,en,,CManhua
Mihon系（Mihon/Tachiyomi/Suwayomi/Komikku/Neko）,Cocomic,cocomic.co,en,,Cocomic
Mihon系（Mihon/Tachiyomi/Suwayomi/Komikku/Neko）,Collected Curios,collectedcurios.com,en,,Collected Curios
Mihon系（Mihon/Tachiyomi/Suwayomi/Komikku/Neko）,Colorized Mangas,colorizedmangas.com,en,,Colorized Mangas
Mihon系（Mihon/Tachiyomi/Suwayomi/Komikku/Neko）,Comic Asura,comicasura.net,en,,Comic Asura
Mihon系（Mihon/Tachiyomi/Suwayomi/Komikku/Neko）,Comic CX,comic.cx,en,NSFW,Comic CX
Mihon系（Mihon/Tachiyomi/Suwayomi/Komikku/Neko）,ComicHubFree,comichubfree.com,en,,ComicHubFree
Mihon系（Mihon/Tachiyomi/Suwayomi/Komikku/Neko）,ComicK Fanmade,comickfan.com,en,,ComicK Fanmade
Mihon系（Mihon/Tachiyomi/Suwayomi/Komikku/Neko）,ComicLand,comicland.org,en,,ComicLand
Mihon系（Mihon/Tachiyomi/Suwayomi/Komikku/Neko）,Comix,comix.to,en,,Comix
Mihon系（Mihon/Tachiyomi/Suwayomi/Komikku/Neko）,Coolmic,coolmic.me,en,,Coolmic
Mihon系（Mihon/Tachiyomi/Suwayomi/Komikku/Neko）,Cucumber Manga,cucumbermanga.com,en,NSFW,Cucumber Manga
Mihon系（Mihon/Tachiyomi/Suwayomi/Komikku/Neko）,CulturedWorks,culturedworks.com,en,,CulturedWorks
Mihon系（Mihon/Tachiyomi/Suwayomi/Komikku/Neko）,Cutie Comics,cutiecomics.com,en,NSFW,Cutie Comics
Mihon系（Mihon/Tachiyomi/Suwayomi/Komikku/Neko）,Danke fürs Lesen,danke.moe,en,,Danke fürs Lesen
Mihon系（Mihon/Tachiyomi/Suwayomi/Komikku/Neko）,Dark Legacy Comics,darklegacycomics.com,en,,Dark Legacy Comics
Mihon系（Mihon/Tachiyomi/Suwayomi/Komikku/Neko）,Dark Science,dresdencodak.com,en,,Dark Science
Mihon系（Mihon/Tachiyomi/Suwayomi/Komikku/Neko）,Darths & Droids,darthsanddroids.net,en,,Darths & Droids
Mihon系（Mihon/Tachiyomi/Suwayomi/Komikku/Neko）,Death Toll Scans,reader.deathtollscans.net,en,,Death Toll Scans
Mihon系（Mihon/Tachiyomi/Suwayomi/Komikku/Neko）,Decadence Scans,reader.decadencescans.com,en,,Decadence Scans
Mihon系（Mihon/Tachiyomi/Suwayomi/Komikku/Neko）,DFlowScans,dflow.alwaysdata.net,en,,DFlowScans
Mihon系（Mihon/Tachiyomi/Suwayomi/Komikku/Neko）,Digital Comic Museum,digitalcomicmuseum.com,en,,Digital Comic Museum
Mihon系（Mihon/Tachiyomi/Suwayomi/Komikku/Neko）,Diva Scans,divascans.org,en,,Diva Scans
Mihon系（Mihon/Tachiyomi/Suwayomi/Komikku/Neko）,Doujin.io - J18,doujin.io,en,NSFW,Doujin.io - J18
Mihon系（Mihon/Tachiyomi/Suwayomi/Komikku/Neko）,Doujins,doujins.com,en,NSFW,Doujins
Mihon系（Mihon/Tachiyomi/Suwayomi/Komikku/Neko）,DragonTea,dragontea.ink,en,,DragonTea
Mihon系（Mihon/Tachiyomi/Suwayomi/Komikku/Neko）,Drake Scans,drakecomic.net,en,,Drake Scans
Mihon系（Mihon/Tachiyomi/Suwayomi/Komikku/Neko）,Dusk Scans,duskscans.com,en,,Dusk Scans
Mihon系（Mihon/Tachiyomi/Suwayomi/Komikku/Neko）,Dynasty Scans,dynasty-scans.com,en,,Dynasty Scans
Mihon系（Mihon/Tachiyomi/Suwayomi/Komikku/Neko）,Eggporncomics,eggporncomics.com,en,NSFW,Eggporncomics
Mihon系（Mihon/Tachiyomi/Suwayomi/Komikku/Neko）,El Goonish Shive,egscomics.com,en,,El Goonish Shive
Mihon系（Mihon/Tachiyomi/Suwayomi/Komikku/Neko）,18 Porn Comic,18porncomic.com,en,NSFW,18 Porn Comic
Mihon系（Mihon/Tachiyomi/Suwayomi/Komikku/Neko）,8Muses,comics.8muses.com,en,NSFW,8Muses
Mihon系（Mihon/Tachiyomi/Suwayomi/Komikku/Neko）,Elan School,elan.school,en,,Elan School
Mihon系（Mihon/Tachiyomi/Suwayomi/Komikku/Neko）,Elf Toon,elftoon.com,en,,Elf Toon
Mihon系（Mihon/Tachiyomi/Suwayomi/Komikku/Neko）,emaqi,emaqi.com,en,,emaqi
Mihon系（Mihon/Tachiyomi/Suwayomi/Komikku/Neko）,Eris Scans,erisscans.com,en,,Eris Scans
Mihon系（Mihon/Tachiyomi/Suwayomi/Komikku/Neko）,Ero18x,ero18x.com,en,NSFW,Ero18x
Mihon系（Mihon/Tachiyomi/Suwayomi/Komikku/Neko）,Erofus,erofus.com,en,NSFW,Erofus
Mihon系（Mihon/Tachiyomi/Suwayomi/Komikku/Neko）,Scythe Scans,scythescans.com,en,,Scythe Scans
Mihon系（Mihon/Tachiyomi/Suwayomi/Komikku/Neko）,Eva Scans,evascans.net,en,,Eva Scans
Mihon系（Mihon/Tachiyomi/Suwayomi/Komikku/Neko）,Existential Comics,existentialcomics.com,en,,Existential Comics
Mihon系（Mihon/Tachiyomi/Suwayomi/Komikku/Neko）,Cyanide & Happiness,explosm.net,en,,Cyanide & Happiness
Mihon系（Mihon/Tachiyomi/Suwayomi/Komikku/Neko）,EZmanga,ezmanga.org,en,,EZmanga
Mihon系（Mihon/Tachiyomi/Suwayomi/Komikku/Neko）,Fairy Scans,fairyscans.org,en,,Fairy Scans
Mihon系（Mihon/Tachiyomi/Suwayomi/Komikku/Neko）,Firescans,firescans.xyz,en,,Firescans
Mihon系（Mihon/Tachiyomi/Suwayomi/Komikku/Neko）,Flame Comics,flamecomics.xyz,en,,Flame Comics
Mihon系（Mihon/Tachiyomi/Suwayomi/Komikku/Neko）,Frieren Online,frieren.online,en,,Frieren Online
Mihon系（Mihon/Tachiyomi/Suwayomi/Komikku/Neko）,GakaMangas,gakamangas.com,en,,GakaMangas
Mihon系（Mihon/Tachiyomi/Suwayomi/Komikku/Neko）,GalaxyDegenScans,gdscans.com,en,,GalaxyDegenScans
Mihon系（Mihon/Tachiyomi/Suwayomi/Komikku/Neko）,Galaxy Manga,galaxymanga.io,en,,Galaxy Manga
Mihon系（Mihon/Tachiyomi/Suwayomi/Komikku/Neko）,GEDE Comix,gedecomix.com,en,NSFW,GEDE Comix
Mihon系（Mihon/Tachiyomi/Suwayomi/Komikku/Neko）,GingeRTooN,gingertoon.com,en,NSFW,GingeRTooN
Mihon系（Mihon/Tachiyomi/Suwayomi/Komikku/Neko）,GirlsTop,en.girlstop.info,en,NSFW,GirlsTop
Mihon系（Mihon/Tachiyomi/Suwayomi/Komikku/Neko）,Goda,manhuascans.org,en,,Goda
Mihon系（Mihon/Tachiyomi/Suwayomi/Komikku/Neko）,Gourmet Scans,gourmetsupremacy.com,en,,Gourmet Scans
Mihon系（Mihon/Tachiyomi/Suwayomi/Komikku/Neko）,Greed Scans,gojoscans.com,en,,Greed Scans
Mihon系（Mihon/Tachiyomi/Suwayomi/Komikku/Neko）,Grim Scans,grimscans.com,en,,Grim Scans
Mihon系（Mihon/Tachiyomi/Suwayomi/Komikku/Neko）,Grrl Power Comic,grrlpowercomic.com,en,,Grrl Power Comic
Mihon系（Mihon/Tachiyomi/Suwayomi/Komikku/Neko）,Gunnerkrigg Court,gunnerkrigg.com,en,,Gunnerkrigg Court
Mihon系（Mihon/Tachiyomi/Suwayomi/Komikku/Neko）,Guya,guya.cubari.moe,en,,Guya
Mihon系（Mihon/Tachiyomi/Suwayomi/Komikku/Neko）,Gone with the Blastwave,blastwave-comic.com,en,,Gone with the Blastwave
Mihon系（Mihon/Tachiyomi/Suwayomi/Komikku/Neko）,Hachirumi,hachirumi.com,en,,Hachirumi
Mihon系（Mihon/Tachiyomi/Suwayomi/Komikku/Neko）,Hades Scans,hadesscans.com,en,,Hades Scans
Mihon系（Mihon/Tachiyomi/Suwayomi/Komikku/Neko）,Hentai3z.CC,hentai3z.cc,en,NSFW,Hentai3z.CC
Mihon系（Mihon/Tachiyomi/Suwayomi/Komikku/Neko）,Hentai4Free,hentai4free.net,en,NSFW,Hentai4Free
Mihon系（Mihon/Tachiyomi/Suwayomi/Komikku/Neko）,HentaiHere,hentaihere.com,en,NSFW,HentaiHere
Mihon系（Mihon/Tachiyomi/Suwayomi/Komikku/Neko）,HentaiKisu,hentaikisu.com,en,NSFW,HentaiKisu
Mihon系（Mihon/Tachiyomi/Suwayomi/Komikku/Neko）,HentaiKun,hentaikun.com,en,NSFW,HentaiKun
Mihon系（Mihon/Tachiyomi/Suwayomi/Komikku/Neko）,HentaiNexus,hentainexus.com,en,NSFW,HentaiNexus
Mihon系（Mihon/Tachiyomi/Suwayomi/Komikku/Neko）,HentaiRead,hentairead.com,en,NSFW,HentaiRead
Mihon系（Mihon/Tachiyomi/Suwayomi/Komikku/Neko）,HentaiRead.io,hentairead.io,en,NSFW,HentaiRead.io
Mihon系（Mihon/Tachiyomi/Suwayomi/Komikku/Neko）,HentaiSco,hentaisco.cc,en,NSFW,HentaiSco
Mihon系（Mihon/Tachiyomi/Suwayomi/Komikku/Neko）,HentaiXComic,hentaixcomic.com,en,NSFW,HentaiXComic
Mihon系（Mihon/Tachiyomi/Suwayomi/Komikku/Neko）,HentaiXDickgirl,hentaixdickgirl.com,en,NSFW,HentaiXDickgirl
Mihon系（Mihon/Tachiyomi/Suwayomi/Komikku/Neko）,HentaiXYuri,hentaixyuri.com,en,NSFW,HentaiXYuri
Mihon系（Mihon/Tachiyomi/Suwayomi/Komikku/Neko）,Hentara,hentara.com,en,NSFW,Hentara
Mihon系（Mihon/Tachiyomi/Suwayomi/Komikku/Neko）,ToonHey,toonhey.com,en,NSFW,ToonHey
Mihon系（Mihon/Tachiyomi/Suwayomi/Komikku/Neko）,Hijala Scans,en-hijala.com,en,,Hijala Scans
Mihon系（Mihon/Tachiyomi/Suwayomi/Komikku/Neko）,Hiperdex,hiperdex.tv,en,,Hiperdex
Mihon系（Mihon/Tachiyomi/Suwayomi/Komikku/Neko）,Hiveworks Comics,hiveworkscomics.com,en,,Hiveworks Comics
Mihon系（Mihon/Tachiyomi/Suwayomi/Komikku/Neko）,HM2D,doujindistrict.com,en,NSFW,HM2D
Mihon系（Mihon/Tachiyomi/Suwayomi/Komikku/Neko）,Honkai Impact 3rd,manga.honkaiimpact3.com,en,,HonkaiImpact3
Mihon系（Mihon/Tachiyomi/Suwayomi/Komikku/Neko）,HotComics,hotcomics.me,en,NSFW,HotComics
Mihon系（Mihon/Tachiyomi/Suwayomi/Komikku/Neko）,Hunlight Comics,hunlightcomics.com,en,,Hunlight Comics
Mihon系（Mihon/Tachiyomi/Suwayomi/Komikku/Neko）,Hyakuro Translations,hyakuro.net,en,,Hyakuro Translations
Mihon系（Mihon/Tachiyomi/Suwayomi/Komikku/Neko）,I'm An Evil God,imanevilgod.com,en,,I'm An Evil God
Mihon系（Mihon/Tachiyomi/Suwayomi/Komikku/Neko）,Hive Scans,hivetoons.org,en,,Hive Scans
Mihon系（Mihon/Tachiyomi/Suwayomi/Komikku/Neko）,InfinityScans,infinityscans.org,en,,InfinityScans
Mihon系（Mihon/Tachiyomi/Suwayomi/Komikku/Neko）,INKR,comics.inkr.com,en,,INKR
Mihon系（Mihon/Tachiyomi/Suwayomi/Komikku/Neko）,I Roved Out,irovedout.com,en,NSFW,I Roved Out
Mihon系（Mihon/Tachiyomi/Suwayomi/Komikku/Neko）,IsekaiScan.top (unoriginal),isekaiscan.top,en,,IsekaiScan.top (unoriginal)
Mihon系（Mihon/Tachiyomi/Suwayomi/Komikku/Neko）,Jinmangas,jinmangas.com,en,,Jinmangas
Mihon系（Mihon/Tachiyomi/Suwayomi/Komikku/Neko）,J-Novel,j-novel.club,en,,J-Novel
Mihon系（Mihon/Tachiyomi/Suwayomi/Komikku/Neko）,Kaizen Scan,kaizenscan.com,en,NSFW,Kaizen Scan
Mihon系（Mihon/Tachiyomi/Suwayomi/Komikku/Neko）,KaliScan,kaliscan.com,en,,KaliScan
Mihon系（Mihon/Tachiyomi/Suwayomi/Komikku/Neko）,Kappa Beast,kappabeast.com,en,,Kappa Beast
Mihon系（Mihon/Tachiyomi/Suwayomi/Komikku/Neko）,Kayn Scans,kaynscans.com,en,,Kayn Scans
Mihon系（Mihon/Tachiyomi/Suwayomi/Komikku/Neko）,Keenspot TwoKinds,twokinds.keenspot.com,en,,keenspot
Mihon系（Mihon/Tachiyomi/Suwayomi/Komikku/Neko）,Ken Scans,kencomics.com,en,,Ken Scans
Mihon系（Mihon/Tachiyomi/Suwayomi/Komikku/Neko）,Kewn Scans,kewnscans.org,en,,Kewn Scans
Mihon系（Mihon/Tachiyomi/Suwayomi/Komikku/Neko）,KillSixBillionDemons,killsixbilliondemons.com,en,,Kill Six Billion Demons
Mihon系（Mihon/Tachiyomi/Suwayomi/Komikku/Neko）,KingComiX,kingcomix.com,en,NSFW,KingComiX
Mihon系（Mihon/Tachiyomi/Suwayomi/Komikku/Neko）,King of Shojo,kingofshojo.com,en,,King of Shojo
Mihon系（Mihon/Tachiyomi/Suwayomi/Komikku/Neko）,Kissmanga.in,kissmanga.in,en,,Kissmanga.in
Mihon系（Mihon/Tachiyomi/Suwayomi/Komikku/Neko）,K Manga,kmanga.kodansha.com,en,,K Manga
Mihon系（Mihon/Tachiyomi/Suwayomi/Komikku/Neko）,Kodansha,kodansha.us,en,,Kodansha
Mihon系（Mihon/Tachiyomi/Suwayomi/Komikku/Neko）,KSGroupScans,ksgroupscans.com,en,,KSGroupScans
Mihon系（Mihon/Tachiyomi/Suwayomi/Komikku/Neko）,Kun Manga Online,kunmanga.online,en,,Kun Manga Online
Mihon系（Mihon/Tachiyomi/Suwayomi/Komikku/Neko）,KuraManga,kuramanga.com,en,,KuraManga
Mihon系（Mihon/Tachiyomi/Suwayomi/Komikku/Neko）,Lagoon Scans,lagoonscans.com,en,,Lagoon Scans
Mihon系（Mihon/Tachiyomi/Suwayomi/Komikku/Neko）,Leslie&Victims,leslie-victims.pages.dev,en,,Leslie&Victims
Mihon系（Mihon/Tachiyomi/Suwayomi/Komikku/Neko）,LHTranslation,lhtranslation.net,en,,LHTranslation
Mihon系（Mihon/Tachiyomi/Suwayomi/Komikku/Neko）,LikeManga,likemanga.ink,en,,LikeManga
Mihon系（Mihon/Tachiyomi/Suwayomi/Komikku/Neko）,MangaYY,mangayy.org,en,,MangaYY
Mihon系（Mihon/Tachiyomi/Suwayomi/Komikku/Neko）,Lily Manga,lilymanga.net,en,,Lily Manga
Mihon系（Mihon/Tachiyomi/Suwayomi/Komikku/Neko）,LinkManga,linkmanga.com,en,,LinkManga
Mihon系（Mihon/Tachiyomi/Suwayomi/Komikku/Neko）,Loading Artist,loadingartist.com,en,,Loading Artist
Mihon系（Mihon/Tachiyomi/Suwayomi/Komikku/Neko）,Lua Scans,luacomic.org,en,,Lua Scans
Mihon系（Mihon/Tachiyomi/Suwayomi/Komikku/Neko）,Luminare Translations,luminaretranslations.com,en,,Luminare Translations
Mihon系（Mihon/Tachiyomi/Suwayomi/Komikku/Neko）,Luna Toons,lunatoons.org,en,,Luna Toons
Mihon系（Mihon/Tachiyomi/Suwayomi/Komikku/Neko）,LustToon,lustoon.com,en,,LustToon
Mihon系（Mihon/Tachiyomi/Suwayomi/Komikku/Neko）,MadaraDex,madaradex.org,en,,MadaraDex
Mihon系（Mihon/Tachiyomi/Suwayomi/Komikku/Neko）,Madara Scans,madarascans.org,en,,Madara Scans
Mihon系（Mihon/Tachiyomi/Suwayomi/Komikku/Neko）,Madokami,manga.madokami.al,en,,Madokami
Mihon系（Mihon/Tachiyomi/Suwayomi/Komikku/Neko）,Magus Manga,magustoon.org,en,,Magus Manga
Mihon系（Mihon/Tachiyomi/Suwayomi/Komikku/Neko）,Mahouirexnohentaikarte,mahouirexnohentaikarte.com,en,NSFW,Mahouirexnohentaikarte
Mihon系（Mihon/Tachiyomi/Suwayomi/Komikku/Neko）,Manga18.Club,manga18.club,en,NSFW,Manga18.Club
Mihon系（Mihon/Tachiyomi/Suwayomi/Komikku/Neko）,Manga18Free,manga18free.com,en,NSFW,Manga18Free
Mihon系（Mihon/Tachiyomi/Suwayomi/Komikku/Neko）,Manga 18x,manga18x.net,en,NSFW,Manga 18x
Mihon系（Mihon/Tachiyomi/Suwayomi/Komikku/Neko）,Mangabat,mangabats.com,en,,Mangabat
Mihon系（Mihon/Tachiyomi/Suwayomi/Komikku/Neko）,Manga-Bay,read.manga-bay.org,en,,Manga-Bay
Mihon系（Mihon/Tachiyomi/Suwayomi/Komikku/Neko）,MangaBlaze,mangablaze.com,en,,MangaBlaze
Mihon系（Mihon/Tachiyomi/Suwayomi/Komikku/Neko）,MangaBolt,mangabolt.com,en,,MangaBolt
Mihon系（Mihon/Tachiyomi/Suwayomi/Komikku/Neko）,MangaK,mangak.io,en,,MangaK
Mihon系（Mihon/Tachiyomi/Suwayomi/Komikku/Neko）,Mangack,mangack.com,en,,Mangack
Mihon系（Mihon/Tachiyomi/Suwayomi/Komikku/Neko）,MangaCloud,mangacloud.org,en,,MangaCloud
Mihon系（Mihon/Tachiyomi/Suwayomi/Komikku/Neko）,Manga Dass,mangadass.com,en,,Manga Dass
Mihon系（Mihon/Tachiyomi/Suwayomi/Komikku/Neko）,MangaDE,mangade.io,en,,MangaDE
Mihon系（Mihon/Tachiyomi/Suwayomi/Komikku/Neko）,Manga Demon,demonicscans.org,en,,Manga Demon
Mihon系（Mihon/Tachiyomi/Suwayomi/Komikku/Neko）,MangaDia,mangadia.com,en,,MangaDia
Mihon系（Mihon/Tachiyomi/Suwayomi/Komikku/Neko）,Manga District,mangadistrict.com,en,,Manga District
Mihon系（Mihon/Tachiyomi/Suwayomi/Komikku/Neko）,MangaDot,mangadot.net,ar,,MangaDot
Mihon系（Mihon/Tachiyomi/Suwayomi/Komikku/Neko）,MangaDot,mangadot.net,bn,,MangaDot
Mihon系（Mihon/Tachiyomi/Suwayomi/Komikku/Neko）,MangaDot,mangadot.net,bg,,MangaDot
Mihon系（Mihon/Tachiyomi/Suwayomi/Komikku/Neko）,MangaDot,mangadot.net,my,,MangaDot
Mihon系（Mihon/Tachiyomi/Suwayomi/Komikku/Neko）,MangaDot,mangadot.net,zh,,MangaDot
Mihon系（Mihon/Tachiyomi/Suwayomi/Komikku/Neko）,MangaDot,mangadot.net,zh-Hant,,MangaDot
Mihon系（Mihon/Tachiyomi/Suwayomi/Komikku/Neko）,MangaDot,mangadot.net,cs,,MangaDot
Mihon系（Mihon/Tachiyomi/Suwayomi/Komikku/Neko）,MangaDot,mangadot.net,da,,MangaDot
Mihon系（Mihon/Tachiyomi/Suwayomi/Komikku/Neko）,MangaDot,mangadot.net,nl,,MangaDot
Mihon系（Mihon/Tachiyomi/Suwayomi/Komikku/Neko）,MangaDot,mangadot.net,en,,MangaDot
Mihon系（Mihon/Tachiyomi/Suwayomi/Komikku/Neko）,MangaDot,mangadot.net,tl,,MangaDot
Mihon系（Mihon/Tachiyomi/Suwayomi/Komikku/Neko）,MangaDot,mangadot.net,fi,,MangaDot
Mihon系（Mihon/Tachiyomi/Suwayomi/Komikku/Neko）,MangaDot,mangadot.net,fr,,MangaDot
Mihon系（Mihon/Tachiyomi/Suwayomi/Komikku/Neko）,MangaDot,mangadot.net,ka,,MangaDot
Mihon系（Mihon/Tachiyomi/Suwayomi/Komikku/Neko）,MangaDot,mangadot.net,de,,MangaDot
Mihon系（Mihon/Tachiyomi/Suwayomi/Komikku/Neko）,MangaDot,mangadot.net,el,,MangaDot
Mihon系（Mihon/Tachiyomi/Suwayomi/Komikku/Neko）,MangaDot,mangadot.net,he,,MangaDot
Mihon系（Mihon/Tachiyomi/Suwayomi/Komikku/Neko）,MangaDot,mangadot.net,hi,,MangaDot
Mihon系（Mihon/Tachiyomi/Suwayomi/Komikku/Neko）,MangaDot,mangadot.net,hu,,MangaDot
Mihon系（Mihon/Tachiyomi/Suwayomi/Komikku/Neko）,MangaDot,mangadot.net,id,,MangaDot
Mihon系（Mihon/Tachiyomi/Suwayomi/Komikku/Neko）,MangaDot,mangadot.net,it,,MangaDot
Mihon系（Mihon/Tachiyomi/Suwayomi/Komikku/Neko）,MangaDot,mangadot.net,ja,,MangaDot
Mihon系（Mihon/Tachiyomi/Suwayomi/Komikku/Neko）,MangaDot,mangadot.net,ko,,MangaDot
Mihon系（Mihon/Tachiyomi/Suwayomi/Komikku/Neko）,MangaDot,mangadot.net,la,,MangaDot
Mihon系（Mihon/Tachiyomi/Suwayomi/Komikku/Neko）,MangaDot,mangadot.net,lt,,MangaDot
Mihon系（Mihon/Tachiyomi/Suwayomi/Komikku/Neko）,MangaDot,mangadot.net,ms,,MangaDot
Mihon系（Mihon/Tachiyomi/Suwayomi/Komikku/Neko）,MangaDot,mangadot.net,mn,,MangaDot
Mihon系（Mihon/Tachiyomi/Suwayomi/Komikku/Neko）,MangaDot,mangadot.net,no,,MangaDot
Mihon系（Mihon/Tachiyomi/Suwayomi/Komikku/Neko）,MangaDot,mangadot.net,fa,,MangaDot
Mihon系（Mihon/Tachiyomi/Suwayomi/Komikku/Neko）,MangaDot,mangadot.net,pl,,MangaDot
Mihon系（Mihon/Tachiyomi/Suwayomi/Komikku/Neko）,MangaDot,mangadot.net,pt,,MangaDot
Mihon系（Mihon/Tachiyomi/Suwayomi/Komikku/Neko）,MangaDot,mangadot.net,pt-BR,,MangaDot
Mihon系（Mihon/Tachiyomi/Suwayomi/Komikku/Neko）,MangaDot,mangadot.net,ro,,MangaDot
Mihon系（Mihon/Tachiyomi/Suwayomi/Komikku/Neko）,MangaDot,mangadot.net,ru,,MangaDot
Mihon系（Mihon/Tachiyomi/Suwayomi/Komikku/Neko）,MangaDot,mangadot.net,es,,MangaDot
Mihon系（Mihon/Tachiyomi/Suwayomi/Komikku/Neko）,MangaDot,mangadot.net,es-419,,MangaDot
Mihon系（Mihon/Tachiyomi/Suwayomi/Komikku/Neko）,MangaDot,mangadot.net,sv,,MangaDot
Mihon系（Mihon/Tachiyomi/Suwayomi/Komikku/Neko）,MangaDot,mangadot.net,th,,MangaDot
Mihon系（Mihon/Tachiyomi/Suwayomi/Komikku/Neko）,MangaDot,mangadot.net,tr,,MangaDot
Mihon系（Mihon/Tachiyomi/Suwayomi/Komikku/Neko）,MangaDot,mangadot.net,uk,,MangaDot
Mihon系（Mihon/Tachiyomi/Suwayomi/Komikku/Neko）,MangaDot,mangadot.net,vi,,MangaDot
Mihon系（Mihon/Tachiyomi/Suwayomi/Komikku/Neko）,MangaDot,mangadot.net,zu,,MangaDot
Mihon系（Mihon/Tachiyomi/Suwayomi/Komikku/Neko）,MangaDot,mangadot.net,zh-tw,,MangaDot
Mihon系（Mihon/Tachiyomi/Suwayomi/Komikku/Neko）,MangaDot,mangadot.net,yo,,MangaDot
Mihon系（Mihon/Tachiyomi/Suwayomi/Komikku/Neko）,MangaDot,mangadot.net,uz,,MangaDot
Mihon系（Mihon/Tachiyomi/Suwayomi/Komikku/Neko）,MangaDot,mangadot.net,ur,,MangaDot
Mihon系（Mihon/Tachiyomi/Suwayomi/Komikku/Neko）,MangaDot,mangadot.net,tk,,MangaDot
Mihon系（Mihon/Tachiyomi/Suwayomi/Komikku/Neko）,MangaDot,mangadot.net,to,,MangaDot
Mihon系（Mihon/Tachiyomi/Suwayomi/Komikku/Neko）,MangaDot,mangadot.net,ti,,MangaDot
Mihon系（Mihon/Tachiyomi/Suwayomi/Komikku/Neko）,MangaDot,mangadot.net,te,,MangaDot
Mihon系（Mihon/Tachiyomi/Suwayomi/Komikku/Neko）,MangaDot,mangadot.net,ta,,MangaDot
Mihon系（Mihon/Tachiyomi/Suwayomi/Komikku/Neko）,MangaDot,mangadot.net,tg,,MangaDot
Mihon系（Mihon/Tachiyomi/Suwayomi/Komikku/Neko）,MangaDot,mangadot.net,ss,,MangaDot
Mihon系（Mihon/Tachiyomi/Suwayomi/Komikku/Neko）,MangaDot,mangadot.net,sw,,MangaDot
Mihon系（Mihon/Tachiyomi/Suwayomi/Komikku/Neko）,MangaDot,mangadot.net,so,,MangaDot
Mihon系（Mihon/Tachiyomi/Suwayomi/Komikku/Neko）,MangaDot,mangadot.net,sl,,MangaDot
Mihon系（Mihon/Tachiyomi/Suwayomi/Komikku/Neko）,MangaDot,mangadot.net,sk,,MangaDot
Mihon系（Mihon/Tachiyomi/Suwayomi/Komikku/Neko）,MangaDot,mangadot.net,si,,MangaDot
Mihon系（Mihon/Tachiyomi/Suwayomi/Komikku/Neko）,MangaDot,mangadot.net,sd,,MangaDot
Mihon系（Mihon/Tachiyomi/Suwayomi/Komikku/Neko）,MangaDot,mangadot.net,sn,,MangaDot
Mihon系（Mihon/Tachiyomi/Suwayomi/Komikku/Neko）,MangaDot,mangadot.net,st,,MangaDot
Mihon系（Mihon/Tachiyomi/Suwayomi/Komikku/Neko）,MangaDot,mangadot.net,sh,,MangaDot
Mihon系（Mihon/Tachiyomi/Suwayomi/Komikku/Neko）,MangaDot,mangadot.net,sr,,MangaDot
Mihon系（Mihon/Tachiyomi/Suwayomi/Komikku/Neko）,MangaDot,mangadot.net,sm,,MangaDot
Mihon系（Mihon/Tachiyomi/Suwayomi/Komikku/Neko）,MangaDot,mangadot.net,rm,,MangaDot
Mihon系（Mihon/Tachiyomi/Suwayomi/Komikku/Neko）,MangaDot,mangadot.net,ps,,MangaDot
Mihon系（Mihon/Tachiyomi/Suwayomi/Komikku/Neko）,MangaDot,mangadot.net,ny,,MangaDot
Mihon系（Mihon/Tachiyomi/Suwayomi/Komikku/Neko）,MangaDot,mangadot.net,ne,,MangaDot
Mihon系（Mihon/Tachiyomi/Suwayomi/Komikku/Neko）,MangaDot,mangadot.net,mo,,MangaDot
Mihon系（Mihon/Tachiyomi/Suwayomi/Komikku/Neko）,MangaDot,mangadot.net,mr,,MangaDot
Mihon系（Mihon/Tachiyomi/Suwayomi/Komikku/Neko）,MangaDot,mangadot.net,mi,,MangaDot
Mihon系（Mihon/Tachiyomi/Suwayomi/Komikku/Neko）,MangaDot,mangadot.net,mt,,MangaDot
Mihon系（Mihon/Tachiyomi/Suwayomi/Komikku/Neko）,MangaDot,mangadot.net,ml,,MangaDot
Mihon系（Mihon/Tachiyomi/Suwayomi/Komikku/Neko）,MangaDot,mangadot.net,mg,,MangaDot
Mihon系（Mihon/Tachiyomi/Suwayomi/Komikku/Neko）,MangaDot,mangadot.net,mk,,MangaDot
Mihon系（Mihon/Tachiyomi/Suwayomi/Komikku/Neko）,MangaDot,mangadot.net,lb,,MangaDot
Mihon系（Mihon/Tachiyomi/Suwayomi/Komikku/Neko）,MangaDot,mangadot.net,lv,,MangaDot
Mihon系（Mihon/Tachiyomi/Suwayomi/Komikku/Neko）,MangaDot,mangadot.net,lo,,MangaDot
Mihon系（Mihon/Tachiyomi/Suwayomi/Komikku/Neko）,MangaDot,mangadot.net,ky,,MangaDot
Mihon系（Mihon/Tachiyomi/Suwayomi/Komikku/Neko）,MangaDot,mangadot.net,ku,,MangaDot
Mihon系（Mihon/Tachiyomi/Suwayomi/Komikku/Neko）,MangaDot,mangadot.net,kk,,MangaDot
Mihon系（Mihon/Tachiyomi/Suwayomi/Komikku/Neko）,MangaDot,mangadot.net,kn,,MangaDot
Mihon系（Mihon/Tachiyomi/Suwayomi/Komikku/Neko）,MangaDot,mangadot.net,jv,,MangaDot
Mihon系（Mihon/Tachiyomi/Suwayomi/Komikku/Neko）,MangaDot,mangadot.net,ga,,MangaDot
Mihon系（Mihon/Tachiyomi/Suwayomi/Komikku/Neko）,MangaDot,mangadot.net,ig,,MangaDot
Mihon系（Mihon/Tachiyomi/Suwayomi/Komikku/Neko）,MangaDot,mangadot.net,is,,MangaDot
Mihon系（Mihon/Tachiyomi/Suwayomi/Komikku/Neko）,MangaDot,mangadot.net,ha,,MangaDot
Mihon系（Mihon/Tachiyomi/Suwayomi/Komikku/Neko）,MangaDot,mangadot.net,ht,,MangaDot
Mihon系（Mihon/Tachiyomi/Suwayomi/Komikku/Neko）,MangaDot,mangadot.net,gu,,MangaDot
Mihon系（Mihon/Tachiyomi/Suwayomi/Komikku/Neko）,MangaDot,mangadot.net,gn,,MangaDot
Mihon系（Mihon/Tachiyomi/Suwayomi/Komikku/Neko）,MangaDot,mangadot.net,gl,,MangaDot
Mihon系（Mihon/Tachiyomi/Suwayomi/Komikku/Neko）,MangaDot,mangadot.net,fo,,MangaDot
Mihon系（Mihon/Tachiyomi/Suwayomi/Komikku/Neko）,MangaDot,mangadot.net,et,,MangaDot
Mihon系（Mihon/Tachiyomi/Suwayomi/Komikku/Neko）,MangaDot,mangadot.net,eo,,MangaDot
Mihon系（Mihon/Tachiyomi/Suwayomi/Komikku/Neko）,MangaDot,mangadot.net,hr,,MangaDot
Mihon系（Mihon/Tachiyomi/Suwayomi/Komikku/Neko）,MangaDot,mangadot.net,cv,,MangaDot
Mihon系（Mihon/Tachiyomi/Suwayomi/Komikku/Neko）,MangaDot,mangadot.net,ceb,,MangaDot
Mihon系（Mihon/Tachiyomi/Suwayomi/Komikku/Neko）,MangaDot,mangadot.net,ca,,MangaDot
Mihon系（Mihon/Tachiyomi/Suwayomi/Komikku/Neko）,MangaDot,mangadot.net,km,,MangaDot
Mihon系（Mihon/Tachiyomi/Suwayomi/Komikku/Neko）,MangaDot,mangadot.net,bs,,MangaDot
Mihon系（Mihon/Tachiyomi/Suwayomi/Komikku/Neko）,MangaDot,mangadot.net,be,,MangaDot
Mihon系（Mihon/Tachiyomi/Suwayomi/Komikku/Neko）,MangaDot,mangadot.net,eu,,MangaDot
Mihon系（Mihon/Tachiyomi/Suwayomi/Komikku/Neko）,MangaDot,mangadot.net,az,,MangaDot
Mihon系（Mihon/Tachiyomi/Suwayomi/Komikku/Neko）,MangaDot,mangadot.net,hy,,MangaDot
Mihon系（Mihon/Tachiyomi/Suwayomi/Komikku/Neko）,MangaDot,mangadot.net,am,,MangaDot
Mihon系（Mihon/Tachiyomi/Suwayomi/Komikku/Neko）,MangaDot,mangadot.net,sq,,MangaDot
Mihon系（Mihon/Tachiyomi/Suwayomi/Komikku/Neko）,MangaDot,mangadot.net,af,,MangaDot
Mihon系（Mihon/Tachiyomi/Suwayomi/Komikku/Neko）,MangaDot,mangadot.net,ab,,MangaDot
Mihon系（Mihon/Tachiyomi/Suwayomi/Komikku/Neko）,Manga Drama,mangadrama.com,en,NSFW,Manga Drama
Mihon系（Mihon/Tachiyomi/Suwayomi/Komikku/Neko）,Mangaforfree.com,mangaforfree.com,en,NSFW,Mangaforfree.com
Mihon系（Mihon/Tachiyomi/Suwayomi/Komikku/Neko）,MangaFox,fanfox.net,en,,MangaFox
Mihon系（Mihon/Tachiyomi/Suwayomi/Komikku/Neko）,MangaFox.fun,mangafox.fun,en,,MangaFox.fun
Mihon系（Mihon/Tachiyomi/Suwayomi/Komikku/Neko）,Mangafreak,ww3.mangafreak.me,en,,Mangafreak
Mihon系（Mihon/Tachiyomi/Suwayomi/Komikku/Neko）,Mangafree,mangafree.info,en,NSFW,Mangafree
Mihon系（Mihon/Tachiyomi/Suwayomi/Komikku/Neko）,MangaGG,mangagg.com,en,,MangaGG
Mihon系（Mihon/Tachiyomi/Suwayomi/Komikku/Neko）,Mangago,mangago.me,en,,Mangago
Mihon系（Mihon/Tachiyomi/Suwayomi/Komikku/Neko）,MangaGo.fun,mangago.fun,en,,MangaGo.fun
Mihon系（Mihon/Tachiyomi/Suwayomi/Komikku/Neko）,MangaHe,mangahe.com,en,,MangaHe
Mihon系（Mihon/Tachiyomi/Suwayomi/Komikku/Neko）,Gensura,gensura.net,en,NSFW,Gensura
Mihon系（Mihon/Tachiyomi/Suwayomi/Komikku/Neko）,Mangahere,mangahere.cc,en,,Mangahere
Mihon系（Mihon/Tachiyomi/Suwayomi/Komikku/Neko）,MangaHere.onl,mangahere.onl,en,,MangaHere.onl
Mihon系（Mihon/Tachiyomi/Suwayomi/Komikku/Neko）,MangaHub,mangahub.io,en,,MangaHub
Mihon系（Mihon/Tachiyomi/Suwayomi/Komikku/Neko）,MangaKa,mangaka.cc,en,,MangaKa
Mihon系（Mihon/Tachiyomi/Suwayomi/Komikku/Neko）,Mangakakalot,mangakakalot.gg,en,,Mangakakalot
Mihon系（Mihon/Tachiyomi/Suwayomi/Komikku/Neko）,Mangakakalot.fun,mangakakalot.fun,en,,Mangakakalot.fun
Mihon系（Mihon/Tachiyomi/Suwayomi/Komikku/Neko）,MangaKatana,mangakatana.com,en,,MangaKatana
Mihon系（Mihon/Tachiyomi/Suwayomi/Komikku/Neko）,Manga Kiss,mangakiss.org,en,,Manga Kiss
Mihon系（Mihon/Tachiyomi/Suwayomi/Komikku/Neko）,MangaLix,mangalix.com,en,,MangaLix
Mihon系（Mihon/Tachiyomi/Suwayomi/Komikku/Neko）,MangaManiacs,mangamaniacs.org,en,NSFW,MangaManiacs
Mihon系（Mihon/Tachiyomi/Suwayomi/Komikku/Neko）,MangaMelon,mangamelon.com,en,,MangaMelon
Mihon系（Mihon/Tachiyomi/Suwayomi/Komikku/Neko）,Manga Mirai,mangamirai.com,en,,Manga Mirai
Mihon系（Mihon/Tachiyomi/Suwayomi/Komikku/Neko）,Mangamo,mangamo.com,en,,Mangamo
Mihon系（Mihon/Tachiyomi/Suwayomi/Komikku/Neko）,Comivex,comivex.com,en,,Comivex
Mihon系（Mihon/Tachiyomi/Suwayomi/Komikku/Neko）,MangaNel,manganel.me,en,,MangaNel
Mihon系（Mihon/Tachiyomi/Suwayomi/Komikku/Neko）,Manganato,natomanga.com,en,,Manganato
Mihon系（Mihon/Tachiyomi/Suwayomi/Komikku/Neko）,MangaNow,manganow.to,en,,MangaNow
Mihon系（Mihon/Tachiyomi/Suwayomi/Komikku/Neko）,MangaOnline.fun,mangaonline.fun,en,,MangaOnline.fun
Mihon系（Mihon/Tachiyomi/Suwayomi/Komikku/Neko）,MangaOwl.io (unoriginal),mangaowl.io,en,,MangaOwl.io (unoriginal)
Mihon系（Mihon/Tachiyomi/Suwayomi/Komikku/Neko）,MangaPanda.onl,mangapanda.onl,en,,MangaPanda.onl
Mihon系（Mihon/Tachiyomi/Suwayomi/Komikku/Neko）,MANGAPDF,mangapdf.org,en,,MANGAPDF
Mihon系（Mihon/Tachiyomi/Suwayomi/Komikku/Neko）,MangaPill,mangapill.com,en,,MangaPill
Mihon系（Mihon/Tachiyomi/Suwayomi/Komikku/Neko）,MangaGeko,mgeko.cc,en,,MangaGeko
Mihon系（Mihon/Tachiyomi/Suwayomi/Komikku/Neko）,MangaReader.in,mangareader.in,en,,MangaReader.in
Mihon系（Mihon/Tachiyomi/Suwayomi/Komikku/Neko）,MangaReader.site,mangareader.site,en,,MangaReader.site
Mihon系（Mihon/Tachiyomi/Suwayomi/Komikku/Neko）,MangaRead.org,mangaread.org,en,,MangaRead.org
Mihon系（Mihon/Tachiyomi/Suwayomi/Komikku/Neko）,Mangasushi,mangasushi.org,en,,Mangasushi
Mihon系（Mihon/Tachiyomi/Suwayomi/Komikku/Neko）,Mangatellers,reader.mangatellers.gr,en,,Mangatellers
Mihon系（Mihon/Tachiyomi/Suwayomi/Komikku/Neko）,MangaToday,mangatoday.fun,en,,MangaToday
Mihon系（Mihon/Tachiyomi/Suwayomi/Komikku/Neko）,Mangatown,mangatown.com,en,,Mangatown
Mihon系（Mihon/Tachiyomi/Suwayomi/Komikku/Neko）,Manga Trend,mangatrend.org,en,,Manga Trend
Mihon系（Mihon/Tachiyomi/Suwayomi/Komikku/Neko）,MangaTX,mangatx.cc,en,,MangaTX
Mihon系（Mihon/Tachiyomi/Suwayomi/Komikku/Neko）,Manga.uno,manga.uno,en,,Manga.uno
Mihon系（Mihon/Tachiyomi/Suwayomi/Komikku/Neko）,MangaYi,mangayi.com,en,,MangaYi
Mihon系（Mihon/Tachiyomi/Suwayomi/Komikku/Neko）,ManhuaFast.net (unoriginal),manhuafast.net,en,,ManhuaFast.net (unoriginal)
Mihon系（Mihon/Tachiyomi/Suwayomi/Komikku/Neko）,ManhuaHot,manhuahot.com,en,,ManhuaHot
Mihon系（Mihon/Tachiyomi/Suwayomi/Komikku/Neko）,Manhuanext,manhuanext.com,en,,Manhuanext
Mihon系（Mihon/Tachiyomi/Suwayomi/Komikku/Neko）,Manhua Plus,manhuaplus.com,en,,Manhua Plus
Mihon系（Mihon/Tachiyomi/Suwayomi/Komikku/Neko）,ManhuaPlus (Unoriginal),manhuaplus.org,en,,ManhuaPlus (Unoriginal)
Mihon系（Mihon/Tachiyomi/Suwayomi/Komikku/Neko）,Manhua Rush,manhuarush.vercel.app,en,,Manhua Rush
Mihon系（Mihon/Tachiyomi/Suwayomi/Komikku/Neko）,ManhuaTop,manhuatop.org,en,,ManhuaTop
Mihon系（Mihon/Tachiyomi/Suwayomi/Komikku/Neko）,ManhuaUS,manhuaus.com,en,,ManhuaUS
Mihon系（Mihon/Tachiyomi/Suwayomi/Komikku/Neko）,Manhua Zonghe,manhuazonghe.com,en,NSFW,Manhua Zonghe
Mihon系（Mihon/Tachiyomi/Suwayomi/Komikku/Neko）,Manhwa18,manhwa18.com,en,NSFW,Manhwa18
Mihon系（Mihon/Tachiyomi/Suwayomi/Komikku/Neko）,Manhwa18.org,manhwa18.org,en,NSFW,Manhwa18.org
Mihon系（Mihon/Tachiyomi/Suwayomi/Komikku/Neko）,Manhwa68,manhwa68.com,en,NSFW,Manhwa68
Mihon系（Mihon/Tachiyomi/Suwayomi/Komikku/Neko）,ManhwaBuddy,manhwabuddy.com,en,,ManhwaBuddy
Mihon系（Mihon/Tachiyomi/Suwayomi/Komikku/Neko）,Manhwa Comics,manhwacomics.com,en,NSFW,Manhwa Comics
Mihon系（Mihon/Tachiyomi/Suwayomi/Komikku/Neko）,ManhwaDen,manhwaden.com,en,NSFW,ManhwaDen
Mihon系（Mihon/Tachiyomi/Suwayomi/Komikku/Neko）,ManhwaGet,manhwaget.com,en,,ManhwaGet
Mihon系（Mihon/Tachiyomi/Suwayomi/Komikku/Neko）,ManhwaHub,manhwahub.net,en,,ManhwaHub
Mihon系（Mihon/Tachiyomi/Suwayomi/Komikku/Neko）,Manhwalike,manhwalike.com,en,NSFW,Manhwalike
Mihon系（Mihon/Tachiyomi/Suwayomi/Komikku/Neko）,ManhwaManhua,manhwamanhua.com,en,NSFW,ManhwaManhua
Mihon系（Mihon/Tachiyomi/Suwayomi/Komikku/Neko）,ManhwaNex,manhwanex.com,en,,ManhwaNex
Mihon系（Mihon/Tachiyomi/Suwayomi/Komikku/Neko）,ManhwaRead,manhwaread.com,en,,ManhwaRead
Mihon系（Mihon/Tachiyomi/Suwayomi/Komikku/Neko）,Manhwa Reads,manhwareads.com,en,,Manhwa Reads
Mihon系（Mihon/Tachiyomi/Suwayomi/Komikku/Neko）,Manhwa Toon,manhwatoon.me,en,,Manhwa Toon
Mihon系（Mihon/Tachiyomi/Suwayomi/Komikku/Neko）,Manhwatop,manhwatop.com,en,,Manhwatop
Mihon系（Mihon/Tachiyomi/Suwayomi/Komikku/Neko）,HentaiTnT,hentaitnt.net,en,NSFW,HentaiTnT
Mihon系（Mihon/Tachiyomi/Suwayomi/Komikku/Neko）,ManhwaZ,manhwaz.com,en,,ManhwaZ
Mihon系（Mihon/Tachiyomi/Suwayomi/Komikku/Neko）,ManhwaZone,manhwazone.com,en,,ManhwaZone
Mihon系（Mihon/Tachiyomi/Suwayomi/Komikku/Neko）,Megatokyo,megatokyo.com,en,,Megatokyo
Mihon系（Mihon/Tachiyomi/Suwayomi/Komikku/Neko）,Mehgazone,mehgazone.com,en,NSFW,Mehgazone
Mihon系（Mihon/Tachiyomi/Suwayomi/Komikku/Neko）,MeiToon,meitoon.org,en,,MeiToon
Mihon系（Mihon/Tachiyomi/Suwayomi/Komikku/Neko）,Mgread.io,mgread.io,en,,Mgread.io
Mihon系（Mihon/Tachiyomi/Suwayomi/Komikku/Neko）,Milftoon,milftoon.xxx,en,NSFW,Milftoon
Mihon系（Mihon/Tachiyomi/Suwayomi/Komikku/Neko）,Mist Scans,mistscans.com,en,,Mist Scans
Mihon系（Mihon/Tachiyomi/Suwayomi/Komikku/Neko）,MLBB Lore Comics,play.mobilelegends.com,en,,MLBB Lore
Mihon系（Mihon/Tachiyomi/Suwayomi/Komikku/Neko）,Monochrome Custom,monochromecms.netlify.app,en,,Monochrome Custom
Mihon系（Mihon/Tachiyomi/Suwayomi/Komikku/Neko）,Monochrome Scans,manga.d34d.one,en,,Monochrome Scans
Mihon系（Mihon/Tachiyomi/Suwayomi/Komikku/Neko）,Multporn,multporn.net,en,NSFW,Multporn
Mihon系（Mihon/Tachiyomi/Suwayomi/Komikku/Neko）,MurimScan,murimscans.site,en,,MurimScan
Mihon系（Mihon/Tachiyomi/Suwayomi/Komikku/Neko）,MyAdultComics,myadultcomics.com,en,NSFW,MyAdultComics
Mihon系（Mihon/Tachiyomi/Suwayomi/Komikku/Neko）,MyHentaiComics,myhentaicomics.com,en,NSFW,MyHentaiComics
Mihon系（Mihon/Tachiyomi/Suwayomi/Komikku/Neko）,MyHentaiGallery,myhentaigallery.com,en,NSFW,MyHentaiGallery
Mihon系（Mihon/Tachiyomi/Suwayomi/Komikku/Neko）,New Manhwa,saymanhwa.com,en,,New Manhwa
Mihon系（Mihon/Tachiyomi/Suwayomi/Komikku/Neko）,NexComic,nexcomic.com,en,,NexComic
Mihon系（Mihon/Tachiyomi/Suwayomi/Komikku/Neko）,NineAnime,nineanime.com,en,NSFW,NineAnime
Mihon系（Mihon/Tachiyomi/Suwayomi/Komikku/Neko）,NineHentai,9hentai.so,en,NSFW,NineHentai
Mihon系（Mihon/Tachiyomi/Suwayomi/Komikku/Neko）,Ninekon,ninekon.com,en,,Ninekon
Mihon系（Mihon/Tachiyomi/Suwayomi/Komikku/Neko）,NixManga,nixmanga.com,en,NSFW,NixManga
Mihon系（Mihon/Tachiyomi/Suwayomi/Komikku/Neko）,NovelCrow,novelcrow.com,en,NSFW,NovelCrow
Mihon系（Mihon/Tachiyomi/Suwayomi/Komikku/Neko）,Nuvia Toon,nuviatoon.com,en,,Nuvia Toon
Mihon系（Mihon/Tachiyomi/Suwayomi/Komikku/Neko）,Nux Scans,nuxscans-comics.blogspot.com,en,,Nux Scans
Mihon系（Mihon/Tachiyomi/Suwayomi/Komikku/Neko）,Nyanu Kafe,nyanukafe.com,en,,Nyanu Kafe
Mihon系（Mihon/Tachiyomi/Suwayomi/Komikku/Neko）,Nyra Scans,nyrascans.com,en,,Nyra Scans
Mihon系（Mihon/Tachiyomi/Suwayomi/Komikku/Neko）,Nyx Scans,nyxscans.com,en,,Nyx Scans
Mihon系（Mihon/Tachiyomi/Suwayomi/Komikku/Neko）,OctopusManga,octopusmanga.com,en,NSFW,OctopusManga
Mihon系（Mihon/Tachiyomi/Suwayomi/Komikku/Neko）,Oglaf,oglaf.com,en,NSFW,Oglaf
Mihon系（Mihon/Tachiyomi/Suwayomi/Komikku/Neko）,Oh Joy Sex Toy,ohjoysextoy.com,en,NSFW,Oh Joy Sex Toy
Mihon系（Mihon/Tachiyomi/Suwayomi/Komikku/Neko）,Omega Scans,omegascans.org,en,NSFW,Omega Scans
Mihon系（Mihon/Tachiyomi/Suwayomi/Komikku/Neko）,1Manga.co,1manga.co,en,,1Manga.co
Mihon系（Mihon/Tachiyomi/Suwayomi/Komikku/Neko）,OneManga.info,onemanga.info,en,,OneManga.info
Mihon系（Mihon/Tachiyomi/Suwayomi/Komikku/Neko）,One Punch Man Online,w11.1punchman.com,en,,One Punch Man Online
Mihon系（Mihon/Tachiyomi/Suwayomi/Komikku/Neko）,Only The Best Hentai,onlythebesthentai.com,en,NSFW,Only The Best Hentai
Mihon系（Mihon/Tachiyomi/Suwayomi/Komikku/Neko）,The Order Of The Stick (OOTS),giantitp.com,en,,oots
Mihon系（Mihon/Tachiyomi/Suwayomi/Komikku/Neko）,Oppai Stream,read.oppai.stream,en,,Oppai Stream
Mihon系（Mihon/Tachiyomi/Suwayomi/Komikku/Neko）,Orchisasia,orchisasia.org,en,NSFW,Orchisasia
Mihon系（Mihon/Tachiyomi/Suwayomi/Komikku/Neko）,Orion Scans,orion-scans.com,en,,Orion Scans
Mihon系（Mihon/Tachiyomi/Suwayomi/Komikku/Neko）,Paradise Scans,paradisescans.com,en,NSFW,Paradise Scans
Mihon系（Mihon/Tachiyomi/Suwayomi/Komikku/Neko）,Paritehaber,paritehaber.com,en,NSFW,Paritehaber
Mihon系（Mihon/Tachiyomi/Suwayomi/Komikku/Neko）,Patch Friday,patchfriday.com,en,,Patch Friday
Mihon系（Mihon/Tachiyomi/Suwayomi/Komikku/Neko）,Paw Manga,pawmanga.com,en,NSFW,Paw Manga
Mihon系（Mihon/Tachiyomi/Suwayomi/Komikku/Neko）,Petrotechsociety,petrotechsociety.org,en,NSFW,Petrotechsociety
Mihon系（Mihon/Tachiyomi/Suwayomi/Komikku/Neko）,Philia Scans,philiascans.org,en,,Philia Scans
Mihon系（Mihon/Tachiyomi/Suwayomi/Komikku/Neko）,Rackus,rackusreads.com,en,,Rackus
Mihon系（Mihon/Tachiyomi/Suwayomi/Komikku/Neko）,PornComix,bestporncomix.com,en,NSFW,PornComix
Mihon系（Mihon/Tachiyomi/Suwayomi/Komikku/Neko）,QiScans,qimanga.com,en,,Qi Scans
Mihon系（Mihon/Tachiyomi/Suwayomi/Komikku/Neko）,Questionable Content,questionablecontent.net,en,,Questionable Content
Mihon系（Mihon/Tachiyomi/Suwayomi/Komikku/Neko）,Rage Scans,ragescans.com,en,,Rage Scans
Mihon系（Mihon/Tachiyomi/Suwayomi/Komikku/Neko）,Randowiz,randowis.com,en,,Randowiz
Mihon系（Mihon/Tachiyomi/Suwayomi/Komikku/Neko）,Raven Scans,ravenscans.org,en,,Raven Scans
Mihon系（Mihon/Tachiyomi/Suwayomi/Komikku/Neko）,Razure,razure.org,en,,Razure
Mihon系（Mihon/Tachiyomi/Suwayomi/Komikku/Neko）,RD Scans,rdscans.com,en,,RD Scans
Mihon系（Mihon/Tachiyomi/Suwayomi/Komikku/Neko）,ReadAllComics,readallcomics.com,en,,ReadAllComics
Mihon系（Mihon/Tachiyomi/Suwayomi/Komikku/Neko）,Read Attack on Titan Shingeki no Kyojin Manga,ww12.readsnk.com,en,,Read Attack on Titan Shingeki no Kyojin Manga
Mihon系（Mihon/Tachiyomi/Suwayomi/Komikku/Neko）,Read Berserk Manga,readberserk.com,en,,Read Berserk Manga
Mihon系（Mihon/Tachiyomi/Suwayomi/Komikku/Neko）,Read Black Clover Manga Online,ww10.readblackclover.com,en,,Read Black Clover Manga Online
Mihon系（Mihon/Tachiyomi/Suwayomi/Komikku/Neko）,Read Chainsaw Man Manga Online,ww6.readchainsawman.com,en,NSFW,Read Chainsaw Man Manga Online
Mihon系（Mihon/Tachiyomi/Suwayomi/Komikku/Neko）,ReadComicOnline,readcomiconline.li,en,,ReadComicOnline
Mihon系（Mihon/Tachiyomi/Suwayomi/Komikku/Neko）,Read Comics Online,readcomicsonline.ru,en,,Read Comics Online
Mihon系（Mihon/Tachiyomi/Suwayomi/Komikku/Neko）,Read Fairy Tail & Edens Zero Manga Online,ww9.readfairytail.com,en,,Read Fairy Tail & Edens Zero Manga Online
Mihon系（Mihon/Tachiyomi/Suwayomi/Komikku/Neko）,Read Horimiya Online,read-horimiya.online,en,,Read Horimiya Online
Mihon系（Mihon/Tachiyomi/Suwayomi/Komikku/Neko）,Read Jujutsu Kaisen Manga Online,ww6.readjujutsukaisen.com,en,,Read Jujutsu Kaisen Manga Online
Mihon系（Mihon/Tachiyomi/Suwayomi/Komikku/Neko）,Read Kingdom Manga Online,ww6.readkingdom.com,en,,Read Kingdom Manga Online
Mihon系（Mihon/Tachiyomi/Suwayomi/Komikku/Neko）,Read Nanatsu no Taizai 7 Deadly Sins Manga Online,ww8.read7deadlysins.com,en,,Read Nanatsu no Taizai 7 Deadly Sins Manga Online
Mihon系（Mihon/Tachiyomi/Suwayomi/Komikku/Neko）,Read One Piece Manga Online,ww13.readonepiece.com,en,,Read One Piece Manga Online
Mihon系（Mihon/Tachiyomi/Suwayomi/Komikku/Neko）,Read One-Punch Man Manga Online,ww7.readopm.com,en,,Read One-Punch Man Manga Online
Mihon系（Mihon/Tachiyomi/Suwayomi/Komikku/Neko）,Read Solo Leveling Manga Manhwa Online,ww4.readsololeveling.org,en,,Read Solo Leveling Manga Manhwa Online
Mihon系（Mihon/Tachiyomi/Suwayomi/Komikku/Neko）,Read Tokyo Ghoul Re & Tokyo Ghoul Manga Online,ww12.tokyoghoulre.com,en,,Read Tokyo Ghoul Re & Tokyo Ghoul Manga Online
Mihon系（Mihon/Tachiyomi/Suwayomi/Komikku/Neko）,Read Vagabond Manga,readbagabondo.com,en,,Read Vagabond Manga
Mihon系（Mihon/Tachiyomi/Suwayomi/Komikku/Neko）,Real Life Comics,reallifecomics.com,en,,Real Life Comics
Mihon系（Mihon/Tachiyomi/Suwayomi/Komikku/Neko）,ReiManga,reimanga.net,en,,ReiManga
Mihon系（Mihon/Tachiyomi/Suwayomi/Komikku/Neko）,Renascans,renascans.net,en,,Renascans
Mihon系（Mihon/Tachiyomi/Suwayomi/Komikku/Neko）,Revival Scans,revivalscans.com,en,NSFW,Revival Scans
Mihon系（Mihon/Tachiyomi/Suwayomi/Komikku/Neko）,Rinko Comics,rinkocomics.com,en,,Rinko Comics
Mihon系（Mihon/Tachiyomi/Suwayomi/Komikku/Neko）,RitharScans,ritharscans.com,en,,RitharScans
Mihon系（Mihon/Tachiyomi/Suwayomi/Komikku/Neko）,Rizz Comic,rizzfables.com,en,,Rizz Comic
Mihon系（Mihon/Tachiyomi/Suwayomi/Komikku/Neko）,Rizz Comic (unoriginal),rizzcomic.com,en,,Rizz Comic (unoriginal)
Mihon系（Mihon/Tachiyomi/Suwayomi/Komikku/Neko）,RokariComics,rokaricomics.com,en,,RokariComics
Mihon系（Mihon/Tachiyomi/Suwayomi/Komikku/Neko）,Rolia Scan,roliascan.com,en,,Rolia Scan
Mihon系（Mihon/Tachiyomi/Suwayomi/Komikku/Neko）,Rose Squad Scans,rosesquadscans.aishiteru.org,en,NSFW,Rose Squad Scans
Mihon系（Mihon/Tachiyomi/Suwayomi/Komikku/Neko）,S2Manga,s2read.com,en,,S2Manga
Mihon系（Mihon/Tachiyomi/Suwayomi/Komikku/Neko）,Sabrina Online,sabrina-online.com,en,,Sabrina Online
Mihon系（Mihon/Tachiyomi/Suwayomi/Komikku/Neko）,SACACHISPA,sacachispa.site,en,,SACACHISPA
Mihon系（Mihon/Tachiyomi/Suwayomi/Komikku/Neko）,Sana Scans,sanascans.com,en,,Sana Scans
Mihon系（Mihon/Tachiyomi/Suwayomi/Komikku/Neko）,Saturday Morning Breakfast Comics,smbc-comics.com,en,,Saturday Morning Breakfast Comics
Mihon系（Mihon/Tachiyomi/Suwayomi/Komikku/Neko）,ScansGG,scans.gg,en,,ScansGG
Mihon系（Mihon/Tachiyomi/Suwayomi/Komikku/Neko）,Schlock Mercenary,schlockmercenary.com,en,,Schlock Mercenary
Mihon系（Mihon/Tachiyomi/Suwayomi/Komikku/Neko）,Setsu Scans,setsuscans.com,en,,Setsu Scans
Mihon系（Mihon/Tachiyomi/Suwayomi/Komikku/Neko）,Shiba Manga,shibamanga.com,en,NSFW,Shiba Manga
Mihon系（Mihon/Tachiyomi/Suwayomi/Komikku/Neko）,Violet Scans,violetscans.org,en,,Violet Scans
Mihon系（Mihon/Tachiyomi/Suwayomi/Komikku/Neko）,Siren Scans,sirenscans.com,en,,Siren Scans
Mihon系（Mihon/Tachiyomi/Suwayomi/Komikku/Neko）,Sleepy Translations,sleepytranslations.com,en,,Sleepy Translations
Mihon系（Mihon/Tachiyomi/Suwayomi/Komikku/Neko）,Solar and Sundry,sas-api.fly.dev,en,,Solar and Sundry
Mihon系（Mihon/Tachiyomi/Suwayomi/Komikku/Neko）,Spmanhwa,spmanhwa.online,en,,Spmanhwa
Mihon系（Mihon/Tachiyomi/Suwayomi/Komikku/Neko）,SpyFakku,hentalk.pw,en,NSFW,SpyFakku
Mihon系（Mihon/Tachiyomi/Suwayomi/Komikku/Neko）,StoneScape,stonescape.xyz,en,,StoneScape
Mihon系（Mihon/Tachiyomi/Suwayomi/Komikku/Neko）,Sunshine Butterfly Scans,wings.sbs,en,NSFW,Sunshine Butterfly Scans
Mihon系（Mihon/Tachiyomi/Suwayomi/Komikku/Neko）,SUPER MEGA,supermegacomics.com,en,,SUPER MEGA
Mihon系（Mihon/Tachiyomi/Suwayomi/Komikku/Neko）,Genz Toons,genztoons.org,en,,Genz Toons
Mihon系（Mihon/Tachiyomi/Suwayomi/Komikku/Neko）,Swords Comic,swordscomic.com,en,,Swords Comic
Mihon系（Mihon/Tachiyomi/Suwayomi/Komikku/Neko）,Tapas,tapas.io,en,,Tapas
Mihon系（Mihon/Tachiyomi/Suwayomi/Komikku/Neko）,TCB Scans,tcbonepiecechapters.com,en,,TCB Scans
Mihon系（Mihon/Tachiyomi/Suwayomi/Komikku/Neko）,Team Shadowi,team-shadowi.com,en,,Team Shadowi
Mihon系（Mihon/Tachiyomi/Suwayomi/Komikku/Neko）,Temple Scan,templetoons.com,en,NSFW,Temple Scan
Mihon系（Mihon/Tachiyomi/Suwayomi/Komikku/Neko）,The Blank,theblank.net,en,NSFW,The Blank
Mihon系（Mihon/Tachiyomi/Suwayomi/Komikku/Neko）,The Duck Webcomics,theduckwebcomics.com,en,,The Duck Webcomics
Mihon系（Mihon/Tachiyomi/Suwayomi/Komikku/Neko）,The Girl from Random Chatting Manga Online,thegirlfromrandomchatting.com,en,,The Girl from Random Chatting Manga Online
Mihon系（Mihon/Tachiyomi/Suwayomi/Komikku/Neko）,The Property of Hate,jolleycomics.com,en,,The Property of Hate
Mihon系（Mihon/Tachiyomi/Suwayomi/Komikku/Neko）,Thunder Scans,en-thunderscans.com,en,,Thunder Scans
Mihon系（Mihon/Tachiyomi/Suwayomi/Komikku/Neko）,TimelessToons,timelesstoons.org,en,,TimelessToons
Mihon系（Mihon/Tachiyomi/Suwayomi/Komikku/Neko）,TodayManga,todaymanga.com,en,,TodayManga
Mihon系（Mihon/Tachiyomi/Suwayomi/Komikku/Neko）,Toon18,toon18.to,en,NSFW,Toon18
Mihon系（Mihon/Tachiyomi/Suwayomi/Komikku/Neko）,ToonGod,toongod.org,en,,ToonGod
Mihon系（Mihon/Tachiyomi/Suwayomi/Komikku/Neko）,Toonily,toonily.com,en,,Toonily
Mihon系（Mihon/Tachiyomi/Suwayomi/Komikku/Neko）,Toonily.me,toontop.io,en,NSFW,Toonily.me
Mihon系（Mihon/Tachiyomi/Suwayomi/Komikku/Neko）,Toonizy,toonizy.com,en,,Toonizy
Mihon系（Mihon/Tachiyomi/Suwayomi/Komikku/Neko）,Top Manhua,mangatop.org,en,,Top Manhua
Mihon系（Mihon/Tachiyomi/Suwayomi/Komikku/Neko）,TopManhua.fan,topmanhua.fan,en,,TopManhua.fan
Mihon系（Mihon/Tachiyomi/Suwayomi/Komikku/Neko）,TopManhua.net,topmanhua.net,en,,TopManhua.net
Mihon系（Mihon/Tachiyomi/Suwayomi/Komikku/Neko）,TritiniaScans,tritinia.org,en,,TritiniaScans
Mihon系（Mihon/Tachiyomi/Suwayomi/Komikku/Neko）,Valir Scans,valirscans.org,en,,Valir Scans
Mihon系（Mihon/Tachiyomi/Suwayomi/Komikku/Neko）,Vanilla Scans,vanillascans.org,en,,Vanilla Scans
Mihon系（Mihon/Tachiyomi/Suwayomi/Komikku/Neko）,vgperson,vgperson.com,en,,vgperson
Mihon系（Mihon/Tachiyomi/Suwayomi/Komikku/Neko）,Vision Haze,visionhaze.com,en,,Vision Haze
Mihon系（Mihon/Tachiyomi/Suwayomi/Komikku/Neko）,Vixen Logic,vixenlogic.com,en,NSFW,Vixen Logic
Mihon系（Mihon/Tachiyomi/Suwayomi/Komikku/Neko）,VIZ Shonen Jump,viz.com,en,,VIZ
Mihon系（Mihon/Tachiyomi/Suwayomi/Komikku/Neko）,VIZ Manga,viz.com,en,,VIZ
Mihon系（Mihon/Tachiyomi/Suwayomi/Komikku/Neko）,VoyceMe,voyce.me,en,,Voyce.Me
Mihon系（Mihon/Tachiyomi/Suwayomi/Komikku/Neko）,VyvyManga,mangavyvy.net,en,,VyvyManga
Mihon系（Mihon/Tachiyomi/Suwayomi/Komikku/Neko）,War For Rayuba,xrabohrok.github.io,en,,War For Rayuba
Mihon系（Mihon/Tachiyomi/Suwayomi/Komikku/Neko）,KokoMangas,kokomangas.com,en,,KokoMangas
Mihon系（Mihon/Tachiyomi/Suwayomi/Komikku/Neko）,Webdex Scans,webdexscans.com,en,,Webdex Scans
Mihon系（Mihon/Tachiyomi/Suwayomi/Komikku/Neko）,WebNovel,webnovel.com,en,,WebNovel
Mihon系（Mihon/Tachiyomi/Suwayomi/Komikku/Neko）,WebtoonScan,webtoonscan.com,en,,WebtoonScan
Mihon系（Mihon/Tachiyomi/Suwayomi/Komikku/Neko）,WebtoonXYZ,webtoon.xyz,en,,WebtoonXYZ
Mihon系（Mihon/Tachiyomi/Suwayomi/Komikku/Neko）,Weeb Central,weebcentral.com,en,,Weeb Central
Mihon系（Mihon/Tachiyomi/Suwayomi/Komikku/Neko）,WhaleManga,whalemanga.com,en,NSFW,Whale Manga
Mihon系（Mihon/Tachiyomi/Suwayomi/Komikku/Neko）,WitchScans,witchtoons.net,en,,WitchScans
Mihon系（Mihon/Tachiyomi/Suwayomi/Komikku/Neko）,WoopRead,woopread.com,en,,WoopRead
Mihon系（Mihon/Tachiyomi/Suwayomi/Komikku/Neko）,Writer Scans,writerscans.com,en,,Writer Scans
Mihon系（Mihon/Tachiyomi/Suwayomi/Komikku/Neko）,WuxiaWorld,wuxiaworld.site,en,,WuxiaWorld
Mihon系（Mihon/Tachiyomi/Suwayomi/Komikku/Neko）,XlecX,xlecx.one,en,NSFW,XlecX
Mihon系（Mihon/Tachiyomi/Suwayomi/Komikku/Neko）,XoManga,xomanga.site,en,,XoManga
Mihon系（Mihon/Tachiyomi/Suwayomi/Komikku/Neko）,XOXO Comics,xoxocomic.com,en,,XOXO Comics
Mihon系（Mihon/Tachiyomi/Suwayomi/Komikku/Neko）,XYZ Comics,xyzcomics.com,en,NSFW,XYZ Comics
Mihon系（Mihon/Tachiyomi/Suwayomi/Komikku/Neko）,YakshaComics,yakshacomics.com,en,,YakshaComics
Mihon系（Mihon/Tachiyomi/Suwayomi/Komikku/Neko）,YaoiHot,yaoihot.com,en,NSFW,YaoiHot
Mihon系（Mihon/Tachiyomi/Suwayomi/Komikku/Neko）,Yaoihub,yaoihub.org,en,NSFW,Yaoihub
Mihon系（Mihon/Tachiyomi/Suwayomi/Komikku/Neko）,YaoiScan,yaoiscan.com,en,,YaoiScan
Mihon系（Mihon/Tachiyomi/Suwayomi/Komikku/Neko）,Yorai,yorai.io,en,,Yorai
Mihon系（Mihon/Tachiyomi/Suwayomi/Komikku/Neko）,Zazamanga,zazamanga.com,en,,Zazamanga
Mihon系（Mihon/Tachiyomi/Suwayomi/Komikku/Neko）,Zinmanga,mangazin.org,en,,Zinmanga
Mihon系（Mihon/Tachiyomi/Suwayomi/Komikku/Neko）,Zinmanga.net,zinmanga.net,en,,Zinmanga.net
Mihon系（Mihon/Tachiyomi/Suwayomi/Komikku/Neko）,AKAYA,akaya.io,es,,AKAYA
Mihon系（Mihon/Tachiyomi/Suwayomi/Komikku/Neko）,AnzManga,anzmanga25.com,es,,AnzManga
Mihon系（Mihon/Tachiyomi/Suwayomi/Komikku/Neko）,ApollComics,apollcomics.es,es,NSFW,ApollComics
Mihon系（Mihon/Tachiyomi/Suwayomi/Komikku/Neko）,Asia Lotus,asialotuss.com,es,NSFW,Asia Lotus
Mihon系（Mihon/Tachiyomi/Suwayomi/Komikku/Neko）,BarManga,archiviumbar.com,es,,BarManga
Mihon系（Mihon/Tachiyomi/Suwayomi/Komikku/Neko）,Bega Translation,begatranslation.com,es,,Bega Translation
Mihon系（Mihon/Tachiyomi/Suwayomi/Komikku/Neko）,Biblio Panda,bibliopanda.com,es,,Biblio Panda
Mihon系（Mihon/Tachiyomi/Suwayomi/Komikku/Neko）,Bloom Scans,bloomscans.com,es,,Bloom Scans
Mihon系（Mihon/Tachiyomi/Suwayomi/Komikku/Neko）,BokugenTranslation,bokugents.com,es,,BokugenTranslation
Mihon系（Mihon/Tachiyomi/Suwayomi/Komikku/Neko）,Bymichi Scan,bymichiby.com,es,NSFW,Bymichi Scan
Mihon系（Mihon/Tachiyomi/Suwayomi/Komikku/Neko）,CapibaraTraductor,capibaratraductor.com,es,,CapibaraTraductor
Mihon系（Mihon/Tachiyomi/Suwayomi/Komikku/Neko）,Catharsis World,catharsisworld.dig-it.info,es,,Catharsis World
Mihon系（Mihon/Tachiyomi/Suwayomi/Komikku/Neko）,Catoons,newcat1.xyz,es,NSFW,Catoons
Mihon系（Mihon/Tachiyomi/Suwayomi/Komikku/Neko）,Celestial Moon,celestialmoonscan.es,es,,Celestial Moon
Mihon系（Mihon/Tachiyomi/Suwayomi/Komikku/Neko）,Cerberus Series,legionscans.com,es,,Cerberus Series
Mihon系（Mihon/Tachiyomi/Suwayomi/Komikku/Neko）,ChoChoX,chochox.com,es,NSFW,ChoChoX
Mihon系（Mihon/Tachiyomi/Suwayomi/Komikku/Neko）,Code Arc Mangas,mangas.codearctraducciones.com,es,NSFW,Code Arc Mangas
Mihon系（Mihon/Tachiyomi/Suwayomi/Komikku/Neko）,Codex Zero,codex.readkisho.me,es,,Codex Zero
Mihon系（Mihon/Tachiyomi/Suwayomi/Komikku/Neko）,Colorcito Scan,colorcitoscan.com,es,NSFW,Colorcito Scan
Mihon系（Mihon/Tachiyomi/Suwayomi/Komikku/Neko）,Dark Room Fansub,lector-darkroomfansub.blogspot.com,es,NSFW,Dark Room Fansub
Mihon系（Mihon/Tachiyomi/Suwayomi/Komikku/Neko）,Dat-Gar Scan,datgarscanlation.blogspot.com,es,,Dat-Gar Scan
Mihon系（Mihon/Tachiyomi/Suwayomi/Komikku/Neko）,DoujinHentai,doujinhentai.net,es,NSFW,DoujinHentai
Mihon系（Mihon/Tachiyomi/Suwayomi/Komikku/Neko）,DoujinsHell,doujinshell.net,es,NSFW,DoujinsHell
Mihon系（Mihon/Tachiyomi/Suwayomi/Komikku/Neko）,DragonTranslation.org,dragontranslation.org,es,,DragonTranslation.org
Mihon系（Mihon/Tachiyomi/Suwayomi/Komikku/Neko）,Dynasty,manhuako.net,es,,Dynasty
Mihon系（Mihon/Tachiyomi/Suwayomi/Komikku/Neko）,Emperor Scan,imperiomanhua.com,es,,Emperor Scan
Mihon系（Mihon/Tachiyomi/Suwayomi/Komikku/Neko）,EnchiladaScan,enchiladascan.github.io,es,,EnchiladaScan
Mihon系（Mihon/Tachiyomi/Suwayomi/Komikku/Neko）,Es.Mi2Manga,es.mi2manga.com,es,NSFW,Es.Mi2Manga
Mihon系（Mihon/Tachiyomi/Suwayomi/Komikku/Neko）,EternalMangas,eternalmangas.org,es,,EternalMangas
Mihon系（Mihon/Tachiyomi/Suwayomi/Komikku/Neko）,Gistamis House,gistamishousefansub.blogspot.com,es,,Gistamis House
Mihon系（Mihon/Tachiyomi/Suwayomi/Komikku/Neko）,Gremory Mangas,gremoryhistorias.org,es,,Gremory Mangas
Mihon系（Mihon/Tachiyomi/Suwayomi/Komikku/Neko）,Hades no Fansub,lectorhades.latamtoon.com,es,,Hades no Fansub
Mihon系（Mihon/Tachiyomi/Suwayomi/Komikku/Neko）,Harem de Kira,kiraproject.lat,es,,Harem de Kira
Mihon系（Mihon/Tachiyomi/Suwayomi/Komikku/Neko）,HeavenManga,heavenmanga.com,es,,HeavenManga
Mihon系（Mihon/Tachiyomi/Suwayomi/Komikku/Neko）,HentaiHall,hentaihall.com,es,NSFW,HentaiHall
Mihon系（Mihon/Tachiyomi/Suwayomi/Komikku/Neko）,HentaiMode,hentaimode.com,es,NSFW,HentaiMode
Mihon系（Mihon/Tachiyomi/Suwayomi/Komikku/Neko）,House Of Otakus,houseofotakusv2.xyz,es,,House Of Otakus
Mihon系（Mihon/Tachiyomi/Suwayomi/Komikku/Neko）,Ikigai Mangas,visorikigai.gettocaboca.com,es,,Ikigai Mangas
Mihon系（Mihon/Tachiyomi/Suwayomi/Komikku/Neko）,Ikuhentai,ikuhentai.net,es,NSFW,Ikuhentai
Mihon系（Mihon/Tachiyomi/Suwayomi/Komikku/Neko）,InfraFandub,infrafandub.com,es,,InfraFandub
Mihon系（Mihon/Tachiyomi/Suwayomi/Komikku/Neko）,InManga,inmanga.com,es,,InManga
Mihon系（Mihon/Tachiyomi/Suwayomi/Komikku/Neko）,Inmortal Scan,scan-inmortal.com,es,,Inmortal Scan
Mihon系（Mihon/Tachiyomi/Suwayomi/Komikku/Neko）,InsanosScan,insanoslibrary.com,es,,InsanosScan
Mihon系（Mihon/Tachiyomi/Suwayomi/Komikku/Neko）,Inventario Oculto,inventariooculto.com,es,,Inventario Oculto
Mihon系（Mihon/Tachiyomi/Suwayomi/Komikku/Neko）,Jeaz Scans,lectorhub.j5z.xyz,es,,Jeaz Scans
Mihon系（Mihon/Tachiyomi/Suwayomi/Komikku/Neko）,Kazoku Den,kazokuden.com,es,,Kazoku Den
Mihon系（Mihon/Tachiyomi/Suwayomi/Komikku/Neko）,Koinobori Scan,visorkoi.com,es,NSFW,Koinobori Scan
Mihon系（Mihon/Tachiyomi/Suwayomi/Komikku/Neko）,Lector Asteria,visor.chifa-tong.online,es,,Lector Asteria
Mihon系（Mihon/Tachiyomi/Suwayomi/Komikku/Neko）,LectorJPG,visorjpg.lat,es,,LectorJPG
Mihon系（Mihon/Tachiyomi/Suwayomi/Komikku/Neko）,LectorManga.lat,lectormangass.com,es,,LectorManga.lat
Mihon系（Mihon/Tachiyomi/Suwayomi/Komikku/Neko）,MangoLibreria,mangolibreria.com,es,,MangoLibreria
Mihon系（Mihon/Tachiyomi/Suwayomi/Komikku/Neko）,LeerCapitulo,leercapitulo.co,es,,LeerCapitulo
Mihon系（Mihon/Tachiyomi/Suwayomi/Komikku/Neko）,LeerMangaEsp,mangalect.org,es,,LeerMangaEsp
Mihon系（Mihon/Tachiyomi/Suwayomi/Komikku/Neko）,LeerManhwas,leermanhwas.com,es,NSFW,LeerManhwas
Mihon系（Mihon/Tachiyomi/Suwayomi/Komikku/Neko）,Lmtos,lmtos.net,es,,Lmtos
Mihon系（Mihon/Tachiyomi/Suwayomi/Komikku/Neko）,Lolivault,lector.lolivault.net,es,NSFW,Lolivault
Mihon系（Mihon/Tachiyomi/Suwayomi/Komikku/Neko）,Luna Pieces,lunapiecesfansub.com,es,,Luna Pieces
Mihon系（Mihon/Tachiyomi/Suwayomi/Komikku/Neko）,Manga Crab,mangacrab.org,es,,Manga Crab
Mihon系（Mihon/Tachiyomi/Suwayomi/Komikku/Neko）,MangaOni,manga-oni.com,es,,MangaOni
Mihon系（Mihon/Tachiyomi/Suwayomi/Komikku/Neko）,Manga Romance,mangaromance19.com,es,,Manga Romance
Mihon系（Mihon/Tachiyomi/Suwayomi/Komikku/Neko）,Manga Mukai,mangamukai.com,es,,Manga Mukai
Mihon系（Mihon/Tachiyomi/Suwayomi/Komikku/Neko）,Mangas.in,m440.in,es,,Mangas.in
Mihon系（Mihon/Tachiyomi/Suwayomi/Komikku/Neko）,Mangas No Sekai,mangasnosekai.com,es,,Mangas No Sekai
Mihon系（Mihon/Tachiyomi/Suwayomi/Komikku/Neko）,Manga  TV,mangatv.net,es,,Manga TV
Mihon系（Mihon/Tachiyomi/Suwayomi/Komikku/Neko）,SamuraiScan,samurai.j5z.xyz,es,,SamuraiScan
Mihon系（Mihon/Tachiyomi/Suwayomi/Komikku/Neko）,Manhwa-Latino,manhwa-latino.com,es,,Manhwa-Latino
Mihon系（Mihon/Tachiyomi/Suwayomi/Komikku/Neko）,ManhwaOnline,manhwa-online.com,es,NSFW,ManhwaOnline
Mihon系（Mihon/Tachiyomi/Suwayomi/Komikku/Neko）,ManhwaWeb,manhwaweb.com,es,,ManhwaWeb
Mihon系（Mihon/Tachiyomi/Suwayomi/Komikku/Neko）,Mantraz Scan,mantrazscan.co,es,,Mantraz Scan
Mihon系（Mihon/Tachiyomi/Suwayomi/Komikku/Neko）,Marmota,marmota.me,es,,Marmota
Mihon系（Mihon/Tachiyomi/Suwayomi/Komikku/Neko）,Menudo-Fansub,menudo-fansub.com,es,,Menudo-Fansub
Mihon系（Mihon/Tachiyomi/Suwayomi/Komikku/Neko）,MHScans,mhscans.com,es,,MHScans
Mihon系（Mihon/Tachiyomi/Suwayomi/Komikku/Neko）,Monopoly Scan,monopolymanhua.com,es,,Monopoly Scan
Mihon系（Mihon/Tachiyomi/Suwayomi/Komikku/Neko）,Mundo Manhwa,mundomanhwa.com,es,NSFW,Mundo Manhwa
Mihon系（Mihon/Tachiyomi/Suwayomi/Komikku/Neko）,Rncalation,rncalation.online,es,,Rncalation
Mihon系（Mihon/Tachiyomi/Suwayomi/Komikku/Neko）,NekoScans,nekoproject.org,es,,NekoScans
Mihon系（Mihon/Tachiyomi/Suwayomi/Komikku/Neko）,NeoManga,neomanga.online,es,,NeoManga
Mihon系（Mihon/Tachiyomi/Suwayomi/Komikku/Neko）,NexusScanlation,nexusscanlation.com,es,NSFW,NexusScanlation
Mihon系（Mihon/Tachiyomi/Suwayomi/Komikku/Neko）,Noblesse Translations,nobledicion.yoveo.xyz,es,,Noblesse Translations
Mihon系（Mihon/Tachiyomi/Suwayomi/Komikku/Neko）,Nova Manhwas,novamanhwa.cc,es,,Nova Manhwas
Mihon系（Mihon/Tachiyomi/Suwayomi/Komikku/Neko）,Olympus Scanlation,olympusxyz.com,es,,Olympus Scanlation
Mihon系（Mihon/Tachiyomi/Suwayomi/Komikku/Neko）,ONF MANGAS,onfmangas.com,es,,ONF MANGAS
Mihon系（Mihon/Tachiyomi/Suwayomi/Komikku/Neko）,Orcku Mangas,orckumangas.com,es,NSFW,OrckuMangas
Mihon系（Mihon/Tachiyomi/Suwayomi/Komikku/Neko）,Platinum Lily Scan,platinumlilyscan.com,es,,Platinum Lily Scan
Mihon系（Mihon/Tachiyomi/Suwayomi/Komikku/Neko）,Plot Twist No Fansub,plotnofansub.com,es,,Plot Twist No Fansub
Mihon系（Mihon/Tachiyomi/Suwayomi/Komikku/Neko）,Ragnarok Scanlation,ragnarokscanlation.org,es,,Ragnarok Scanlation
Mihon系（Mihon/Tachiyomi/Suwayomi/Komikku/Neko）,Ragna Scans,lector.ragnascan.xyz,es,,Ragna Scans
Mihon系（Mihon/Tachiyomi/Suwayomi/Komikku/Neko）,RavenManga,raventard.xyz,es,,RavenManga
Mihon系（Mihon/Tachiyomi/Suwayomi/Komikku/Neko）,RichtoScan,r1.richtoon.top,es,,RichtoScan
Mihon系（Mihon/Tachiyomi/Suwayomi/Komikku/Neko）,SapphireScan,sapphirescan.com,es,,SapphireScan
Mihon系（Mihon/Tachiyomi/Suwayomi/Komikku/Neko）,Shadow Manga,shademanga.com,es,,Shadow Manga
Mihon系（Mihon/Tachiyomi/Suwayomi/Komikku/Neko）,Shadow Manga (+18),shademanga.com,es,,Shadow Manga
Mihon系（Mihon/Tachiyomi/Suwayomi/Komikku/Neko）,SkyMangas,skymangas.com,es,,SkyMangas
Mihon系（Mihon/Tachiyomi/Suwayomi/Komikku/Neko）,Spicy Scan,spicyseries.com,es,,Spicy Scan
Mihon系（Mihon/Tachiyomi/Suwayomi/Komikku/Neko）,Submanhwa,submanhwa.com,es,NSFW,Submanhwa
Mihon系（Mihon/Tachiyomi/Suwayomi/Komikku/Neko）,Taurus Fansub,lectortaurus.com,es,,Taurus Fansub
Mihon系（Mihon/Tachiyomi/Suwayomi/Komikku/Neko）,Temple Scan,aedexnox.akan01.com,es,NSFW,Temple Scan
Mihon系（Mihon/Tachiyomi/Suwayomi/Komikku/Neko）,Falco Scan,falcoscan.net,es,NSFW,Falco Scan
Mihon系（Mihon/Tachiyomi/Suwayomi/Komikku/Neko）,TMOHentai (unoriginal),tmohentai.app,es,NSFW,TMOHentai (unoriginal)
Mihon系（Mihon/Tachiyomi/Suwayomi/Komikku/Neko）,Toon-es,toon-es.com,es,NSFW,Toon-es
Mihon系（Mihon/Tachiyomi/Suwayomi/Komikku/Neko）,TopComicPorno,topcomicporno.com,es,NSFW,TopComicPorno
Mihon系（Mihon/Tachiyomi/Suwayomi/Komikku/Neko）,TopComicPorno.net,topcomicporno.net,es,NSFW,TopComicPorno.net
Mihon系（Mihon/Tachiyomi/Suwayomi/Komikku/Neko）,Traducciones Moonlight,traduccionesmoonlight.com,es,,Traducciones Moonlight
Mihon系（Mihon/Tachiyomi/Suwayomi/Komikku/Neko）,ManhwasMe,manhwas.me,es,NSFW,ManhwasMe
Mihon系（Mihon/Tachiyomi/Suwayomi/Komikku/Neko）,Uchuujin Projects,uchuujinmangas.com,es,,Uchuujin Projects
Mihon系（Mihon/Tachiyomi/Suwayomi/Komikku/Neko）,VCP,vercomicsporno.com,es,NSFW,VCPVMP
Mihon系（Mihon/Tachiyomi/Suwayomi/Komikku/Neko）,VMP,vermangasporno.com,es,NSFW,VCPVMP
Mihon系（Mihon/Tachiyomi/Suwayomi/Komikku/Neko）,Ver Manhwas,vermanhwa.com,es,NSFW,Ver Manhwas
Mihon系（Mihon/Tachiyomi/Suwayomi/Komikku/Neko）,Yupmanga,yupmanga.com,es,,Yupmanga
Mihon系（Mihon/Tachiyomi/Suwayomi/Komikku/Neko）,Yuri-Online,yuri-online.com,es,,Yuri-Online
Mihon系（Mihon/Tachiyomi/Suwayomi/Komikku/Neko）,ZonaTMO.org (unoriginal),zonatmo.org,es,,ZonaTMO.org (unoriginal)
Mihon系（Mihon/Tachiyomi/Suwayomi/Komikku/Neko）,Zonatmo.to (unoriginal),zonatmo.to,es,,Zonatmo.to (unoriginal)
Mihon系（Mihon/Tachiyomi/Suwayomi/Komikku/Neko）,AnimeSama,anime-sama.to,fr,,AnimeSama
Mihon系（Mihon/Tachiyomi/Suwayomi/Komikku/Neko）,AralosBD,aralosbd.fr,fr,,AralosBD
Mihon系（Mihon/Tachiyomi/Suwayomi/Komikku/Neko）,AstralManga,astral-manga.fr,fr,,Astral-Manga
Mihon系（Mihon/Tachiyomi/Suwayomi/Komikku/Neko）,Harmony-Scan,harmony-scan.fr,fr,,Harmony-Scan
Mihon系（Mihon/Tachiyomi/Suwayomi/Komikku/Neko）,BigSolo,bigsolo.org,fr,,BigSolo
Mihon系（Mihon/Tachiyomi/Suwayomi/Komikku/Neko）,Blossom Scans,blossom-scans.com,fr,,Blossom Scans
Mihon系（Mihon/Tachiyomi/Suwayomi/Komikku/Neko）,Blue Solo,bluesolo.org,fr,,Blue Solo
Mihon系（Mihon/Tachiyomi/Suwayomi/Komikku/Neko）,ChaosTrad,chaostrad.fr,fr,,ChaosTrad
Mihon系（Mihon/Tachiyomi/Suwayomi/Komikku/Neko）,Dassou Scan,dassouscan.com,fr,,Dassou Scan
Mihon系（Mihon/Tachiyomi/Suwayomi/Komikku/Neko）,Epsilon Scan,epsilonscan.to,fr,NSFW,Epsilon Scan
Mihon系（Mihon/Tachiyomi/Suwayomi/Komikku/Neko）,FMTEAM,fmteam.fr,fr,,FMTEAM
Mihon系（Mihon/Tachiyomi/Suwayomi/Komikku/Neko）,FuryoSquad,furyosociety.com,fr,,FuryoSquad
Mihon系（Mihon/Tachiyomi/Suwayomi/Komikku/Neko）,Hana Book,hana-book.fr,fr,NSFW,Hana Book
Mihon系（Mihon/Tachiyomi/Suwayomi/Komikku/Neko）,Hentai Origines,hentai-origines.com,fr,NSFW,Hentai Origines
Mihon系（Mihon/Tachiyomi/Suwayomi/Komikku/Neko）,Hentai Scan Reader,hentai.scanreader.net,fr,NSFW,Hentai Scan Reader
Mihon系（Mihon/Tachiyomi/Suwayomi/Komikku/Neko）,Hentai-Scantrad,hentai-scantrad.org,fr,NSFW,Hentai-Scantrad
Mihon系（Mihon/Tachiyomi/Suwayomi/Komikku/Neko）,HentaiZone,hentaizone.xyz,fr,NSFW,HentaiZone
Mihon系（Mihon/Tachiyomi/Suwayomi/Komikku/Neko）,HistoireDHentai,hhentai.fr,fr,NSFW,HistoireDHentai
Mihon系（Mihon/Tachiyomi/Suwayomi/Komikku/Neko）,Japscan,japscan.foo,fr,,Japscan
Mihon系（Mihon/Tachiyomi/Suwayomi/Komikku/Neko）,Kiwiya Scans,kiwiyascans.com,fr,,Kiwiya Scans
Mihon系（Mihon/Tachiyomi/Suwayomi/Komikku/Neko）,LanorTrad,lanortrad.com,fr,,LanorTrad
Mihon系（Mihon/Tachiyomi/Suwayomi/Komikku/Neko）,Lelmanga,lelmanga.com,fr,,Lelmanga
Mihon系（Mihon/Tachiyomi/Suwayomi/Komikku/Neko）,Lelscan,lelscans.net,fr,,Lelscan
Mihon系（Mihon/Tachiyomi/Suwayomi/Komikku/Neko）,Lelscan-VF,lelscanfr.com,fr,,Lelscan-VF
Mihon系（Mihon/Tachiyomi/Suwayomi/Komikku/Neko）,Les Poroiniens,lesporoiniens.org,fr,,Les Poroiniens
Mihon系（Mihon/Tachiyomi/Suwayomi/Komikku/Neko）,Manga-Corporation,manga-corporation.com,fr,,Manga-Corporation
Mihon系（Mihon/Tachiyomi/Suwayomi/Komikku/Neko）,MangaHub.fr,mangahub.fr,fr,,MangaHub.fr
Mihon系（Mihon/Tachiyomi/Suwayomi/Komikku/Neko）,Mangakawaii,mangakawaii.fr,fr,,Mangakawaii
Mihon系（Mihon/Tachiyomi/Suwayomi/Komikku/Neko）,MangaMoins,mangamoins.com,fr,,MangaMoins
Mihon系（Mihon/Tachiyomi/Suwayomi/Komikku/Neko）,MangaNova,manga-nova.com,fr,,MangaNova
Mihon系（Mihon/Tachiyomi/Suwayomi/Komikku/Neko）,Manga-Scantrad,manga-scantrad.io,fr,,Manga-Scantrad
Mihon系（Mihon/Tachiyomi/Suwayomi/Komikku/Neko）,Mangas-Origines.fr,mangas-origines.fr,fr,,Mangas-Origines.fr
Mihon系（Mihon/Tachiyomi/Suwayomi/Komikku/Neko）,Ono,ono.live,fr,,Ono
Mihon系（Mihon/Tachiyomi/Suwayomi/Komikku/Neko）,Ortega Scans,ortegascans.fr,fr,NSFW,Ortega Scans
Mihon系（Mihon/Tachiyomi/Suwayomi/Komikku/Neko）,Pantheon Scan,pantheon-scan.com,fr,,Pantheon Scan
Mihon系（Mihon/Tachiyomi/Suwayomi/Komikku/Neko）,Perf Scan,perf-scan.xyz,fr,NSFW,Perf Scan
Mihon系（Mihon/Tachiyomi/Suwayomi/Komikku/Neko）,Phenix Scans (unoriginal),phenix-scans.co,fr,,PhenixScans (unoriginal)
Mihon系（Mihon/Tachiyomi/Suwayomi/Komikku/Neko）,Pornwha.fr,pornhwa.fr,fr,NSFW,Pornhwa.fr
Mihon系（Mihon/Tachiyomi/Suwayomi/Komikku/Neko）,Poseidon Scans,poseidon-scans.net,fr,,Poseidon Scans
Mihon系（Mihon/Tachiyomi/Suwayomi/Komikku/Neko）,Raijin Scans,raijin-scans.fr,fr,,Raijin Scans
Mihon系（Mihon/Tachiyomi/Suwayomi/Komikku/Neko）,Rimu Scans,rimuscan.fr,fr,,Rimu Scans
Mihon系（Mihon/Tachiyomi/Suwayomi/Komikku/Neko）,X-Manga,x-manga.org,fr,NSFW,X-Manga
Mihon系（Mihon/Tachiyomi/Suwayomi/Komikku/Neko）,Scan-Manga,scan-manga.com,fr,NSFW,Scan-Manga
Mihon系（Mihon/Tachiyomi/Suwayomi/Komikku/Neko）,ScanR,teamscanr.fr,fr,,ScanR
Mihon系（Mihon/Tachiyomi/Suwayomi/Komikku/Neko）,Scan Reader,scanreader.net,fr,,Scan Reader
Mihon系（Mihon/Tachiyomi/Suwayomi/Komikku/Neko）,ScansFR,scansfr.com,fr,,ScansFR
Mihon系（Mihon/Tachiyomi/Suwayomi/Komikku/Neko）,Scantrad Union,scantrad-union.com,fr,,Scantrad Union
Mihon系（Mihon/Tachiyomi/Suwayomi/Komikku/Neko）,Scan VF,scan-vf.net,fr,,Scan VF
Mihon系（Mihon/Tachiyomi/Suwayomi/Komikku/Neko）,Siren Scans FR,sirenscans.fr,fr,,Siren Scans FR
Mihon系（Mihon/Tachiyomi/Suwayomi/Komikku/Neko）,Soft Epsilon Scan,epsilonsoft.to,fr,,Soft Epsilon Scan
Mihon系（Mihon/Tachiyomi/Suwayomi/Komikku/Neko）,Solaris Scans,solaris-scans.fr,fr,,Solaris Scans
Mihon系（Mihon/Tachiyomi/Suwayomi/Komikku/Neko）,Sushi-Scan,sushiscan.net,fr,,Sushi-Scan
Mihon系（Mihon/Tachiyomi/Suwayomi/Komikku/Neko）,Sushiscan.fr,sushiscan.fr,fr,,Sushiscan.fr
Mihon系（Mihon/Tachiyomi/Suwayomi/Komikku/Neko）,Toon FR,toonfr.com,fr,NSFW,Toon FR
Mihon系（Mihon/Tachiyomi/Suwayomi/Komikku/Neko）,Twatt,twatt.fr,fr,,Twatt
Mihon系（Mihon/Tachiyomi/Suwayomi/Komikku/Neko）,YaoiScan,yaoiscan.fr,fr,NSFW,YaoiScan
Mihon系（Mihon/Tachiyomi/Suwayomi/Komikku/Neko）,Luvyaa,v5.luvyaa.co,id,,Luvyaa
Mihon系（Mihon/Tachiyomi/Suwayomi/Komikku/Neko）,Aarlas,arlas.online,id,,Aarlas
Mihon系（Mihon/Tachiyomi/Suwayomi/Komikku/Neko）,Ainz Scans ID,v3.ainzscans01.com,id,,Ainz Scans ID
Mihon系（Mihon/Tachiyomi/Suwayomi/Komikku/Neko）,Astral Scans,astralscans.top,id,NSFW,Astral Scans
Mihon系（Mihon/Tachiyomi/Suwayomi/Komikku/Neko）,BacaKomik,bacakomik.my,id,,BacaKomik
Mihon系（Mihon/Tachiyomi/Suwayomi/Komikku/Neko）,Bacami,v1.bacami.site,id,,Bacami
Mihon系（Mihon/Tachiyomi/Suwayomi/Komikku/Neko）,Comicaso,v3.comicaso.pro,id,,Comicaso
Mihon系（Mihon/Tachiyomi/Suwayomi/Komikku/Neko）,CosmicScans,04.cosmicscans.to,id,,CosmicScans
Mihon系（Mihon/Tachiyomi/Suwayomi/Komikku/Neko）,CrotPedia,crotpedia.net,id,NSFW,CrotPedia
Mihon系（Mihon/Tachiyomi/Suwayomi/Komikku/Neko）,DailySuka ,dailysuka.com,id,,DailySuka
Mihon系（Mihon/Tachiyomi/Suwayomi/Komikku/Neko）,Dojing.net,dojing.net,id,NSFW,Dojing.net
Mihon系（Mihon/Tachiyomi/Suwayomi/Komikku/Neko）,Doujindesu,doujin.desu.xxx,id,NSFW,Doujindesu
Mihon系（Mihon/Tachiyomi/Suwayomi/Komikku/Neko）,Doujinku,doujinku.org,id,NSFW,Doujinku
Mihon系（Mihon/Tachiyomi/Suwayomi/Komikku/Neko）,DreamTeams Scans,dreamteams.space,id,NSFW,DreamTeams Scans
Mihon系（Mihon/Tachiyomi/Suwayomi/Komikku/Neko）,Hentai Crot,hentaicrot.com,id,NSFW,Hentai Crot
Mihon系（Mihon/Tachiyomi/Suwayomi/Komikku/Neko）,Holotoon,holodek.run,id,,Holotoon
Mihon系（Mihon/Tachiyomi/Suwayomi/Komikku/Neko）,Hwago,02.hwago.xyz,id,,Hwago
Mihon系（Mihon/Tachiyomi/Suwayomi/Komikku/Neko）,ReYume,re-yume.my.id,id,,ReYume
Mihon系（Mihon/Tachiyomi/Suwayomi/Komikku/Neko）,Izanami Scans,izanamiscans.my.id,id,,Izanami Scans
Mihon系（Mihon/Tachiyomi/Suwayomi/Komikku/Neko）,Kanzenin,kanzenin.info,id,NSFW,Kanzenin
Mihon系（Mihon/Tachiyomi/Suwayomi/Komikku/Neko）,Kiryuu,v7.kiryuu.to,id,,Kiryuu
Mihon系（Mihon/Tachiyomi/Suwayomi/Komikku/Neko）,KlikManga,klikmanga.org,id,,KlikManga
Mihon系（Mihon/Tachiyomi/Suwayomi/Komikku/Neko）,APKOMIK,01.apkomik.com,id,,APKOMIK
Mihon系（Mihon/Tachiyomi/Suwayomi/Komikku/Neko）,VoraToon,v2.voratoon.com,id,,VoraToon
Mihon系（Mihon/Tachiyomi/Suwayomi/Komikku/Neko）,Komik Dewasak,komikdewasa.mom,id,NSFW,Komik Dewasa
Mihon系（Mihon/Tachiyomi/Suwayomi/Komikku/Neko）,Komik Dewasa Art,komikdewasa.art,id,NSFW,Komik Dewasa Art
Mihon系（Mihon/Tachiyomi/Suwayomi/Komikku/Neko）,Komikindo,komikindo.cam,id,NSFW,Komikindo
Mihon系（Mihon/Tachiyomi/Suwayomi/Komikku/Neko）,KomikIndoID,komikindo.ch,id,,KomikIndoID
Mihon系（Mihon/Tachiyomi/Suwayomi/Komikku/Neko）,KomikNesia,v1.komiknesiaku.com,id,,KomikNesia
Mihon系（Mihon/Tachiyomi/Suwayomi/Komikku/Neko）,Komik Next G Online,komiknextgonline.com,id,,Komik Next G Online
Mihon系（Mihon/Tachiyomi/Suwayomi/Komikku/Neko）,Komik Station,komikstation.org,id,,Komik Station
Mihon系（Mihon/Tachiyomi/Suwayomi/Komikku/Neko）,Komiktap,komiktap.info,id,NSFW,Komiktap
Mihon系（Mihon/Tachiyomi/Suwayomi/Komikku/Neko）,Komiku,komiku.org,id,,Komiku
Mihon系（Mihon/Tachiyomi/Suwayomi/Komikku/Neko）,Komiku.com,01.komiku.asia,id,,Komiku.com
Mihon系（Mihon/Tachiyomi/Suwayomi/Komikku/Neko）,Komikzoid,komikzoid.id,id,,Komikzoid
Mihon系（Mihon/Tachiyomi/Suwayomi/Komikku/Neko）,KumaPoi,kumapoi.info,id,NSFW,KumaPoi
Mihon系（Mihon/Tachiyomi/Suwayomi/Komikku/Neko）,KumoPoi,beta.kumopoi.com,id,NSFW,KumoPoi
Mihon系（Mihon/Tachiyomi/Suwayomi/Komikku/Neko）,Kuro Manga,kuromanga.id,id,,Kuro Manga
Mihon系（Mihon/Tachiyomi/Suwayomi/Komikku/Neko）,LepoyTL,lepoytl.my.id,id,,LepoyTL
Mihon系（Mihon/Tachiyomi/Suwayomi/Komikku/Neko）,LianScans,lianscans.com,id,NSFW,LianScans
Mihon系（Mihon/Tachiyomi/Suwayomi/Komikku/Neko）,LumosKomik,03.lumosgg.com,id,,LumosKomik
Mihon系（Mihon/Tachiyomi/Suwayomi/Komikku/Neko）,Maid - Manga,maid.my.id,id,,Maid - Manga
Mihon系（Mihon/Tachiyomi/Suwayomi/Komikku/Neko）,Manga Can,mangacanblog.com,id,,Manga Can
Mihon系（Mihon/Tachiyomi/Suwayomi/Komikku/Neko）,Mangakuri,lc2.mangakuri.online,id,NSFW,Mangakuri
Mihon系（Mihon/Tachiyomi/Suwayomi/Komikku/Neko）,Mangalay,mangalay.blogspot.com,id,,Mangalay
Mihon系（Mihon/Tachiyomi/Suwayomi/Komikku/Neko）,Mangasusu,mangasusuku.com,id,NSFW,Mangasusu
Mihon系（Mihon/Tachiyomi/Suwayomi/Komikku/Neko）,Ikiru,08.ikiru.wtf,id,,Ikiru
Mihon系（Mihon/Tachiyomi/Suwayomi/Komikku/Neko）,ManhwaDesu,manhwadesu.wiki,id,NSFW,ManhwaDesu
Mihon系（Mihon/Tachiyomi/Suwayomi/Komikku/Neko）,Manhwa Indo,manhwaindo.my,id,,Manhwa Indo
Mihon系（Mihon/Tachiyomi/Suwayomi/Komikku/Neko）,ManhwaLand.mom,02.manhwaland.land,id,NSFW,ManhwaLand.mom
Mihon系（Mihon/Tachiyomi/Suwayomi/Komikku/Neko）,Manhwa List,manhwalist.asia,id,,Manhwa List
Mihon系（Mihon/Tachiyomi/Suwayomi/Komikku/Neko）,IsekaiKomik,ch1.isekaikomik.site,id,,IsekaiKomik
Mihon系（Mihon/Tachiyomi/Suwayomi/Komikku/Neko）,MG Komik,id.mgkomik.cc,id,,MG Komik
Mihon系（Mihon/Tachiyomi/Suwayomi/Komikku/Neko）,Mihentai,mihentai.net,id,NSFW,Mihentai
Mihon系（Mihon/Tachiyomi/Suwayomi/Komikku/Neko）,MikoRoku,mikoroku.com,id,,MikoRoku
Mihon系（Mihon/Tachiyomi/Suwayomi/Komikku/Neko）,NarasiNinja,narasininja.net,id,,Narasi Ninja
Mihon系（Mihon/Tachiyomi/Suwayomi/Komikku/Neko）,Natsu,natsu.one,id,,Natsu
Mihon系（Mihon/Tachiyomi/Suwayomi/Komikku/Neko）,NgamenKomik,ngamenkomik05.blogspot.com,id,,NgamenKomik
Mihon系（Mihon/Tachiyomi/Suwayomi/Komikku/Neko）,Ngomik (unoriginal),02.ngomik.cc,id,,Ngomik (unoriginal)
Mihon系（Mihon/Tachiyomi/Suwayomi/Komikku/Neko）,Noromax,noromax02.my.id,id,,Noromax
Mihon系（Mihon/Tachiyomi/Suwayomi/Komikku/Neko）,OkyyKomik,okyykomik.my.id,id,,OkyyKomik
Mihon系（Mihon/Tachiyomi/Suwayomi/Komikku/Neko）,Omicaso,omicaso.org,id,,Omicaso
Mihon系（Mihon/Tachiyomi/Suwayomi/Komikku/Neko）,Ota Scans,yurilab.top,id,,Ota Scans
Mihon系（Mihon/Tachiyomi/Suwayomi/Komikku/Neko）,Pix Hentai,pixhentai.com,id,NSFW,Pix Hentai
Mihon系（Mihon/Tachiyomi/Suwayomi/Komikku/Neko）,Pornhwa18,pornhwa18.com,id,NSFW,Pornhwa18
Mihon系（Mihon/Tachiyomi/Suwayomi/Komikku/Neko）,Pramramadhan,01.pramramadhan.my.id,id,,Pramramadhan
Mihon系（Mihon/Tachiyomi/Suwayomi/Komikku/Neko）,Riztranslation,riztranslation.pages.dev,id,,Riztranslation
Mihon系（Mihon/Tachiyomi/Suwayomi/Komikku/Neko）,Roseveil,roseveil.org,id,,Roseveil
Mihon系（Mihon/Tachiyomi/Suwayomi/Komikku/Neko）,Ryukomik,ryukomik.my.id,id,NSFW,Ryukomik
Mihon系（Mihon/Tachiyomi/Suwayomi/Komikku/Neko）,Sasangeyou,sasangeyou.net,id,NSFW,Sasangeyou
Mihon系（Mihon/Tachiyomi/Suwayomi/Komikku/Neko）,Sekte Doujin,sektedoujin.cc,id,NSFW,Sekte Doujin
Mihon系（Mihon/Tachiyomi/Suwayomi/Komikku/Neko）,Sekte Komik,sektekomik.id,id,,Sekte Komik
Mihon系（Mihon/Tachiyomi/Suwayomi/Komikku/Neko）,Shinigami,11.shinigami.asia,id,,Shinigami
Mihon系（Mihon/Tachiyomi/Suwayomi/Komikku/Neko）,Shiro Doujin,shirodoujin.com,id,NSFW,Shiro Doujin
Mihon系（Mihon/Tachiyomi/Suwayomi/Komikku/Neko）,ShiyuraSub,shiyurasub.blogspot.com,id,,ShiyuraSub
Mihon系（Mihon/Tachiyomi/Suwayomi/Komikku/Neko）,Siikomik,siikomik.id,id,,Siikomik
Mihon系（Mihon/Tachiyomi/Suwayomi/Komikku/Neko）,Softkomik,softkomik.co,id,,Softkomik
Mihon系（Mihon/Tachiyomi/Suwayomi/Komikku/Neko）,Soul Scans,v1.soulscans.org,id,,Soul Scans
Mihon系（Mihon/Tachiyomi/Suwayomi/Komikku/Neko）,TheManga,themanga.site,id,,TheManga
Mihon系（Mihon/Tachiyomi/Suwayomi/Komikku/Neko）,Tooncubus,tooncubus.top,id,NSFW,Tooncubus
Mihon系（Mihon/Tachiyomi/Suwayomi/Komikku/Neko）,Ulas Comic,ulascomic01.xyz,id,,Ulas Comic
Mihon系（Mihon/Tachiyomi/Suwayomi/Komikku/Neko）,West Manga,v1.westmanga.my,id,,West Manga
Mihon系（Mihon/Tachiyomi/Suwayomi/Komikku/Neko）,Wurmz,wurmz.net,id,,Wurmz
Mihon系（Mihon/Tachiyomi/Suwayomi/Komikku/Neko）,Kaguya,02.kaguya.pro,id,NSFW,Kaguya
Mihon系（Mihon/Tachiyomi/Suwayomi/Komikku/Neko）,Anime GDR Club,agcscanlation.it,it,,Anime GDR Club
Mihon系（Mihon/Tachiyomi/Suwayomi/Komikku/Neko）,DDT Team,ddt.hastateam.com,it,,DDT Team
Mihon系（Mihon/Tachiyomi/Suwayomi/Komikku/Neko）,DigitalTeam,dgtread.com,it,,DigitalTeam
Mihon系（Mihon/Tachiyomi/Suwayomi/Komikku/Neko）,GTO The Great Site,reader.gtothegreatsite.net,it,,GTO The Great Site
Mihon系（Mihon/Tachiyomi/Suwayomi/Komikku/Neko）,Hasta Team,reader.hastateam.com,it,,Hasta Team
Mihon系（Mihon/Tachiyomi/Suwayomi/Komikku/Neko）,HentaiArchive,hentai-archive.com,it,NSFW,HentaiArchive
Mihon系（Mihon/Tachiyomi/Suwayomi/Komikku/Neko）,HentaiFantasy,hentaifantasy.it,it,NSFW,HentaiFantasy
Mihon系（Mihon/Tachiyomi/Suwayomi/Komikku/Neko）,Juin Jutsu Team Reader,juinjutsureader.ovh,it,,Juin Jutsu Team Reader
Mihon系（Mihon/Tachiyomi/Suwayomi/Komikku/Neko）,LupiTeam,lupiteam.net,it,,LupiTeam
Mihon系（Mihon/Tachiyomi/Suwayomi/Komikku/Neko）,Mangaworld,mangaworld.mx,it,,Mangaworld
Mihon系（Mihon/Tachiyomi/Suwayomi/Komikku/Neko）,MangaworldAdult,mangaworldadult.net,it,NSFW,MangaworldAdult
Mihon系（Mihon/Tachiyomi/Suwayomi/Komikku/Neko）,NIFTeam,read-nifteam.info,it,,NIFTeam
Mihon系（Mihon/Tachiyomi/Suwayomi/Komikku/Neko）,Phoenix Scans,phoenixscans.com,it,,Phoenix Scans
Mihon系（Mihon/Tachiyomi/Suwayomi/Komikku/Neko）,TuttoAnimeManga,tuttoanimemanga.net,it,,TuttoAnimeManga
Mihon系（Mihon/Tachiyomi/Suwayomi/Komikku/Neko）,Walpurgi Scan,walpurgiscan.it,it,,Walpurgi Scan
Mihon系（Mihon/Tachiyomi/Suwayomi/Komikku/Neko）,ZeurelScan,zeurelscan.com,it,,ZeurelScan
Mihon系（Mihon/Tachiyomi/Suwayomi/Komikku/Neko）,Alphapolis,alphapolis.co.jp,ja,,Alphapolis
Mihon系（Mihon/Tachiyomi/Suwayomi/Komikku/Neko）,Ameba Manga,dokusho-ojikan.jp,ja,,Ameba Manga
Mihon系（Mihon/Tachiyomi/Suwayomi/Komikku/Neko）,Asacomi,asacomi.jp,ja,,Asacomi
Mihon系（Mihon/Tachiyomi/Suwayomi/Komikku/Neko）,Bibibi Comic,bibibi-comic.com,ja,,Bibibi Comic
Mihon系（Mihon/Tachiyomi/Suwayomi/Komikku/Neko）,Big Comics,bigcomics.jp,ja,,Big Comics
Mihon系（Mihon/Tachiyomi/Suwayomi/Komikku/Neko）,Booklista Studio,studio.booklista.co.jp,ja,,Booklista Studio
Mihon系（Mihon/Tachiyomi/Suwayomi/Komikku/Neko）,BookWalker Japan,bookwalker.jp,ja,,BookWalker Japan
Mihon系（Mihon/Tachiyomi/Suwayomi/Komikku/Neko）,Ciao Plus,ciao.shogakukan.co.jp,ja,,Ciao Plus
Mihon系（Mihon/Tachiyomi/Suwayomi/Komikku/Neko）,C'moA,cmoa.jp,ja,,C'moA
Mihon系（Mihon/Tachiyomi/Suwayomi/Komikku/Neko）,Comic Boost,comic-boost.com,ja,,Comic Boost
Mihon系（Mihon/Tachiyomi/Suwayomi/Komikku/Neko）,Comic Border,comicborder.com,ja,,Comic Border
Mihon系（Mihon/Tachiyomi/Suwayomi/Komikku/Neko）,Comic Days,comic-days.com,ja,,Comic Days
Mihon系（Mihon/Tachiyomi/Suwayomi/Komikku/Neko）,Comic Earth Star,comic-earthstar.com,ja,,Comic Earth Star
Mihon系（Mihon/Tachiyomi/Suwayomi/Komikku/Neko）,Comic Festa,comic.iowl.jp,ja,,Comic Festa
Mihon系（Mihon/Tachiyomi/Suwayomi/Komikku/Neko）,COMIC FUZ,comic-fuz.com,ja,,COMIC FUZ
Mihon系（Mihon/Tachiyomi/Suwayomi/Komikku/Neko）,Comic Gardo,comic-gardo.com,ja,,Comic Gardo
Mihon系（Mihon/Tachiyomi/Suwayomi/Komikku/Neko）,Comic Grast,novema.jp,ja,,Comic Grast
Mihon系（Mihon/Tachiyomi/Suwayomi/Komikku/Neko）,G-Comi,g-comi.jp,ja,,G-Comi
Mihon系（Mihon/Tachiyomi/Suwayomi/Komikku/Neko）,Kiraboshi,kirapo.jp,ja,,Kiraboshi
Mihon系（Mihon/Tachiyomi/Suwayomi/Komikku/Neko）,Comic Nettai,comicnettai.com,ja,,Comic Nettai
Mihon系（Mihon/Tachiyomi/Suwayomi/Komikku/Neko）,コミコ,comico.jp,ja,,Comico
Mihon系（Mihon/Tachiyomi/Suwayomi/Komikku/Neko）,Comic Pash,comicpash.jp,ja,,Comic Pash
Mihon系（Mihon/Tachiyomi/Suwayomi/Komikku/Neko）,Comic Ride,comicride.jp,ja,,Comic Ride
Mihon系（Mihon/Tachiyomi/Suwayomi/Komikku/Neko）,Comic Room Base,comic-room-base.com,ja,,Comic Room Base
Mihon系（Mihon/Tachiyomi/Suwayomi/Komikku/Neko）,Comic Ryu,comic-ryu.jp,ja,,Comic Ryu
Mihon系（Mihon/Tachiyomi/Suwayomi/Komikku/Neko）,Comic Y-OURs,comic-y-ours.com,ja,,Comic Y-OURs
Mihon系（Mihon/Tachiyomi/Suwayomi/Komikku/Neko）,Comiplex,viewer.heros-web.com,ja,,Comiplex
Mihon系（Mihon/Tachiyomi/Suwayomi/Komikku/Neko）,Comirela,comirela.com,ja,,Comirela
Mihon系（Mihon/Tachiyomi/Suwayomi/Komikku/Neko）,Corocoro Online,corocoro.jp,ja,,Corocoro Online
Mihon系（Mihon/Tachiyomi/Suwayomi/Komikku/Neko）,Corona EX,to-corona-ex.com,ja,,Corona EX
Mihon系（Mihon/Tachiyomi/Suwayomi/Komikku/Neko）,CyComi,cycomi.com,ja,,CyComi
Mihon系（Mihon/Tachiyomi/Suwayomi/Komikku/Neko）,DMM,book.dmm.com,ja,,DMM/FANZA
Mihon系（Mihon/Tachiyomi/Suwayomi/Komikku/Neko）,FANZA,book.dmm.co.jp,ja,,DMM/FANZA
Mihon系（Mihon/Tachiyomi/Suwayomi/Komikku/Neko）,Docomo,dbook.docomo.ne.jp,ja,,Docomo
Mihon系（Mihon/Tachiyomi/Suwayomi/Komikku/Neko）,Dokiraw,dokiraw.click,ja,,Dokiraw
Mihon系（Mihon/Tachiyomi/Suwayomi/Komikku/Neko）,DreComi+,drecomi-plus.jp,ja,NSFW,DreComi+
Mihon系（Mihon/Tachiyomi/Suwayomi/Komikku/Neko）,eBookJapan,ebookjapan.yahoo.co.jp,ja,,eBookJapan
Mihon系（Mihon/Tachiyomi/Suwayomi/Komikku/Neko）,FireCross,firecross.jp,ja,,FireCross
Mihon系（Mihon/Tachiyomi/Suwayomi/Komikku/Neko）,Flower Comics,flowercomics.jp,ja,,Flower Comics
Mihon系（Mihon/Tachiyomi/Suwayomi/Komikku/Neko）,FOD,manga.fod.fujitv.co.jp,ja,,FOD
Mihon系（Mihon/Tachiyomi/Suwayomi/Komikku/Neko）,Gangan Online,ganganonline.com,ja,,Gangan Online
Mihon系（Mihon/Tachiyomi/Suwayomi/Komikku/Neko）,GANMA!,ganma.jp,ja,,GANMA!
Mihon系（Mihon/Tachiyomi/Suwayomi/Komikku/Neko）,がうがうモンスター＋,gaugau.futabanet.jp,ja,,Gaugau Monster Plus
Mihon系（Mihon/Tachiyomi/Suwayomi/Komikku/Neko）,Goraku Web,gorakuweb.com,ja,,Goraku Web
Mihon系（Mihon/Tachiyomi/Suwayomi/Komikku/Neko）,Hachiraw,hachiraw.net,ja,,Hachiraw
Mihon系（Mihon/Tachiyomi/Suwayomi/Komikku/Neko）,Hana To Yume+,hanayume.com,ja,,Hana To Yume+
Mihon系（Mihon/Tachiyomi/Suwayomi/Komikku/Neko）,HAYA Comic,hayacomic.jp,ja,,HAYA Comic
Mihon系（Mihon/Tachiyomi/Suwayomi/Komikku/Neko）,HERO'S Web,heros-web.com,ja,,HERO'S Web
Mihon系（Mihon/Tachiyomi/Suwayomi/Komikku/Neko）,Ichicomi,ichicomi.com,ja,,Ichicomi
Mihon系（Mihon/Tachiyomi/Suwayomi/Komikku/Neko）,Idol. gravureprincess .date,idol.gravureprincess.date,ja,NSFW,Idol. gravureprincess .date
Mihon系（Mihon/Tachiyomi/Suwayomi/Komikku/Neko）,Jmanga,jmanga.cyou,ja,,Jmanga
Mihon系（Mihon/Tachiyomi/Suwayomi/Komikku/Neko）,J-N Books,comic.j-nbooks.jp,ja,,J-N Books
Mihon系（Mihon/Tachiyomi/Suwayomi/Komikku/Neko）,Jump Rookie!,rookie.shonenjump.com,ja,,Jump Rookie!
Mihon系（Mihon/Tachiyomi/Suwayomi/Komikku/Neko）,Jump Toon,jumptoon.com,ja,,Jump Toon
Mihon系（Mihon/Tachiyomi/Suwayomi/Komikku/Neko）,カドコミ,comic-walker.com,ja,,KadoComi
Mihon系（Mihon/Tachiyomi/Suwayomi/Komikku/Neko）,KimiComi,kimicomi.com,ja,,KimiComi
Mihon系（Mihon/Tachiyomi/Suwayomi/Komikku/Neko）,KissLove,klz9.com,ja,,KissLove
Mihon系（Mihon/Tachiyomi/Suwayomi/Komikku/Neko）,KL Raw,klraw.info,ja,,KL Raw
Mihon系（Mihon/Tachiyomi/Suwayomi/Komikku/Neko）,Klto9,klto9.com,ja,,Klto9
Mihon系（Mihon/Tachiyomi/Suwayomi/Komikku/Neko）,Kmansin09,kmansin09.top,ja,,Kmansin09
Mihon系（Mihon/Tachiyomi/Suwayomi/Komikku/Neko）,Kumaraw,kumaraw.com,ja,,Kumaraw
Mihon系（Mihon/Tachiyomi/Suwayomi/Komikku/Neko）,Kurage Bunch,kuragebunch.com,ja,,Kurage Bunch
Mihon系（Mihon/Tachiyomi/Suwayomi/Komikku/Neko）,Line Manga,manga.line.me,ja,,Line Manga
Mihon系（Mihon/Tachiyomi/Suwayomi/Komikku/Neko）,Magazine Pocket,pocket.shonenmagazine.com,ja,,Magazine Pocket
Mihon系（Mihon/Tachiyomi/Suwayomi/Komikku/Neko）,MAGCOMI,magcomi.com,ja,,MAGCOMI
Mihon系（Mihon/Tachiyomi/Suwayomi/Komikku/Neko）,MagKan,kansai.mag-garden.co.jp,ja,,MagKan
Mihon系（Mihon/Tachiyomi/Suwayomi/Komikku/Neko）,Manga1000,hachiraw.win,ja,,Manga1000
Mihon系（Mihon/Tachiyomi/Suwayomi/Komikku/Neko）,MangaBang Comics,comics.manga-bang.com,ja,,MangaBang Comics
Mihon系（Mihon/Tachiyomi/Suwayomi/Komikku/Neko）,MangaBu,mangabu.jp,ja,,MangaBu
Mihon系（Mihon/Tachiyomi/Suwayomi/Komikku/Neko）,Champion Cross,championcross.jp,ja,,Champion Cross
Mihon系（Mihon/Tachiyomi/Suwayomi/Komikku/Neko）,Manga-5,manga-5.com,ja,,Manga-5
Mihon系（Mihon/Tachiyomi/Suwayomi/Komikku/Neko）,NihonKuni,nihonkuni.com,ja,,NihonKuni
Mihon系（Mihon/Tachiyomi/Suwayomi/Komikku/Neko）,Manga Kingdom,comic.k-manga.jp,ja,,Manga Kingdom
Mihon系（Mihon/Tachiyomi/Suwayomi/Komikku/Neko）,MangaKuro,mangakuro.net,ja,,MangaKuro
Mihon系（Mihon/Tachiyomi/Suwayomi/Komikku/Neko）,Mangalt,mangalt.jp,ja,,Mangalt
Mihon系（Mihon/Tachiyomi/Suwayomi/Komikku/Neko）,MangaMee,manga-mee.jp,ja,,MangaMee
Mihon系（Mihon/Tachiyomi/Suwayomi/Komikku/Neko）,MangaMeets,manga-meets.jp,ja,,MangaMeets
Mihon系（Mihon/Tachiyomi/Suwayomi/Komikku/Neko）,Manga Mura,mangamura.me,ja,,Manga Mura
Mihon系（Mihon/Tachiyomi/Suwayomi/Komikku/Neko）,MangaNo,manga-no.com,ja,,MangaNo
Mihon系（Mihon/Tachiyomi/Suwayomi/Komikku/Neko）,Manga One,manga-one.com,ja,,Manga One
Mihon系（Mihon/Tachiyomi/Suwayomi/Komikku/Neko）,Manga-Park,manga-park.com,ja,,Manga-Park
Mihon系（Mihon/Tachiyomi/Suwayomi/Komikku/Neko）,Manga Saison,mechacomi.jp,ja,,Manga Saison
Mihon系（Mihon/Tachiyomi/Suwayomi/Komikku/Neko）,Manga SPA,mangaspa.nikkan-spa.jp,ja,,Manga SPA
Mihon系（Mihon/Tachiyomi/Suwayomi/Komikku/Neko）,マンガ図書館Z,mangaz.com,ja,,Manga Toshokan Z
Mihon系（Mihon/Tachiyomi/Suwayomi/Komikku/Neko）,Manga UP! (Japan),manga-up.com,ja,,Manga UP! (Japan)
Mihon系（Mihon/Tachiyomi/Suwayomi/Komikku/Neko）,Manga Zegra,manga-zegra.com,ja,,Manga Zegra
Mihon系（Mihon/Tachiyomi/Suwayomi/Komikku/Neko）,Mecha Comic,mechacomic.jp,ja,,Mecha Comic
Mihon系（Mihon/Tachiyomi/Suwayomi/Komikku/Neko）,Mokuro,mokuro.moe,ja,,Mokuro
Mihon系（Mihon/Tachiyomi/Suwayomi/Komikku/Neko）,momon:GA,momon-ga.com,ja,NSFW,MomonGA
Mihon系（Mihon/Tachiyomi/Suwayomi/Komikku/Neko）,Nami Comic,namicomic.jp,ja,,Nami Comic
Mihon系（Mihon/Tachiyomi/Suwayomi/Komikku/Neko）,Nicomanga,nicomanga.com,ja,,Nicomanga
Mihon系（Mihon/Tachiyomi/Suwayomi/Komikku/Neko）,Nicovideo Seiga,sp.manga.nicovideo.jp,ja,,Nicovideo Seiga
Mihon系（Mihon/Tachiyomi/Suwayomi/Komikku/Neko）,Nikkangecchan,nikkangecchan.jp,ja,,Nikkangecchan
Mihon系（Mihon/Tachiyomi/Suwayomi/Komikku/Neko）,Ohta Web Comic,webcomic.ohtabooks.com,ja,,Ohta Web Comic
Mihon系（Mihon/Tachiyomi/Suwayomi/Komikku/Neko）,Pash Up!,pash-up.jp,ja,,Pash Up!
Mihon系（Mihon/Tachiyomi/Suwayomi/Komikku/Neko）,PiaComic,piacomic.jp,ja,,PiaComic
Mihon系（Mihon/Tachiyomi/Suwayomi/Komikku/Neko）,Piccoma,piccoma.com,ja,,Piccoma
Mihon系（Mihon/Tachiyomi/Suwayomi/Komikku/Neko）,Pixivコミック,comic.pixiv.net,ja,,Pixiv Comic
Mihon系（Mihon/Tachiyomi/Suwayomi/Komikku/Neko）,Raw1001,raw1001.net,ja,,Raw1001
Mihon系（Mihon/Tachiyomi/Suwayomi/Komikku/Neko）,Raw18,raw18.icu,ja,NSFW,Raw18
Mihon系（Mihon/Tachiyomi/Suwayomi/Komikku/Neko）,RawBaka,rawbaka.com,ja,,RawBaka
Mihon系（Mihon/Tachiyomi/Suwayomi/Komikku/Neko）,Rawdevart.art,rawdevart.art,ja,,Rawdevart.art
Mihon系（Mihon/Tachiyomi/Suwayomi/Komikku/Neko）,RawINU,rawinu.com,ja,,RawINU
Mihon系（Mihon/Tachiyomi/Suwayomi/Komikku/Neko）,Rawkuma,rawkuma.net,ja,,Rawkuma
Mihon系（Mihon/Tachiyomi/Suwayomi/Komikku/Neko）,WeLoveManga,weloma.net,ja,,WeLoveManga
Mihon系（Mihon/Tachiyomi/Suwayomi/Komikku/Neko）,Raw Otaku,rawotaku.com,ja,,Raw Otaku
Mihon系（Mihon/Tachiyomi/Suwayomi/Komikku/Neko）,Raw UwU,rawuwu.net,ja,,Raw UwU
Mihon系（Mihon/Tachiyomi/Suwayomi/Komikku/Neko）,RawMiu,rawmiu.com,ja,,RawMiu
Mihon系（Mihon/Tachiyomi/Suwayomi/Komikku/Neko）,Reader Store,ebookstore.sony.jp,ja,,Reader Store
Mihon系（Mihon/Tachiyomi/Suwayomi/Komikku/Neko）,RimacomiPlus,rimacomiplus.jp,ja,,RimacomiPlus
Mihon系（Mihon/Tachiyomi/Suwayomi/Komikku/Neko）,Sen Manga,raw.senmanga.com,ja,,Sen Manga
Mihon系（Mihon/Tachiyomi/Suwayomi/Komikku/Neko）,Shonen Jump+,shonenjumpplus.com,ja,,Shonen Jump+
Mihon系（Mihon/Tachiyomi/Suwayomi/Komikku/Neko）,Sokuyomi,sokuyomi.jp,ja,NSFW,Sokuyomi
Mihon系（Mihon/Tachiyomi/Suwayomi/Komikku/Neko）,Sunday Web Every,sunday-webry.com,ja,,Sunday Web Every
Mihon系（Mihon/Tachiyomi/Suwayomi/Komikku/Neko）,TakeComic,takecomic.jp,ja,,TakeComic
Mihon系（Mihon/Tachiyomi/Suwayomi/Komikku/Neko）,Tonari no Young Jump,tonarinoyj.jp,ja,,Tonari no Young Jump
Mihon系（Mihon/Tachiyomi/Suwayomi/Komikku/Neko）,Twi4,sai-zen-sen.jp,ja,,Twi4
Mihon系（Mihon/Tachiyomi/Suwayomi/Komikku/Neko）,U-NEXT,video.unext.jp,ja,,U-NEXT
Mihon系（Mihon/Tachiyomi/Suwayomi/Komikku/Neko）,Love4u,love4u.net,ja,,Love4u
Mihon系（Mihon/Tachiyomi/Suwayomi/Komikku/Neko）,ヤンマガ（マンガ）,yanmaga.jp,ja,,Weekly Young Magazine
Mihon系（Mihon/Tachiyomi/Suwayomi/Komikku/Neko）,ヤンマガ（グラビア）,yanmaga.jp,ja,,Weekly Young Magazine
Mihon系（Mihon/Tachiyomi/Suwayomi/Komikku/Neko）,Young Jump+,ynjn.jp,ja,,Young Jump+
Mihon系（Mihon/Tachiyomi/Suwayomi/Komikku/Neko）,Yomonga,yomonga.com,ja,,Yomonga
Mihon系（Mihon/Tachiyomi/Suwayomi/Komikku/Neko）,Young Animal,younganimal.com,ja,,Young Animal
Mihon系（Mihon/Tachiyomi/Suwayomi/Komikku/Neko）,Young Champion,youngchampion.jp,ja,,Young Champion
Mihon系（Mihon/Tachiyomi/Suwayomi/Komikku/Neko）,Zebrack,zebrack-comic.shueisha.co.jp,ja,,Zebrack
Mihon系（Mihon/Tachiyomi/Suwayomi/Komikku/Neko）,Zenon,comic-zenon.com,ja,,Zenon
Mihon系（Mihon/Tachiyomi/Suwayomi/Komikku/Neko）,Zerosum Online,zerosumonline.com,ja,,Zerosum Online
Mihon系（Mihon/Tachiyomi/Suwayomi/Komikku/Neko）,블랙툰,blacktoon.me,ko,,BlackToon
Mihon系（Mihon/Tachiyomi/Suwayomi/Komikku/Neko）,Manatoki,manatoki552.net,ko,NSFW,Manatoki
Mihon系（Mihon/Tachiyomi/Suwayomi/Komikku/Neko）,Naver Webtoon,comic.naver.com,ko,,Naver Comic
Mihon系（Mihon/Tachiyomi/Suwayomi/Komikku/Neko）,Naver Webtoon Best Challenge,comic.naver.com,ko,,Naver Comic
Mihon系（Mihon/Tachiyomi/Suwayomi/Komikku/Neko）,Naver Webtoon Challenge,comic.naver.com,ko,,Naver Comic
Mihon系（Mihon/Tachiyomi/Suwayomi/Komikku/Neko）,RawDEX,rawdex.net,ko,NSFW,RawDEX
Mihon系（Mihon/Tachiyomi/Suwayomi/Komikku/Neko）,11toon,11toon.com,ko,,11toon
Mihon系（Mihon/Tachiyomi/Suwayomi/Komikku/Neko）,Toonkor,tkor153.com,ko,,Toonkor
Mihon系（Mihon/Tachiyomi/Suwayomi/Komikku/Neko）,늑대닷컴 - 웹툰,wfwf414.com,ko,,Wolf.com
Mihon系（Mihon/Tachiyomi/Suwayomi/Komikku/Neko）,늑대닷컴 - 만화책,wfwf414.com,ko,,Wolf.com
Mihon系（Mihon/Tachiyomi/Suwayomi/Komikku/Neko）,늑대닷컴 - 포토툰,wfwf414.com,ko,,Wolf.com
Mihon系（Mihon/Tachiyomi/Suwayomi/Komikku/Neko）,MangaHoNa,mangahona.pl,pl,,MangaHoNa
Mihon系（Mihon/Tachiyomi/Suwayomi/Komikku/Neko）,AcervoEremita,acervoeremita.com,pt-BR,,AcervoEremita
Mihon系（Mihon/Tachiyomi/Suwayomi/Komikku/Neko）,Acervo Hentai,acervohentai.com,pt-BR,NSFW,Acervo Hentai
Mihon系（Mihon/Tachiyomi/Suwayomi/Komikku/Neko）,Amuy,apenasmaisumyaoi.com,pt-BR,,Amuy
Mihon系（Mihon/Tachiyomi/Suwayomi/Komikku/Neko）,AnimeXNovel,animexnovel.com,pt-BR,,AnimeXNovel
Mihon系（Mihon/Tachiyomi/Suwayomi/Komikku/Neko）,Capitoons,capitoons.com,pt-BR,,Capitoons
Mihon系（Mihon/Tachiyomi/Suwayomi/Komikku/Neko）,Apenas Uma Fã,apenasuma-fa.blogspot.com,pt-BR,,Apenas Uma Fã
Mihon系（Mihon/Tachiyomi/Suwayomi/Komikku/Neko）,Argos Comics,aniargos.com,pt-BR,,Argos Comics
Mihon系（Mihon/Tachiyomi/Suwayomi/Komikku/Neko）,Argos Scan,argoscomics.online,pt-BR,,Argos Scan
Mihon系（Mihon/Tachiyomi/Suwayomi/Komikku/Neko）,Arthur Scan,arthurscan.xyz,pt-BR,,Arthur Scan
Mihon系（Mihon/Tachiyomi/Suwayomi/Komikku/Neko）,Astratoons,new.astratoons.com,pt-BR,,Astratoons
Mihon系（Mihon/Tachiyomi/Suwayomi/Komikku/Neko）,Azuretoons,azuretoons.com,pt-BR,,Azuretoons
Mihon系（Mihon/Tachiyomi/Suwayomi/Komikku/Neko）,Bakai,bakai.org,pt-BR,NSFW,Bakai
Mihon系（Mihon/Tachiyomi/Suwayomi/Komikku/Neko）,Blackout Comics,blackoutcomics.com,pt-BR,NSFW,Blackout Comics
Mihon系（Mihon/Tachiyomi/Suwayomi/Komikku/Neko）,Bladetoons,bladetoons.com,pt-BR,,Bladetoons
Mihon系（Mihon/Tachiyomi/Suwayomi/Komikku/Neko）,Boruto Explorer,leitor.borutoexplorer.com.br,pt-BR,,Boruto Explorer
Mihon系（Mihon/Tachiyomi/Suwayomi/Komikku/Neko）,Brasil Hentai,brasilhentai.com,pt-BR,NSFW,Brasil Hentai
Mihon系（Mihon/Tachiyomi/Suwayomi/Komikku/Neko）,BR Yaoi,bryaoi.com,pt-BR,NSFW,BR Yaoi
Mihon系（Mihon/Tachiyomi/Suwayomi/Komikku/Neko）,Café com Yaoi,cafecomyaoi.com.br,pt-BR,,Café com Yaoi
Mihon系（Mihon/Tachiyomi/Suwayomi/Komikku/Neko）,Cerise Scan,loverstoon.com,pt-BR,NSFW,Cerise Scan
Mihon系（Mihon/Tachiyomi/Suwayomi/Komikku/Neko）,Coven Scan,covendasbruxonas.com,pt-BR,NSFW,Coven Scan
Mihon系（Mihon/Tachiyomi/Suwayomi/Komikku/Neko）,Ego Toons,egotoons.com,pt-BR,,Ego Toons
Mihon系（Mihon/Tachiyomi/Suwayomi/Komikku/Neko）,EroSect,erosect.xyz,pt-BR,NSFW,Ero Sect
Mihon系（Mihon/Tachiyomi/Suwayomi/Komikku/Neko）,Euphoria Scan,euphoriascan.com,pt-BR,NSFW,Euphoria Scan
Mihon系（Mihon/Tachiyomi/Suwayomi/Komikku/Neko）,ExHentai.net.br,exhentai.net.br,pt-BR,NSFW,ExHentai.net.br
Mihon系（Mihon/Tachiyomi/Suwayomi/Komikku/Neko）,Fenix Project,fenixproject.site,pt-BR,NSFW,Fenix Project
Mihon系（Mihon/Tachiyomi/Suwayomi/Komikku/Neko）,Fleur Blanche,fbsquadx.com,pt-BR,NSFW,Fleur Blanche
Mihon系（Mihon/Tachiyomi/Suwayomi/Komikku/Neko）,FlowerManga.net,flowermangas.net,pt-BR,,FlowerManga.net
Mihon系（Mihon/Tachiyomi/Suwayomi/Komikku/Neko）,GALAX Scans,galaxscanlator.blogspot.com,pt-BR,,GALAX Scans
Mihon系（Mihon/Tachiyomi/Suwayomi/Komikku/Neko）,Geass Comics,geasscomics.xyz,pt-BR,,Geass Comics
Mihon系（Mihon/Tachiyomi/Suwayomi/Komikku/Neko）,Ghost Scan,ghostscan.xyz,pt-BR,,Ghost Scan
Mihon系（Mihon/Tachiyomi/Suwayomi/Komikku/Neko）,Hanmokku Scan,hanmokkuscan.blogspot.com,pt-BR,,Hanmokku Scan
Mihon系（Mihon/Tachiyomi/Suwayomi/Komikku/Neko）,Hentai Season,hentaiseason.com,pt-BR,NSFW,Hentai Season
Mihon系（Mihon/Tachiyomi/Suwayomi/Komikku/Neko）,Hentai Tokyo,hentaitokyo.net,pt-BR,NSFW,Hentai Tokyo
Mihon系（Mihon/Tachiyomi/Suwayomi/Komikku/Neko）,Hipercool,lerhentais.com,pt-BR,NSFW,HipercooL
Mihon系（Mihon/Tachiyomi/Suwayomi/Komikku/Neko）,Hipertoon,hipertoon.com,pt-BR,,Hipertoon
Mihon系（Mihon/Tachiyomi/Suwayomi/Komikku/Neko）,Hora Hentai,horahentai.com,pt-BR,NSFW,Hora Hentai
Mihon系（Mihon/Tachiyomi/Suwayomi/Komikku/Neko）,Hot Cabaret Scan,hotcabaretscan.com,pt-BR,,Hot Cabaret Scan
Mihon系（Mihon/Tachiyomi/Suwayomi/Komikku/Neko）,HQ Now!,hq-now.com,pt-BR,,HQ Now!
Mihon系（Mihon/Tachiyomi/Suwayomi/Komikku/Neko）,Hunters Scan,readhunters.xyz,pt-BR,,Hunters Scans
Mihon系（Mihon/Tachiyomi/Suwayomi/Komikku/Neko）,Sagrado Império da Britannia,imperiodabritannia.net,pt-BR,,Sagrado Império da Britannia
Mihon系（Mihon/Tachiyomi/Suwayomi/Komikku/Neko）,Inkapk,inkapk.net,pt-BR,NSFW,Inkapk
Mihon系（Mihon/Tachiyomi/Suwayomi/Komikku/Neko）,Kami Sama Explorer,leitor.kamisama.com.br,pt-BR,,Kami Sama Explorer
Mihon系（Mihon/Tachiyomi/Suwayomi/Komikku/Neko）,KivaraToons,kivaratoons.com,pt-BR,,KivaraToons
Mihon系（Mihon/Tachiyomi/Suwayomi/Komikku/Neko）,KuroMangas,kuromangas.com,pt-BR,,KuroMangas
Mihon系（Mihon/Tachiyomi/Suwayomi/Komikku/Neko）,Leitor de Mangas,leitordemangas.com,pt-BR,,Leitor de Mangas
Mihon系（Mihon/Tachiyomi/Suwayomi/Komikku/Neko）,Leitura Mangá,leituramanga.net,pt-BR,,Leitura Manga
Mihon系（Mihon/Tachiyomi/Suwayomi/Komikku/Neko）,Ler 999,ler999.blogspot.com,pt-BR,,Ler 999
Mihon系（Mihon/Tachiyomi/Suwayomi/Komikku/Neko）,Ler Mangas,lermangas.me,pt-BR,NSFW,Ler Mangas
Mihon系（Mihon/Tachiyomi/Suwayomi/Komikku/Neko）,Little Tyrant,tiraninha.world,pt-BR,,Little Tyrant
Mihon系（Mihon/Tachiyomi/Suwayomi/Komikku/Neko）,Lycan Toons,lycantoons.com,pt-BR,,Lycan Toons
Mihon系（Mihon/Tachiyomi/Suwayomi/Komikku/Neko）,Maid Scan,empreguetes.wtf,pt-BR,,Maid Scan
Mihon系（Mihon/Tachiyomi/Suwayomi/Komikku/Neko）,MangaDash,mangadash.net,pt-BR,,MangaDash
Mihon系（Mihon/Tachiyomi/Suwayomi/Komikku/Neko）,MangaFlix,mangaflix.net,pt-BR,,Manga Flix
Mihon系（Mihon/Tachiyomi/Suwayomi/Komikku/Neko）,ToonLivre,toonlivre.net,pt-BR,,ToonLivre
Mihon系（Mihon/Tachiyomi/Suwayomi/Komikku/Neko）,Manga Livre Blog,mangalivre.blog,pt-BR,,Manga Livre Blog
Mihon系（Mihon/Tachiyomi/Suwayomi/Komikku/Neko）,MangaLivre.org,mangalivre.org,pt-BR,,MangaLivre.org
Mihon系（Mihon/Tachiyomi/Suwayomi/Komikku/Neko）,Manga Livre.to,mangalivre.to,pt-BR,,Manga Livre.to
Mihon系（Mihon/Tachiyomi/Suwayomi/Komikku/Neko）,Manga NXY,manganyx.com,pt-BR,,Manga NXY
Mihon系（Mihon/Tachiyomi/Suwayomi/Komikku/Neko）,Manga Online,mangaonline.green,pt-BR,,Manga Online
Mihon系（Mihon/Tachiyomi/Suwayomi/Komikku/Neko）,Mangas Brasuka,mangasbrasuka.org,pt-BR,,Mangas Brasuka
Mihon系（Mihon/Tachiyomi/Suwayomi/Komikku/Neko）,Manga Stop,mangastop.net,pt-BR,,Manga Stop
Mihon系（Mihon/Tachiyomi/Suwayomi/Komikku/Neko）,ManGeek,mangeek.app,pt-BR,,ManGeek
Mihon系（Mihon/Tachiyomi/Suwayomi/Komikku/Neko）,Mango Toons,mangotoons.com,pt-BR,,Mango Toons
Mihon系（Mihon/Tachiyomi/Suwayomi/Komikku/Neko）,Manhastro,manhastro.net,pt-BR,NSFW,Manhastro
Mihon系（Mihon/Tachiyomi/Suwayomi/Komikku/Neko）,Mediocre Toons,mediocrescan.com,pt-BR,NSFW,Mediocre Toons
Mihon系（Mihon/Tachiyomi/Suwayomi/Komikku/Neko）,MiniTwo Scan,minitwoscan.com,pt-BR,,MiniTwo Scan
Mihon系（Mihon/Tachiyomi/Suwayomi/Komikku/Neko）,Monte Tai,montetaiscanlator.xyz,pt-BR,,Monte Tai
Mihon系（Mihon/Tachiyomi/Suwayomi/Komikku/Neko）,MR Tenzus,mrtenzus.com,pt-BR,NSFW,MR Tenzus
Mihon系（Mihon/Tachiyomi/Suwayomi/Komikku/Neko）,Mugiwaras Oficial,mugiwarasoficial.org,pt-BR,,Mugiwaras Oficial
Mihon系（Mihon/Tachiyomi/Suwayomi/Komikku/Neko）,Muito Hentai,muitohentai.com,pt-BR,NSFW,Muito Hentai
Mihon系（Mihon/Tachiyomi/Suwayomi/Komikku/Neko）,Mundo Hentai,mundohentaioficial.com,pt-BR,NSFW,Mundo Hentai
Mihon系（Mihon/Tachiyomi/Suwayomi/Komikku/Neko）,Nebulosa Scan,nebulosascan.com,pt-BR,,Nebulosa Scan
Mihon系（Mihon/Tachiyomi/Suwayomi/Komikku/Neko）,Ninja Scan,ninjacomics.xyz,pt-BR,,Ninja Scan
Mihon系（Mihon/Tachiyomi/Suwayomi/Komikku/Neko）,Nocturne Summer,nocfsb.com,pt-BR,,Nocturne Summer
Mihon系（Mihon/Tachiyomi/Suwayomi/Komikku/Neko）,Hanami Heaven,hanamiheaven.org,pt-BR,NSFW,Hanami Heaven
Mihon系（Mihon/Tachiyomi/Suwayomi/Komikku/Neko）,OneReader,onereader.net,pt-BR,,OneReader
Mihon系（Mihon/Tachiyomi/Suwayomi/Komikku/Neko）,Osaka Scan,osakascan.com,pt-BR,,Osaka Scan
Mihon系（Mihon/Tachiyomi/Suwayomi/Komikku/Neko）,Pink Rosa,scanpinkrosa.blogspot.com,pt-BR,,Pink Rosa
Mihon系（Mihon/Tachiyomi/Suwayomi/Komikku/Neko）,Pink Sea Unicorn,psunicorn.com,pt-BR,NSFW,Pink Sea Unicorn
Mihon系（Mihon/Tachiyomi/Suwayomi/Komikku/Neko）,PizzariaScan,pizzariacomics.com,pt-BR,,PizzariaScan
Mihon系（Mihon/Tachiyomi/Suwayomi/Komikku/Neko）,Pluma Comics,plumacomics.cloud,pt-BR,,Pluma Comics
Mihon系（Mihon/Tachiyomi/Suwayomi/Komikku/Neko）,Point Zero Toons,kitsuneyako.com,pt-BR,,Point Zero Toons
Mihon系（Mihon/Tachiyomi/Suwayomi/Komikku/Neko）,Portal Yaoi,portalyaoi.com,pt-BR,NSFW,Portal Yaoi
Mihon系（Mihon/Tachiyomi/Suwayomi/Komikku/Neko）,Lura Toon,luratoons.net,pt-BR,,Lura Toon
Mihon系（Mihon/Tachiyomi/Suwayomi/Komikku/Neko）,NoxManga,noxmangas.org,pt-BR,,NoxManga
Mihon系（Mihon/Tachiyomi/Suwayomi/Komikku/Neko）,Revistas e Quadrinhos,revistasequadrinhos.com,pt,NSFW,Revistas e Quadrinhos
Mihon系（Mihon/Tachiyomi/Suwayomi/Komikku/Neko）,RF Dragon Scan,rfdragonscan.net,pt-BR,,RF Dragon Scan
Mihon系（Mihon/Tachiyomi/Suwayomi/Komikku/Neko）,Risentoons,risentoons.xyz,pt-BR,,Risentoons
Mihon系（Mihon/Tachiyomi/Suwayomi/Komikku/Neko）,Roxinha,roxinha.online,pt-BR,,Roxinha
Mihon系（Mihon/Tachiyomi/Suwayomi/Komikku/Neko）,Saikai Scan,housesaikai.net,pt-BR,,Saikai Scan
Mihon系（Mihon/Tachiyomi/Suwayomi/Komikku/Neko）,Shirai Scans,shiraixis.space,pt-BR,,Shirai Scans
Mihon系（Mihon/Tachiyomi/Suwayomi/Komikku/Neko）,SlimeRead (unoriginal),slimeread.app,pt-BR,,SlimeRead (unoriginal)
Mihon系（Mihon/Tachiyomi/Suwayomi/Komikku/Neko）,Nexus Toons,nx-toons.xyz,pt-BR,NSFW,Nexus Toons
Mihon系（Mihon/Tachiyomi/Suwayomi/Komikku/Neko）,Yomu Comics,yomu.com.br,pt-BR,,Yomu Comics
Mihon系（Mihon/Tachiyomi/Suwayomi/Komikku/Neko）,Starlight Scan,starligthscan.com,pt-BR,NSFW,Starlight Scan
Mihon系（Mihon/Tachiyomi/Suwayomi/Komikku/Neko）,Taimu Mangas,beta.taimumangas.com,pt-BR,,TaimuMangas
Mihon系（Mihon/Tachiyomi/Suwayomi/Komikku/Neko）,Taiyō,taiyo.moe,pt-BR,,Taiyō
Mihon系（Mihon/Tachiyomi/Suwayomi/Komikku/Neko）,Tankou Hentai,tankouhentai.com,pt-BR,NSFW,Tankou Hentai
Mihon系（Mihon/Tachiyomi/Suwayomi/Komikku/Neko）,Tao Sect,taosect.com,pt-BR,,Tao Sect
Mihon系（Mihon/Tachiyomi/Suwayomi/Komikku/Neko）,Temaki mangás,temakimangas.blogspot.com,pt-BR,NSFW,Temaki mangás
Mihon系（Mihon/Tachiyomi/Suwayomi/Komikku/Neko）,Tia Manhwa,tiamanhwa.com,pt-BR,NSFW,Tia Manhwa
Mihon系（Mihon/Tachiyomi/Suwayomi/Komikku/Neko）,ToonBr,beta.toonbr.com,pt-BR,,ToonBr
Mihon系（Mihon/Tachiyomi/Suwayomi/Komikku/Neko）,Traduções do Lipe,traducoesdolipe.blogspot.com,pt-BR,,Traduções do Lipe
Mihon系（Mihon/Tachiyomi/Suwayomi/Komikku/Neko）,Tsundoku Traduções,tsundoku.com.br,pt-BR,,Tsundoku Traduções
Mihon系（Mihon/Tachiyomi/Suwayomi/Komikku/Neko）,Universo Hentai,universohentai.com,pt-BR,NSFW,Universo Hentai
Mihon系（Mihon/Tachiyomi/Suwayomi/Komikku/Neko）,Vegitoons,vegitoons.black,pt-BR,,Vegitoons
Mihon系（Mihon/Tachiyomi/Suwayomi/Komikku/Neko）,Verdinha,verdinha.wtf,pt-BR,,Verdinha
Mihon系（Mihon/Tachiyomi/Suwayomi/Komikku/Neko）,Wolftoon,wolftoon.lovable.app,pt-BR,,Wolftoon
Mihon系（Mihon/Tachiyomi/Suwayomi/Komikku/Neko）,XXX Yaoi,3xyaoi.com,pt-BR,NSFW,XXX Yaoi
Mihon系（Mihon/Tachiyomi/Suwayomi/Komikku/Neko）,Yaoi Fan Club,yaoifanclub.com,pt-BR,,Yaoi Fan Club
Mihon系（Mihon/Tachiyomi/Suwayomi/Komikku/Neko）,Yomu Mangás,yomumangas.com,pt-BR,NSFW,Yomu Mangás
Mihon系（Mihon/Tachiyomi/Suwayomi/Komikku/Neko）,Yugen Mangás,yugenmangasbr.dxtg.online,pt-BR,,Yugen Mangás
Mihon系（Mihon/Tachiyomi/Suwayomi/Komikku/Neko）,Yuri on Air,yurionair.top,pt-BR,,Yuri on Air
Mihon系（Mihon/Tachiyomi/Suwayomi/Komikku/Neko）,ZettaHQ,zettahq.com,pt-BR,NSFW,ZettaHQ
Mihon系（Mihon/Tachiyomi/Suwayomi/Komikku/Neko）,AComics,acomics.ru,ru,,AComics
Mihon系（Mihon/Tachiyomi/Suwayomi/Komikku/Neko）,AllHentai,20.allhen.online,ru,NSFW,AllHentai
Mihon系（Mihon/Tachiyomi/Suwayomi/Komikku/Neko）,AstraManga,astramanga.org,ru,,AstraManga
Mihon系（Mihon/Tachiyomi/Suwayomi/Komikku/Neko）,Com-X,ru.com-x.life,ru,,Com-X
Mihon系（Mihon/Tachiyomi/Suwayomi/Komikku/Neko）,Desu,desu.uno,ru,,Desu
Mihon系（Mihon/Tachiyomi/Suwayomi/Komikku/Neko）,HenChan,xxl.hentaichan.live,ru,NSFW,HenChan
Mihon系（Mihon/Tachiyomi/Suwayomi/Komikku/Neko）,HentaiLib,hentailib.me,ru,NSFW,HentaiLib
Mihon系（Mihon/Tachiyomi/Suwayomi/Komikku/Neko）,InkStory,inkstory.net,ru,,InkStory
Mihon系（Mihon/Tachiyomi/Suwayomi/Komikku/Neko）,MangaBuff,mangabuff.ru,ru,,MangaBuff
Mihon系（Mihon/Tachiyomi/Suwayomi/Komikku/Neko）,MangaChan,im.manga-chan.me,ru,,MangaChan
Mihon系（Mihon/Tachiyomi/Suwayomi/Komikku/Neko）,Mangahub,mangahub.ru,ru,,Mangahub
Mihon系（Mihon/Tachiyomi/Suwayomi/Komikku/Neko）,MangaLib,mangalib.me,ru,,MangaLib
Mihon系（Mihon/Tachiyomi/Suwayomi/Komikku/Neko）,MangaMen,mangamen.com,ru,,MangaMen
Mihon系（Mihon/Tachiyomi/Suwayomi/Komikku/Neko）,MangaPoisk,mangapoisk.me,ru,,MangaPoisk
Mihon系（Mihon/Tachiyomi/Suwayomi/Komikku/Neko）,Manga-shi,manga-shi.org,ru,,Manga-shi
Mihon系（Mihon/Tachiyomi/Suwayomi/Komikku/Neko）,MintManga,2.mintmanga.one,ru,,MintManga
Mihon系（Mihon/Tachiyomi/Suwayomi/Komikku/Neko）,NineGrid,9grid.cc,ru,,NineGrid
Mihon系（Mihon/Tachiyomi/Suwayomi/Komikku/Neko）,Nude-Moon,nude-moon.org,ru,NSFW,Nude-Moon
Mihon系（Mihon/Tachiyomi/Suwayomi/Komikku/Neko）,PureManga,v1.puremanga.me,ru,,PureManga
Mihon系（Mihon/Tachiyomi/Suwayomi/Komikku/Neko）,ReadManga,a.zazaza.me,ru,,ReadManga
Mihon系（Mihon/Tachiyomi/Suwayomi/Komikku/Neko）,SeiManga,1.seimanga.me,ru,,SeiManga
Mihon系（Mihon/Tachiyomi/Suwayomi/Komikku/Neko）,SelfManga,1.selfmanga.live,ru,,SelfManga
Mihon系（Mihon/Tachiyomi/Suwayomi/Komikku/Neko）,Senkognito,senkuro.me,ru,NSFW,Senkognito
Mihon系（Mihon/Tachiyomi/Suwayomi/Komikku/Neko）,Senkuro,senkuro.me,ru,,Senkuro
Mihon系（Mihon/Tachiyomi/Suwayomi/Komikku/Neko）,Tomilo-lib,tomilo-lib.ru,ru,,Tomilo-lib
Mihon系（Mihon/Tachiyomi/Suwayomi/Komikku/Neko）,UniComics,unicomics.ru,ru,,UniComics
Mihon系（Mihon/Tachiyomi/Suwayomi/Komikku/Neko）,Usagi,web.usagi.one,ru,,Usagi
Mihon系（Mihon/Tachiyomi/Suwayomi/Komikku/Neko）,WaManga,wamanga.ru,ru,,WaManga
Mihon系（Mihon/Tachiyomi/Suwayomi/Komikku/Neko）,YagamiProject,read.yagami.me,ru,,YagamiProject
Mihon系（Mihon/Tachiyomi/Suwayomi/Komikku/Neko）,YaoiChan,yaoi-chan.me,ru,NSFW,YaoiChan
Mihon系（Mihon/Tachiyomi/Suwayomi/Komikku/Neko）,SlashLib,slashlib.me,ru,,SlashLib
Mihon系（Mihon/Tachiyomi/Suwayomi/Komikku/Neko）,Cat300,cat-300.com,th,NSFW,Cat300
Mihon系（Mihon/Tachiyomi/Suwayomi/Komikku/Neko）,Catzaa,catzaa.net,th,NSFW,Catzaa
Mihon系（Mihon/Tachiyomi/Suwayomi/Komikku/Neko）,Doodmanga,doodmanga.com,th,,Doodmanga
Mihon系（Mihon/Tachiyomi/Suwayomi/Komikku/Neko）,Doujin-Lc,doujin-lc.net,th,NSFW,Doujin-Lc
Mihon系（Mihon/Tachiyomi/Suwayomi/Komikku/Neko）,Doujin Moon,doujinmoon.com,th,NSFW,Doujin Moon
Mihon系（Mihon/Tachiyomi/Suwayomi/Komikku/Neko）,DoujinZa,doujinza.com,th,NSFW,DoujinZa
Mihon系（Mihon/Tachiyomi/Suwayomi/Komikku/Neko）,Ecchi-Doujin,ecchi-doujin.com,th,NSFW,Ecchi-Doujin
Mihon系（Mihon/Tachiyomi/Suwayomi/Komikku/Neko）,Fin Manga,fin-manga.com,th,,Fin Manga
Mihon系（Mihon/Tachiyomi/Suwayomi/Komikku/Neko）,God-Doujin,god-doujin.com,th,NSFW,God-Doujin
Mihon系（Mihon/Tachiyomi/Suwayomi/Komikku/Neko）,Go Manga,go-manga.com,th,,Go Manga
Mihon系（Mihon/Tachiyomi/Suwayomi/Komikku/Neko）,Makimaaaaa,makimaaaaa.com,th,,Makimaaaaa
Mihon系（Mihon/Tachiyomi/Suwayomi/Komikku/Neko）,Manga168,manga1688.com,th,,Manga168
Mihon系（Mihon/Tachiyomi/Suwayomi/Komikku/Neko）,MangaIsekaiThai,mangaisekaithai.net,th,,MangaIsekaiThai
Mihon系（Mihon/Tachiyomi/Suwayomi/Komikku/Neko）,MangaKimi,mangakimi.com,th,,MangaKimi
Mihon系（Mihon/Tachiyomi/Suwayomi/Komikku/Neko）,Manga-Lc,manga-lc.net,th,,Manga-Lc
Mihon系（Mihon/Tachiyomi/Suwayomi/Komikku/Neko）,Mangastep,mangastep.com,th,,Mangastep
Mihon系（Mihon/Tachiyomi/Suwayomi/Komikku/Neko）,ManhuaBug,manhuabug.com,th,,ManhuaBug
Mihon系（Mihon/Tachiyomi/Suwayomi/Komikku/Neko）,ManhuaKey,manhuakey.com,th,,ManhuaKey
Mihon系（Mihon/Tachiyomi/Suwayomi/Komikku/Neko）,ManhuaThai,manhuathai.com,th,,ManhuaThai
Mihon系（Mihon/Tachiyomi/Suwayomi/Komikku/Neko）,ManhwaBreakup,manhwabreakup.com,th,,ManhwaBreakup
Mihon系（Mihon/Tachiyomi/Suwayomi/Komikku/Neko）,MikuDoujin,miku-doujin.com,th,NSFW,MikuDoujin
Mihon系（Mihon/Tachiyomi/Suwayomi/Komikku/Neko）,Nekopost,nekopost.net,th,,Nekopost
Mihon系（Mihon/Tachiyomi/Suwayomi/Komikku/Neko）,Niceoppai,niceoppai.net,th,,Niceoppai
Mihon系（Mihon/Tachiyomi/Suwayomi/Komikku/Neko）,NTR-Manga,ntr-manga.net,th,NSFW,NTR-Manga
Mihon系（Mihon/Tachiyomi/Suwayomi/Komikku/Neko）,MangaBlackCat,mangablackcat.com,th,,MangaBlackCat
Mihon系（Mihon/Tachiyomi/Suwayomi/Komikku/Neko）,OreManga,oremanga.net,th,,OreManga
Mihon系（Mihon/Tachiyomi/Suwayomi/Komikku/Neko）,ReaperTrans,reapertrans.com,th,,ReaperTrans
Mihon系（Mihon/Tachiyomi/Suwayomi/Komikku/Neko）,SingManga,sing-manga.com,th,,Singmanga
Mihon系（Mihon/Tachiyomi/Suwayomi/Komikku/Neko）,Slow Manga,slow-manga.net,th,,Slow Manga
Mihon系（Mihon/Tachiyomi/Suwayomi/Komikku/Neko）,สดใสเมะ,xn--l3c0azab5a2gta.com,th,,Sodsaime
Mihon系（Mihon/Tachiyomi/Suwayomi/Komikku/Neko）,Speed Manga,speed-manga.net,th,,Speed Manga
Mihon系（Mihon/Tachiyomi/Suwayomi/Komikku/Neko）,Tanuki-Manga,tanuki-manga.net,th,,Tanuki-Manga
Mihon系（Mihon/Tachiyomi/Suwayomi/Komikku/Neko）,ToomTam-Manga,toomtam-manga.com,th,,ToomTam-Manga
Mihon系（Mihon/Tachiyomi/Suwayomi/Komikku/Neko）,Afrodit Scans,afroditscans.com,tr,,Afrodit Scans
Mihon系（Mihon/Tachiyomi/Suwayomi/Komikku/Neko）,Alucard Scans,alucardscans.com,tr,,Alucard Scans
Mihon系（Mihon/Tachiyomi/Suwayomi/Komikku/Neko）,Amanga Planet,amangaplanet.com.tr,tr,,Amanga Planet
Mihon系（Mihon/Tachiyomi/Suwayomi/Komikku/Neko）,Anikiga,anikiga.com,tr,,Anikiga
Mihon系（Mihon/Tachiyomi/Suwayomi/Komikku/Neko）,ArazNovel,araznovel.com,tr,,ArazNovel
Mihon系（Mihon/Tachiyomi/Suwayomi/Komikku/Neko）,Arcura Fansub,arcurafansub.com,tr,,Arcura Fansub
Mihon系（Mihon/Tachiyomi/Suwayomi/Komikku/Neko）,Asura Scans TR,asurascans.com.tr,tr,,Asura Scans TR
Mihon系（Mihon/Tachiyomi/Suwayomi/Komikku/Neko）,ÇaprazManga,caprazmanga.com,tr,,ÇaprazManga
Mihon系（Mihon/Tachiyomi/Suwayomi/Komikku/Neko）,DiamondFansub,diamondfansub.com,tr,,DiamondFansub
Mihon系（Mihon/Tachiyomi/Suwayomi/Komikku/Neko）,Domal Fansub,dom4lfansub.online,tr,,Domal Fansub
Mihon系（Mihon/Tachiyomi/Suwayomi/Komikku/Neko）,Elder Manga,eldermanga.com,tr,,Elder Manga
Mihon系（Mihon/Tachiyomi/Suwayomi/Komikku/Neko）,Eski Mangalar,eskimangalar.com,tr,,Eski Mangalar
Mihon系（Mihon/Tachiyomi/Suwayomi/Komikku/Neko）,gafeland,gafeland.com,tr,,gafeland
Mihon系（Mihon/Tachiyomi/Suwayomi/Komikku/Neko）,Gaiatoon,gaiatoon.com,tr,,Gaiatoon
Mihon系（Mihon/Tachiyomi/Suwayomi/Komikku/Neko）,Garcia Manga,garciamanga.com,tr,,Garcia Manga
Mihon系（Mihon/Tachiyomi/Suwayomi/Komikku/Neko）,GhosToon,ghostoon.com,tr,,GhosToon
Mihon系（Mihon/Tachiyomi/Suwayomi/Komikku/Neko）,Gölge Bahçesi,golgebahcesi.com,tr,,Gölge Bahçesi
Mihon系（Mihon/Tachiyomi/Suwayomi/Komikku/Neko）,Hattori Manga,hattorimanga.net,tr,NSFW,Hattori Manga
Mihon系（Mihon/Tachiyomi/Suwayomi/Komikku/Neko）,Hattori Scans,hattoriscans.com,tr,,Hattori Scans
Mihon系（Mihon/Tachiyomi/Suwayomi/Komikku/Neko）,Hayalistic,hayalistic.online,tr,,Hayalistic
Mihon系（Mihon/Tachiyomi/Suwayomi/Komikku/Neko）,Holy Scans,holyscans.com.tr,tr,NSFW,Holy Scans
Mihon系（Mihon/Tachiyomi/Suwayomi/Komikku/Neko）,Kabus Manga,kabusmanga.com,tr,NSFW,Kabus Manga
Mihon系（Mihon/Tachiyomi/Suwayomi/Komikku/Neko）,Koreli Manga,korelimanga.com,tr,,Koreli Manga
Mihon系（Mihon/Tachiyomi/Suwayomi/Komikku/Neko）,Koreli Scans,nabicix.com,tr,,Koreli Scans
Mihon系（Mihon/Tachiyomi/Suwayomi/Komikku/Neko）,Kuroi Manga,kuroimanga.site,tr,NSFW,Kuroi Manga
Mihon系（Mihon/Tachiyomi/Suwayomi/Komikku/Neko）,Lavinia Fansub,laviniafansub.shop,tr,NSFW,Lavinia Fansub
Mihon系（Mihon/Tachiyomi/Suwayomi/Komikku/Neko）,Limon Manga,limonmanga.com,tr,,Limon Manga
Mihon系（Mihon/Tachiyomi/Suwayomi/Komikku/Neko）,Luna Scans,tuhafscans.com,tr,NSFW,Luna Scans
Mihon系（Mihon/Tachiyomi/Suwayomi/Komikku/Neko）,MangaDenizi,mangadenizi.net,tr,,MangaDenizi
Mihon系（Mihon/Tachiyomi/Suwayomi/Komikku/Neko）,Manga Diyarı,mangadiyari.com,tr,,Manga Diyarı
Mihon系（Mihon/Tachiyomi/Suwayomi/Komikku/Neko）,Mangadusleri,mangadusleri.mom,tr,NSFW,Mangadusleri
Mihon系（Mihon/Tachiyomi/Suwayomi/Komikku/Neko）,Manga Kusu,mangakusu.com,tr,,Manga Kusu
Mihon系（Mihon/Tachiyomi/Suwayomi/Komikku/Neko）,Manga Portalı,mangaportali.com,tr,,Manga Portalı
Mihon系（Mihon/Tachiyomi/Suwayomi/Komikku/Neko）,Manga Şehri.net,manga-sehri.net,tr,,Manga Şehri.net
Mihon系（Mihon/Tachiyomi/Suwayomi/Komikku/Neko）,Manga Bahçesi,mangabahcesi.com,tr,,Manga Bahçesi
Mihon系（Mihon/Tachiyomi/Suwayomi/Komikku/Neko）,MangaTilkisi,tilkiscans.com,tr,,MangaTilkisi
Mihon系（Mihon/Tachiyomi/Suwayomi/Komikku/Neko）,Manga-TR,manga-tr.com,tr,,Manga-TR
Mihon系（Mihon/Tachiyomi/Suwayomi/Komikku/Neko）,MangaWOW,mangawow.org,tr,,MangaWOW
Mihon系（Mihon/Tachiyomi/Suwayomi/Komikku/Neko）,MangaWT,mangawt.com,tr,,MangaWT
Mihon系（Mihon/Tachiyomi/Suwayomi/Komikku/Neko）,MangaZure,mangazure.net,tr,,MangaZure
Mihon系（Mihon/Tachiyomi/Suwayomi/Komikku/Neko）,Mangitto,mangtto.com,tr,NSFW,Mangitto
Mihon系（Mihon/Tachiyomi/Suwayomi/Komikku/Neko）,Merlin Scans,merlintoon.com,tr,,Merlin Scans
Mihon系（Mihon/Tachiyomi/Suwayomi/Komikku/Neko）,Mikrokosmos Fansub,mikrokosmosfb.blogspot.com,tr,NSFW,Mikrokosmos Fansub
Mihon系（Mihon/Tachiyomi/Suwayomi/Komikku/Neko）,MilaSub,millascan.com,tr,NSFW,MilaSub
Mihon系（Mihon/Tachiyomi/Suwayomi/Komikku/Neko）,Mono Manga,monomanga.com.tr,tr,,Mono Manga
Mihon系（Mihon/Tachiyomi/Suwayomi/Komikku/Neko）,Moon Daisy Scans,moondaisyscans.pro,tr,NSFW,Moon Daisy Scans
Mihon系（Mihon/Tachiyomi/Suwayomi/Komikku/Neko）,Nemesisscans,nemesisscans.com,tr,,Nemesis scans
Mihon系（Mihon/Tachiyomi/Suwayomi/Komikku/Neko）,Nirvana Manga,nirvanamanga.com,tr,,Nirvana Manga
Mihon系（Mihon/Tachiyomi/Suwayomi/Komikku/Neko）,Nivera Fansub,niverafansub.one,tr,,Nivera Fansub
Mihon系（Mihon/Tachiyomi/Suwayomi/Komikku/Neko）,OkuToon,okutoon.com,tr,,OkuToon
Mihon系（Mihon/Tachiyomi/Suwayomi/Komikku/Neko）,Opiatoon,opiatoon.shop,tr,NSFW,Opiatoon
Mihon系（Mihon/Tachiyomi/Suwayomi/Komikku/Neko）,Ori Manga,orimanga.net,tr,,Ori Manga
Mihon系（Mihon/Tachiyomi/Suwayomi/Komikku/Neko）,Paradox Scans,paradoxscans.com,tr,,Paradox Scans
Mihon系（Mihon/Tachiyomi/Suwayomi/Komikku/Neko）,Pati Manga,patimanga.com,tr,,Pati Manga
Mihon系（Mihon/Tachiyomi/Suwayomi/Komikku/Neko）,Ragnar Scans,ragnarscans.net,tr,,Ragnar Scans
Mihon系（Mihon/Tachiyomi/Suwayomi/Komikku/Neko）,Raindrop Fansub,raindropteamfan.com,tr,,Raindrop Fansub
Mihon系（Mihon/Tachiyomi/Suwayomi/Komikku/Neko）,Rüya Manga,ruyamanga2.com,tr,,Rüya Manga
Mihon系（Mihon/Tachiyomi/Suwayomi/Komikku/Neko）,Rüya Manga.net,ruyamanga.net,tr,,Rüya Manga.net
Mihon系（Mihon/Tachiyomi/Suwayomi/Komikku/Neko）,Serein Scan,sereinscan.com,tr,,Serein Scan
Mihon系（Mihon/Tachiyomi/Suwayomi/Komikku/Neko）,Shadow Çeviri,shadowceviri.blogspot.com,tr,,Shadow Çeviri
Mihon系（Mihon/Tachiyomi/Suwayomi/Komikku/Neko）,Shijie Scans,shijiescans.com,tr,,Shijie Scans
Mihon系（Mihon/Tachiyomi/Suwayomi/Komikku/Neko）,Siyah Melek,siyahmelek.live,tr,NSFW,Siyah Melek
Mihon系（Mihon/Tachiyomi/Suwayomi/Komikku/Neko）,Slept Manga,sleptmanga.com.tr,tr,,Slept Manga
Mihon系（Mihon/Tachiyomi/Suwayomi/Komikku/Neko）,Stray Fansub,strayfansub.net,tr,NSFW,Stray Fansub
Mihon系（Mihon/Tachiyomi/Suwayomi/Komikku/Neko）,SummerToon,summertoons.net,tr,,SummerToon
Mihon系（Mihon/Tachiyomi/Suwayomi/Komikku/Neko）,Sunset Manga,sunsetmanga.com,tr,,Sunset Manga
Mihon系（Mihon/Tachiyomi/Suwayomi/Komikku/Neko）,Tarot Scans,tarotscans.com,tr,,Tarot Scans
Mihon系（Mihon/Tachiyomi/Suwayomi/Komikku/Neko）,Tenshi Manga,tenshimanga.com,tr,,Tenshi Manga
Mihon系（Mihon/Tachiyomi/Suwayomi/Komikku/Neko）,TonizuToon,tonizu.top,tr,,TonizuToon
Mihon系（Mihon/Tachiyomi/Suwayomi/Komikku/Neko）,Toontaku,toontaku.com,tr,,Toontaku
Mihon系（Mihon/Tachiyomi/Suwayomi/Komikku/Neko）,Tortuga Ceviri,tortugaceviri.com,tr,,Tortuga Ceviri
Mihon系（Mihon/Tachiyomi/Suwayomi/Komikku/Neko）,TrManga,trmanga.com,tr,,Tr Manga
Mihon系（Mihon/Tachiyomi/Suwayomi/Komikku/Neko）,Türkçe Manga Oku,trmangaoku.com,tr,,Türkçe Manga Oku
Mihon系（Mihon/Tachiyomi/Suwayomi/Komikku/Neko）,Türkçe Manga Oku TR,turkcemangaoku.com.tr,tr,NSFW,Turkce Manga Oku TR
Mihon系（Mihon/Tachiyomi/Suwayomi/Komikku/Neko）,Uzay Manga,uzaymanga.com,tr,,Uzay Manga
Mihon系（Mihon/Tachiyomi/Suwayomi/Komikku/Neko）,Webtoon Hatti,webtoonhatti.club,tr,,Webtoon Hatti
Mihon系（Mihon/Tachiyomi/Suwayomi/Komikku/Neko）,WebtoonOku,webtoonoku.org,tr,,WebtoonOku
Mihon系（Mihon/Tachiyomi/Suwayomi/Komikku/Neko）,Yaoibar,yaoibar.lol,tr,NSFW,Yaoibar
Mihon系（Mihon/Tachiyomi/Suwayomi/Komikku/Neko）,Yaoi Flix,yaoiflix.fit,tr,NSFW,Yaoi Flix
Mihon系（Mihon/Tachiyomi/Suwayomi/Komikku/Neko）,Yaoi Manga Oku,yaoimangaoku.net,tr,NSFW,Yaoi Manga Oku
Mihon系（Mihon/Tachiyomi/Suwayomi/Komikku/Neko）,ComixTopia,comixtopia.in.ua,uk,,ComixTopia
Mihon系（Mihon/Tachiyomi/Suwayomi/Komikku/Neko）,DGManga,dgmanga.app,uk,,DGManga
Mihon系（Mihon/Tachiyomi/Suwayomi/Komikku/Neko）,Faust,faust-web.com,uk,,Faust
Mihon系（Mihon/Tachiyomi/Suwayomi/Komikku/Neko）,HoneyManga,honey-manga.com.ua,uk,,HoneyManga
Mihon系（Mihon/Tachiyomi/Suwayomi/Komikku/Neko）,MANGA/in/UA,manga.in.ua,uk,,MangaInUa
Mihon系（Mihon/Tachiyomi/Suwayomi/Komikku/Neko）,Mangarama,mangarama.com.ua,uk,,Mangarama
Mihon系（Mihon/Tachiyomi/Suwayomi/Komikku/Neko）,Zenko,zenko.online,uk,,Zenko
Mihon系（Mihon/Tachiyomi/Suwayomi/Komikku/Neko）,Ariverse,arigl.xyz,vi,,Ariverse
Mihon系（Mihon/Tachiyomi/Suwayomi/Komikku/Neko）,CManga,cmangax18.com,vi,,CManga
Mihon系（Mihon/Tachiyomi/Suwayomi/Komikku/Neko）,CuuTruyen,cuutruyen.net,vi,,CuuTruyen
Mihon系（Mihon/Tachiyomi/Suwayomi/Komikku/Neko）,CuuTruyen (unoriginal),cuutruyen.moe,vi,,CuuTruyen (unoriginal)
Mihon系（Mihon/Tachiyomi/Suwayomi/Komikku/Neko）,DamCoNuong,damconuong.uno,vi,NSFW,DamCoNuong
Mihon系（Mihon/Tachiyomi/Suwayomi/Komikku/Neko）,DaoMeoDen,daomeoden.net,vi,,DaoMeoDen
Mihon系（Mihon/Tachiyomi/Suwayomi/Komikku/Neko）,Dilib,dilib.vn,vi,,Dilib
Mihon系（Mihon/Tachiyomi/Suwayomi/Komikku/Neko）,DocTruyen3Q,doctruyen3qhub.vip,vi,,DocTruyen3Q
Mihon系（Mihon/Tachiyomi/Suwayomi/Komikku/Neko）,DocTruyen5s,manga.io.vn,vi,,DocTruyen5s
Mihon系（Mihon/Tachiyomi/Suwayomi/Komikku/Neko）,Dưa Leo Truyện,dualeotruyenwk.com,vi,NSFW,Dua Leo Truyen
Mihon系（Mihon/Tachiyomi/Suwayomi/Komikku/Neko）,FastScan,fastscan.org,vi,,FastScan
Mihon系（Mihon/Tachiyomi/Suwayomi/Komikku/Neko）,GantzVN,gantzvn.com,vi,,GantzVN
Mihon系（Mihon/Tachiyomi/Suwayomi/Komikku/Neko）,GocTruyenTranh,goctruyentranh.com,vi,,Goc Truyen Tranh
Mihon系（Mihon/Tachiyomi/Suwayomi/Komikku/Neko）,Goc Truyen Tranh Vui,goctruyentranhvui41.com,vi,,Goc Truyen Tranh Vui
Mihon系（Mihon/Tachiyomi/Suwayomi/Komikku/Neko）,CBHentai,2tencb.pro,vi,NSFW,CBHentai
Mihon系（Mihon/Tachiyomi/Suwayomi/Komikku/Neko）,HentaiVN.plus,hentaivn.show,vi,NSFW,HentaiVN.plus
Mihon系（Mihon/Tachiyomi/Suwayomi/Komikku/Neko）,HentaiVNx,hentaivnx.com,vi,NSFW,HentaiVNx
Mihon系（Mihon/Tachiyomi/Suwayomi/Komikku/Neko）,Học Viện 2Ten,hv2tcomics.net,vi,NSFW,Học Viện 2Ten
Mihon系（Mihon/Tachiyomi/Suwayomi/Komikku/Neko）,KamiComic,kamicomi.com,vi,,KamiComic
Mihon系（Mihon/Tachiyomi/Suwayomi/Komikku/Neko）,KhoManhwa,khomanhwa.com,vi,NSFW,KhoManhwa
Mihon系（Mihon/Tachiyomi/Suwayomi/Komikku/Neko）,KiraKira,truyenkira.net,vi,,KiraKira
Mihon系（Mihon/Tachiyomi/Suwayomi/Komikku/Neko）,LoppyToon,loppytoonn.com,vi,,LoppyToon
Mihon系（Mihon/Tachiyomi/Suwayomi/Komikku/Neko）,LuotTruyen,luottruyen999.com,vi,,LuotTruyen
Mihon系（Mihon/Tachiyomi/Suwayomi/Komikku/Neko）,LuvEvaLand,luvevalands2.co,vi,,LuvEvaLand
Mihon系（Mihon/Tachiyomi/Suwayomi/Komikku/Neko）,LXManga,lxmanga.space,vi,NSFW,LXManga
Mihon系（Mihon/Tachiyomi/Suwayomi/Komikku/Neko）,LxManga.org (unoriginal),lxmanga.org,vi,NSFW,LxManga.org (unoriginal)
Mihon系（Mihon/Tachiyomi/Suwayomi/Komikku/Neko）,MeDamTruyen,saytongtaii.site,vi,,MeDamTruyen
Mihon系（Mihon/Tachiyomi/Suwayomi/Komikku/Neko）,MeHentai,mehentai.live,vi,NSFW,MeHentai
Mihon系（Mihon/Tachiyomi/Suwayomi/Komikku/Neko）,MeoSSS,meosss.com,vi,,MeoSSS
Mihon系（Mihon/Tachiyomi/Suwayomi/Komikku/Neko）,MeoSua,meosua.org,vi,,MeoSua
Mihon系（Mihon/Tachiyomi/Suwayomi/Komikku/Neko）,MeTruyen18,metruyen18.vip,vi,NSFW,MeTruyen18
Mihon系（Mihon/Tachiyomi/Suwayomi/Komikku/Neko）,MiMi,mimihentai.moe,vi,NSFW,MiMi
Mihon系（Mihon/Tachiyomi/Suwayomi/Komikku/Neko）,MiMiHentai,mimihentai.net,vi,NSFW,MiMiHentai
Mihon系（Mihon/Tachiyomi/Suwayomi/Komikku/Neko）,MinoTruyen Manga,minotruyenv5.xyz,vi,,MinoTruyen
Mihon系（Mihon/Tachiyomi/Suwayomi/Komikku/Neko）,MinoTruyen Comics,minotruyenv5.xyz,vi,,MinoTruyen
Mihon系（Mihon/Tachiyomi/Suwayomi/Komikku/Neko）,MinoTruyen Hentai,minotruyenv5.xyz,vi,,MinoTruyen
Mihon系（Mihon/Tachiyomi/Suwayomi/Komikku/Neko）,MoeTruyen,moetruyen.net,vi,,MoeTruyen
Mihon系（Mihon/Tachiyomi/Suwayomi/Komikku/Neko）,MoeTruyenSuiCao (unoriginal),moe.suicaodex.com,vi,,MoeTruyenSuiCao (unoriginal)
Mihon系（Mihon/Tachiyomi/Suwayomi/Komikku/Neko）,NetTruyenCO (unoriginal),nettruyenar.com,vi,,NetTruyenCO (unoriginal)
Mihon系（Mihon/Tachiyomi/Suwayomi/Komikku/Neko）,NetTruyenS (unoriginal),nettruyen13s.com,vi,,NetTruyenS (unoriginal)
Mihon系（Mihon/Tachiyomi/Suwayomi/Komikku/Neko）,NetTruyenViet (unoriginal),nettruyenviet10.com,vi,,NetTruyenViet (unoriginal)
Mihon系（Mihon/Tachiyomi/Suwayomi/Komikku/Neko）,NetTruyenX (unoriginal),nettruyenx.net,vi,,NetTruyenX (unoriginal)
Mihon系（Mihon/Tachiyomi/Suwayomi/Komikku/Neko）,NhatTruyen,nhattruyenqq.com,vi,,NhatTruyen
Mihon系（Mihon/Tachiyomi/Suwayomi/Komikku/Neko）,NhentaiClub,nhentaiclub.online,vi,NSFW,NhentaiClub
Mihon系（Mihon/Tachiyomi/Suwayomi/Komikku/Neko）,Otakusic,otakusic.com,vi,,Otakusic
Mihon系（Mihon/Tachiyomi/Suwayomi/Komikku/Neko）,OTruyen,otruyen.cc,vi,,OTruyen
Mihon系（Mihon/Tachiyomi/Suwayomi/Komikku/Neko）,Panomic,panomic.online,vi,,Panomic
Mihon系（Mihon/Tachiyomi/Suwayomi/Komikku/Neko）,SangChanhTeam,sangchanhteam.com,vi,,SangChanhTeam
Mihon系（Mihon/Tachiyomi/Suwayomi/Komikku/Neko）,SayHentai,sayhentai.cx,vi,NSFW,SayHentai
Mihon系（Mihon/Tachiyomi/Suwayomi/Komikku/Neko）,Seikowo,seikowo-app.blogspot.com,vi,,Seikowo
Mihon系（Mihon/Tachiyomi/Suwayomi/Komikku/Neko）,SinhSieuSao,sinhsieusao.com,vi,NSFW,SinhSieuSao
Mihon系（Mihon/Tachiyomi/Suwayomi/Komikku/Neko）,SoaiCaComic,soaicacomic2.top,vi,,SoaiCaComic
Mihon系（Mihon/Tachiyomi/Suwayomi/Komikku/Neko）,Team Lạnh Lùng,lanhlungteam3.top,vi,,Team Lanh Lung
Mihon系（Mihon/Tachiyomi/Suwayomi/Komikku/Neko）,TeleTruyen,teletruyen.com,vi,,TeleTruyen
Mihon系（Mihon/Tachiyomi/Suwayomi/Komikku/Neko）,ThienThaiTruyen,thienthaitruyen14.com,vi,NSFW,ThienThaiTruyen
Mihon系（Mihon/Tachiyomi/Suwayomi/Komikku/Neko）,Thỏ Ham Ngủ,thohamngu.xyz,vi,,Thỏ Ham Ngủ
Mihon系（Mihon/Tachiyomi/Suwayomi/Komikku/Neko）,Top Truyen,toptruyenzonee.com,vi,,Top Truyen
Mihon系（Mihon/Tachiyomi/Suwayomi/Komikku/Neko）,Tranh18,tranh18.cc,vi,NSFW,Tranh18
Mihon系（Mihon/Tachiyomi/Suwayomi/Komikku/Neko）,Truyen18,truyen18.co,vi,NSFW,Truyen18
Mihon系（Mihon/Tachiyomi/Suwayomi/Komikku/Neko）,FoxTruyen,foxtruyen2.com,vi,,FoxTruyen
Mihon系（Mihon/Tachiyomi/Suwayomi/Komikku/Neko）,TruyenGGVN,truyenggvn.com,vi,,TruyenGGVN
Mihon系（Mihon/Tachiyomi/Suwayomi/Komikku/Neko）,Truyện Hentai 18+,truyenhentai18.net,vi,NSFW,Truyen Hentai 18+
Mihon系（Mihon/Tachiyomi/Suwayomi/Komikku/Neko）,TruyenHentaivn,truyenhentaivn.store,vi,NSFW,TruyenHentaivn
Mihon系（Mihon/Tachiyomi/Suwayomi/Komikku/Neko）,TruyenHentaiz,truyenhentaiz.net,vi,NSFW,TruyenHentaiz
Mihon系（Mihon/Tachiyomi/Suwayomi/Komikku/Neko）,TruyenMM,truyenmmhayr.com,vi,NSFW,TruyenMM
Mihon系（Mihon/Tachiyomi/Suwayomi/Komikku/Neko）,TruyenQQ,truyenqqko.com,vi,,TruyenQQ
Mihon系（Mihon/Tachiyomi/Suwayomi/Komikku/Neko）,TruyenQQ VN,truyenqq.com.vn,vi,,TruyenQQ VN
Mihon系（Mihon/Tachiyomi/Suwayomi/Komikku/Neko）,TruyenTini,truyentini.net,vi,,TruyenTini
Mihon系（Mihon/Tachiyomi/Suwayomi/Komikku/Neko）,Truyện tranh đam mỹ,truyentranhdammyy.site,vi,NSFW,Truyen tranh dam my
Mihon系（Mihon/Tachiyomi/Suwayomi/Komikku/Neko）,TruyenTuoiTho,truyentuoitho.com,vi,,TruyenTuoiTho
Mihon系（Mihon/Tachiyomi/Suwayomi/Komikku/Neko）,TruyenTVN,truyentvn.net,vi,NSFW,TruyenTVN
Mihon系（Mihon/Tachiyomi/Suwayomi/Komikku/Neko）,TruyenVN,truyenvn.sbs,vi,NSFW,TruyenVN
Mihon系（Mihon/Tachiyomi/Suwayomi/Komikku/Neko）,TuiTruyen,tuitruyen.top,vi,,TuiTruyen
Mihon系（Mihon/Tachiyomi/Suwayomi/Komikku/Neko）,TuSachXinhXinh,tusachxinhxinh12.online,vi,,TuSachXinhXinh
Mihon系（Mihon/Tachiyomi/Suwayomi/Komikku/Neko）,UmeTruyen,umetruyenz.org,vi,NSFW,UmeTruyen
Mihon系（Mihon/Tachiyomi/Suwayomi/Komikku/Neko）,ViHentai,vi-hentai.moe,vi,NSFW,ViHentai
Mihon系（Mihon/Tachiyomi/Suwayomi/Komikku/Neko）,VinaHentai,vinahentai.click,vi,NSFW,VinaHentai
Mihon系（Mihon/Tachiyomi/Suwayomi/Komikku/Neko）,ViTruyen,vitruyen1.com,vi,,ViTruyen
Mihon系（Mihon/Tachiyomi/Suwayomi/Komikku/Neko）,YuriGarden,yurigarden.moe,vi,,YuriGarden
Mihon系（Mihon/Tachiyomi/Suwayomi/Komikku/Neko）,YuriNeko,yurinekoz.com,vi,,YuriNeko
Mihon系（Mihon/Tachiyomi/Suwayomi/Komikku/Neko）,ZetTruyen,zettruyen1.com,vi,,ZetTruyen
Mihon系（Mihon/Tachiyomi/Suwayomi/Komikku/Neko）,巴卡漫画,bakamh.com,zh,NSFW,Baka Manhua
Mihon系（Mihon/Tachiyomi/Suwayomi/Komikku/Neko）,包子漫画,baozimh.com,zh,,Baozi Manhua
Mihon系（Mihon/Tachiyomi/Suwayomi/Komikku/Neko）,GoDa漫画,baozimh.org,zh,,GoDa
Mihon系（Mihon/Tachiyomi/Suwayomi/Komikku/Neko）,《崩坏3》IP站,comic.bh3.com,zh,,BH3
Mihon系（Mihon/Tachiyomi/Suwayomi/Komikku/Neko）,嗶哩漫畫,bilimanga.net,zh,,BiliManga
Mihon系（Mihon/Tachiyomi/Suwayomi/Komikku/Neko）,香香腐宅,boylove.cc,zh,NSFW,BoyLove
Mihon系（Mihon/Tachiyomi/Suwayomi/Komikku/Neko）,Cartoon18,cartoon18.com,zh,NSFW,Cartoon18
Mihon系（Mihon/Tachiyomi/Suwayomi/Komikku/Neko）,無限動漫,8comic.com,zh,,Comicabc
Mihon系（Mihon/Tachiyomi/Suwayomi/Komikku/Neko）,CCC追漫台,creative-comic.tw,zh-Hant,,Creative Comic Collection
Mihon系（Mihon/Tachiyomi/Suwayomi/Komikku/Neko）,动漫屋,dm5.com,zh,,Dm5
Mihon系（Mihon/Tachiyomi/Suwayomi/Komikku/Neko）,Dongman Manhua,dongmanmanhua.cn,zh-Hans,,Dongman Manhua
Mihon系（Mihon/Tachiyomi/Suwayomi/Komikku/Neko）,读漫屋,dumanwu1.com,zh,,Dumanwu
Mihon系（Mihon/Tachiyomi/Suwayomi/Komikku/Neko）,18漫画,18mh.org,zh,,18Manhua
Mihon系（Mihon/Tachiyomi/Suwayomi/Komikku/Neko）,喜漫漫画,favcomic.com,zh,,FavComic
Mihon系（Mihon/Tachiyomi/Suwayomi/Komikku/Neko）,瓜子漫画,guazimanhua.com,zh,,Guazimanhua
Mihon系（Mihon/Tachiyomi/Suwayomi/Komikku/Neko）,花火漫画,uhkvqrxmcapgtpspglrp.moedot.net,zh,,HanabiManga
Mihon系（Mihon/Tachiyomi/Suwayomi/Komikku/Neko）,Hanime1.me,hanimeone.me,zh,NSFW,Hanime1
Mihon系（Mihon/Tachiyomi/Suwayomi/Komikku/Neko）,HANMAN18,hanman18.com,zh,NSFW,HANMAN18
Mihon系（Mihon/Tachiyomi/Suwayomi/Komikku/Neko）,H-Comic,h-comic.com,zh,NSFW,H-Comic
Mihon系（Mihon/Tachiyomi/Suwayomi/Komikku/Neko）,绅士会所,hentaiclub.net,zh,,Shenshi Huisuo
Mihon系（Mihon/Tachiyomi/Suwayomi/Komikku/Neko）,Hikarinagi,hikarinagi.org,zh,,Hikarinagi
Mihon系（Mihon/Tachiyomi/Suwayomi/Komikku/Neko）,爱看漫,ymcdnyfqdapp.ikmmh.com,zh,NSFW,Ikmmh
Mihon系（Mihon/Tachiyomi/Suwayomi/Komikku/Neko）,爱奇艺叭嗒,iqiyi.com,zh-Hans,,Iqiyi
Mihon系（Mihon/Tachiyomi/Suwayomi/Komikku/Neko）,JComic,jcomic.net,zh,NSFW,JComic
Mihon系（Mihon/Tachiyomi/Suwayomi/Komikku/Neko）,禁漫天堂,18comic.vip,zh,NSFW,Jinman Tiantang
Mihon系（Mihon/Tachiyomi/Suwayomi/Komikku/Neko）,92漫画,92mh.com,zh,,92Manhua
Mihon系（Mihon/Tachiyomi/Suwayomi/Komikku/Neko）,Komiic,komiic.com,zh,,Komiic
Mihon系（Mihon/Tachiyomi/Suwayomi/Komikku/Neko）,快看漫画,kuaikanmanhua.com,zh-Hans,,Kuaikanmanhua
Mihon系（Mihon/Tachiyomi/Suwayomi/Komikku/Neko）,Mangabz,mangabz.com,zh,,Mangabz
Mihon系（Mihon/Tachiyomi/Suwayomi/Komikku/Neko）,Manga Xiao Si,jjmhw2.top,zh,NSFW,Manga Xiao Si
Mihon系（Mihon/Tachiyomi/Suwayomi/Komikku/Neko）,优酷漫画,ykmh.net,zh,,YKMH
Mihon系（Mihon/Tachiyomi/Suwayomi/Komikku/Neko）,漫画柜,manhuagui.com,zh,,ManHuaGui
Mihon系（Mihon/Tachiyomi/Suwayomi/Komikku/Neko）,漫画人,mangaapi.manhuaren.com,zh,,Manhuaren
Mihon系（Mihon/Tachiyomi/Suwayomi/Komikku/Neko）,漫画社,311s.com,zh,,Manhuashe
Mihon系（Mihon/Tachiyomi/Suwayomi/Komikku/Neko）,漫画屋,mhua5.com,zh,,Manhuawu
Mihon系（Mihon/Tachiyomi/Suwayomi/Komikku/Neko）,漫蛙,manwa.me,zh,,Manwa
Mihon系（Mihon/Tachiyomi/Suwayomi/Komikku/Neko）,漫画1234,wmh1234.com,zh,,MH1234
Mihon系（Mihon/Tachiyomi/Suwayomi/Komikku/Neko）,喵趣漫画,miaoqumh.org,zh,,Miaoqu Manhua
Mihon系（Mihon/Tachiyomi/Suwayomi/Komikku/Neko）,MyComic,mycomic.com,zh,,MyComic
Mihon系（Mihon/Tachiyomi/Suwayomi/Komikku/Neko）,鸟鸟韩漫,nnhanman.xyz,zh,NSFW,NNHanman
Mihon系（Mihon/Tachiyomi/Suwayomi/Komikku/Neko）,NoyAcg,api.noyteam.online,zh-Hant,,NoyAcg
Mihon系（Mihon/Tachiyomi/Suwayomi/Komikku/Neko）,哔咔漫画,manhuabika.com,zh,NSFW,Picacomic
Mihon系（Mihon/Tachiyomi/Suwayomi/Komikku/Neko）,肉漫屋,rouman5.com,zh,NSFW,Roumanwu
Mihon系（Mihon/Tachiyomi/Suwayomi/Komikku/Neko）,如漫画,rumanhua2.com,zh,,Rumanhua
Mihon系（Mihon/Tachiyomi/Suwayomi/Komikku/Neko）,六漫画,liumanhua.com,zh,NSFW,6Manhua
Mihon系（Mihon/Tachiyomi/Suwayomi/Komikku/Neko）,腾讯动漫,ac.qq.com,zh-Hans,,Tencent Comics (ac.qq.com)
Mihon系（Mihon/Tachiyomi/Suwayomi/Komikku/Neko）,泰拉记事社,comic.hypergryph.com,zh,,Terra Historicus
Mihon系（Mihon/Tachiyomi/Suwayomi/Komikku/Neko）,東立,ebook.tongli.com.tw,zh,,Tongli
Mihon系（Mihon/Tachiyomi/Suwayomi/Komikku/Neko）,TOPTOON頂通,toptoon.net,zh,,Toptoon.net
Mihon系（Mihon/Tachiyomi/Suwayomi/Komikku/Neko）,vomic,vomicmh.com,zh,,vomic
Mihon系（Mihon/Tachiyomi/Suwayomi/Komikku/Neko）,紳士漫畫,wn07.cfd,zh,NSFW,WNACG
Mihon系（Mihon/Tachiyomi/Suwayomi/Komikku/Neko）,一耽女孩,yidan9.club,zh,NSFW,Yidan Girl
Mihon系（Mihon/Tachiyomi/Suwayomi/Komikku/Neko）,再漫画,manhua.zaimanhua.com,zh,,Zaimanhua
Mihon系（Mihon/Tachiyomi/Suwayomi/Komikku/Neko）,杂志迷,zazhimi.net,zh,,Zazhimi
Mihon系（Mihon/Tachiyomi/Suwayomi/Komikku/Neko）,zero搬运网,zerobyw33.com,zh,,Zerobyw
