ecosystem,source_name,domain,language,nsfw,identifier
Mihon family (Mihon / Tachiyomi / Suwayomi / Komikku / Neko),AHottie,ahottie.top,all,NSFW,AHottie
Mihon family (Mihon / Tachiyomi / Suwayomi / Komikku / Neko),Akuma,akuma.moe,all,NSFW,Akuma
Mihon family (Mihon / Tachiyomi / Suwayomi / Komikku / Neko),Akuma,akuma.moe,en,NSFW,Akuma
Mihon family (Mihon / Tachiyomi / Suwayomi / Komikku / Neko),Akuma,akuma.moe,id,NSFW,Akuma
Mihon family (Mihon / Tachiyomi / Suwayomi / Komikku / Neko),Akuma,akuma.moe,jv,NSFW,Akuma
Mihon family (Mihon / Tachiyomi / Suwayomi / Komikku / Neko),Akuma,akuma.moe,ca,NSFW,Akuma
Mihon family (Mihon / Tachiyomi / Suwayomi / Komikku / Neko),Akuma,akuma.moe,ceb,NSFW,Akuma
Mihon family (Mihon / Tachiyomi / Suwayomi / Komikku / Neko),Akuma,akuma.moe,cs,NSFW,Akuma
Mihon family (Mihon / Tachiyomi / Suwayomi / Komikku / Neko),Akuma,akuma.moe,da,NSFW,Akuma
Mihon family (Mihon / Tachiyomi / Suwayomi / Komikku / Neko),Akuma,akuma.moe,de,NSFW,Akuma
Mihon family (Mihon / Tachiyomi / Suwayomi / Komikku / Neko),Akuma,akuma.moe,et,NSFW,Akuma
Mihon family (Mihon / Tachiyomi / Suwayomi / Komikku / Neko),Akuma,akuma.moe,es,NSFW,Akuma
Mihon family (Mihon / Tachiyomi / Suwayomi / Komikku / Neko),Akuma,akuma.moe,eo,NSFW,Akuma
Mihon family (Mihon / Tachiyomi / Suwayomi / Komikku / Neko),Akuma,akuma.moe,fr,NSFW,Akuma
Mihon family (Mihon / Tachiyomi / Suwayomi / Komikku / Neko),Akuma,akuma.moe,it,NSFW,Akuma
Mihon family (Mihon / Tachiyomi / Suwayomi / Komikku / Neko),Akuma,akuma.moe,hi,NSFW,Akuma
Mihon family (Mihon / Tachiyomi / Suwayomi / Komikku / Neko),Akuma,akuma.moe,hu,NSFW,Akuma
Mihon family (Mihon / Tachiyomi / Suwayomi / Komikku / Neko),Akuma,akuma.moe,nl,NSFW,Akuma
Mihon family (Mihon / Tachiyomi / Suwayomi / Komikku / Neko),Akuma,akuma.moe,pl,NSFW,Akuma
Mihon family (Mihon / Tachiyomi / Suwayomi / Komikku / Neko),Akuma,akuma.moe,pt,NSFW,Akuma
Mihon family (Mihon / Tachiyomi / Suwayomi / Komikku / Neko),Akuma,akuma.moe,vi,NSFW,Akuma
Mihon family (Mihon / Tachiyomi / Suwayomi / Komikku / Neko),Akuma,akuma.moe,tr,NSFW,Akuma
Mihon family (Mihon / Tachiyomi / Suwayomi / Komikku / Neko),Akuma,akuma.moe,ru,NSFW,Akuma
Mihon family (Mihon / Tachiyomi / Suwayomi / Komikku / Neko),Akuma,akuma.moe,uk,NSFW,Akuma
Mihon family (Mihon / Tachiyomi / Suwayomi / Komikku / Neko),Akuma,akuma.moe,ar,NSFW,Akuma
Mihon family (Mihon / Tachiyomi / Suwayomi / Komikku / Neko),Akuma,akuma.moe,ko,NSFW,Akuma
Mihon family (Mihon / Tachiyomi / Suwayomi / Komikku / Neko),Akuma,akuma.moe,zh,NSFW,Akuma
Mihon family (Mihon / Tachiyomi / Suwayomi / Komikku / Neko),Akuma,akuma.moe,ja,NSFW,Akuma
Mihon family (Mihon / Tachiyomi / Suwayomi / Komikku / Neko),AllPornComics.co,allporncomics.co,all,NSFW,AllPornComics.co
Mihon family (Mihon / Tachiyomi / Suwayomi / Komikku / Neko),AsmHentai,asmhentai.com,en,NSFW,AsmHentai
Mihon family (Mihon / Tachiyomi / Suwayomi / Komikku / Neko),AsmHentai,asmhentai.com,ja,NSFW,AsmHentai
Mihon family (Mihon / Tachiyomi / Suwayomi / Komikku / Neko),AsmHentai,asmhentai.com,zh,NSFW,AsmHentai
Mihon family (Mihon / Tachiyomi / Suwayomi / Komikku / Neko),AsmHentai,asmhentai.com,all,NSFW,AsmHentai
Mihon family (Mihon / Tachiyomi / Suwayomi / Komikku / Neko),BaoBua,baobua.net,all,NSFW,BaoBua
Mihon family (Mihon / Tachiyomi / Suwayomi / Komikku / Neko),3600000 Beauty,3600000.xyz,all,NSFW,3600000 Beauty
Mihon family (Mihon / Tachiyomi / Suwayomi / Komikku / Neko),Buon Dua,buondua.com,all,NSFW,Buon Dua
Mihon family (Mihon / Tachiyomi / Suwayomi / Komikku / Neko),Comic Fury,comicfury.com,all,,Comic Fury
Mihon family (Mihon / Tachiyomi / Suwayomi / Komikku / Neko),Comic Fury,comicfury.com,en,,Comic Fury
Mihon family (Mihon / Tachiyomi / Suwayomi / Komikku / Neko),Comic Fury,comicfury.com,es,,Comic Fury
Mihon family (Mihon / Tachiyomi / Suwayomi / Komikku / Neko),Comic Fury,comicfury.com,pt-BR,,Comic Fury
Mihon family (Mihon / Tachiyomi / Suwayomi / Komikku / Neko),Comic Fury,comicfury.com,de,,Comic Fury
Mihon family (Mihon / Tachiyomi / Suwayomi / Komikku / Neko),Comic Fury,comicfury.com,fr,,Comic Fury
Mihon family (Mihon / Tachiyomi / Suwayomi / Komikku / Neko),Comic Fury,comicfury.com,it,,Comic Fury
Mihon family (Mihon / Tachiyomi / Suwayomi / Komikku / Neko),Comic Fury,comicfury.com,pl,,Comic Fury
Mihon family (Mihon / Tachiyomi / Suwayomi / Komikku / Neko),Comic Fury,comicfury.com,ja,,Comic Fury
Mihon family (Mihon / Tachiyomi / Suwayomi / Komikku / Neko),Comic Fury,comicfury.com,zh,,Comic Fury
Mihon family (Mihon / Tachiyomi / Suwayomi / Komikku / Neko),Comic Fury,comicfury.com,ru,,Comic Fury
Mihon family (Mihon / Tachiyomi / Suwayomi / Komikku / Neko),Comic Fury,comicfury.com,fi,,Comic Fury
Mihon family (Mihon / Tachiyomi / Suwayomi / Komikku / Neko),Comic Fury,comicfury.com,other,,Comic Fury
Mihon family (Mihon / Tachiyomi / Suwayomi / Komikku / Neko),Comic Fury (No Text),comicfury.com,other,,Comic Fury
Mihon family (Mihon / Tachiyomi / Suwayomi / Komikku / Neko),Comic Growl,comic-growl.com,all,,Comic Growl
Mihon family (Mihon / Tachiyomi / Suwayomi / Komikku / Neko),Comick (Unoriginal),comick.live,all,,Comick (Unoriginal)
Mihon family (Mihon / Tachiyomi / Suwayomi / Komikku / Neko),Comics Kingdom,wp.comicskingdom.com,en,,ComicsKingdom
Mihon family (Mihon / Tachiyomi / Suwayomi / Komikku / Neko),Comics Kingdom,wp.comicskingdom.com,es,,ComicsKingdom
Mihon family (Mihon / Tachiyomi / Suwayomi / Komikku / Neko),Comics Valley,comicsvalley.com,all,NSFW,Comics Valley
Mihon family (Mihon / Tachiyomi / Suwayomi / Komikku / Neko),Comikey,comikey.com,en,,Comikey
Mihon family (Mihon / Tachiyomi / Suwayomi / Komikku / Neko),Comikey,comikey.com,es,,Comikey
Mihon family (Mihon / Tachiyomi / Suwayomi / Komikku / Neko),Comikey,comikey.com,id,,Comikey
Mihon family (Mihon / Tachiyomi / Suwayomi / Komikku / Neko),Comikey,comikey.com,pt-BR,,Comikey
Mihon family (Mihon / Tachiyomi / Suwayomi / Komikku / Neko),Comikey Brasil,br.comikey.com,pt-BR,,Comikey
Mihon family (Mihon / Tachiyomi / Suwayomi / Komikku / Neko),Commit Strip,commitstrip.com,en,,Commit Strip
Mihon family (Mihon / Tachiyomi / Suwayomi / Komikku / Neko),Commit Strip,commitstrip.com,fr,,Commit Strip
Mihon family (Mihon / Tachiyomi / Suwayomi / Komikku / Neko),Coomer,coomer.st,all,NSFW,Coomer
Mihon family (Mihon / Tachiyomi / Suwayomi / Komikku / Neko),CosplayTele,cosplaytele.com,all,NSFW,CosplayTele
Mihon family (Mihon / Tachiyomi / Suwayomi / Komikku / Neko),Cubari,cubari.moe,en,,Cubari
Mihon family (Mihon / Tachiyomi / Suwayomi / Komikku / Neko),Cubari,cubari.moe,all,,Cubari
Mihon family (Mihon / Tachiyomi / Suwayomi / Komikku / Neko),Cubari,cubari.moe,other,,Cubari
Mihon family (Mihon / Tachiyomi / Suwayomi / Komikku / Neko),Danbooru,danbooru.donmai.us,all,NSFW,Danbooru
Mihon family (Mihon / Tachiyomi / Suwayomi / Komikku / Neko),DeviantArt,deviantart.com,all,,DeviantArt
Mihon family (Mihon / Tachiyomi / Suwayomi / Komikku / Neko),Doujiva,doujiva.com,all,NSFW,Doujiva
Mihon family (Mihon / Tachiyomi / Suwayomi / Komikku / Neko),Dragon Ball Multiverse,dragonball-multiverse.com,en,,Dragon Ball Multiverse
Mihon family (Mihon / Tachiyomi / Suwayomi / Komikku / Neko),Dragon Ball Multiverse,dragonball-multiverse.com,fr,,Dragon Ball Multiverse
Mihon family (Mihon / Tachiyomi / Suwayomi / Komikku / Neko),Dragon Ball Multiverse,dragonball-multiverse.com,ja,,Dragon Ball Multiverse
Mihon family (Mihon / Tachiyomi / Suwayomi / Komikku / Neko),Dragon Ball Multiverse,dragonball-multiverse.com,zh,,Dragon Ball Multiverse
Mihon family (Mihon / Tachiyomi / Suwayomi / Komikku / Neko),Dragon Ball Multiverse,dragonball-multiverse.com,es,,Dragon Ball Multiverse
Mihon family (Mihon / Tachiyomi / Suwayomi / Komikku / Neko),Dragon Ball Multiverse,dragonball-multiverse.com,it,,Dragon Ball Multiverse
Mihon family (Mihon / Tachiyomi / Suwayomi / Komikku / Neko),Dragon Ball Multiverse,dragonball-multiverse.com,pt,,Dragon Ball Multiverse
Mihon family (Mihon / Tachiyomi / Suwayomi / Komikku / Neko),Dragon Ball Multiverse,dragonball-multiverse.com,de,,Dragon Ball Multiverse
Mihon family (Mihon / Tachiyomi / Suwayomi / Komikku / Neko),Dragon Ball Multiverse,dragonball-multiverse.com,pl,,Dragon Ball Multiverse
Mihon family (Mihon / Tachiyomi / Suwayomi / Komikku / Neko),Dragon Ball Multiverse,dragonball-multiverse.com,nl,,Dragon Ball Multiverse
Mihon family (Mihon / Tachiyomi / Suwayomi / Komikku / Neko),Dragon Ball Multiverse,dragonball-multiverse.com,tr,,Dragon Ball Multiverse
Mihon family (Mihon / Tachiyomi / Suwayomi / Komikku / Neko),Dragon Ball Multiverse,dragonball-multiverse.com,pt-BR,,Dragon Ball Multiverse
Mihon family (Mihon / Tachiyomi / Suwayomi / Komikku / Neko),Dragon Ball Multiverse,dragonball-multiverse.com,hu,,Dragon Ball Multiverse
Mihon family (Mihon / Tachiyomi / Suwayomi / Komikku / Neko),Dragon Ball Multiverse,dragonball-multiverse.com,ga,,Dragon Ball Multiverse
Mihon family (Mihon / Tachiyomi / Suwayomi / Komikku / Neko),Dragon Ball Multiverse,dragonball-multiverse.com,ca,,Dragon Ball Multiverse
Mihon family (Mihon / Tachiyomi / Suwayomi / Komikku / Neko),Dragon Ball Multiverse,dragonball-multiverse.com,no,,Dragon Ball Multiverse
Mihon family (Mihon / Tachiyomi / Suwayomi / Komikku / Neko),Dragon Ball Multiverse,dragonball-multiverse.com,ru,,Dragon Ball Multiverse
Mihon family (Mihon / Tachiyomi / Suwayomi / Komikku / Neko),Dragon Ball Multiverse,dragonball-multiverse.com,ro,,Dragon Ball Multiverse
Mihon family (Mihon / Tachiyomi / Suwayomi / Komikku / Neko),Dragon Ball Multiverse,dragonball-multiverse.com,eu,,Dragon Ball Multiverse
Mihon family (Mihon / Tachiyomi / Suwayomi / Komikku / Neko),Dragon Ball Multiverse,dragonball-multiverse.com,lt,,Dragon Ball Multiverse
Mihon family (Mihon / Tachiyomi / Suwayomi / Komikku / Neko),Dragon Ball Multiverse,dragonball-multiverse.com,hr,,Dragon Ball Multiverse
Mihon family (Mihon / Tachiyomi / Suwayomi / Komikku / Neko),Dragon Ball Multiverse,dragonball-multiverse.com,ko,,Dragon Ball Multiverse
Mihon family (Mihon / Tachiyomi / Suwayomi / Komikku / Neko),Dragon Ball Multiverse,dragonball-multiverse.com,fi,,Dragon Ball Multiverse
Mihon family (Mihon / Tachiyomi / Suwayomi / Komikku / Neko),Dragon Ball Multiverse,dragonball-multiverse.com,he,,Dragon Ball Multiverse
Mihon family (Mihon / Tachiyomi / Suwayomi / Komikku / Neko),Dragon Ball Multiverse,dragonball-multiverse.com,bg,,Dragon Ball Multiverse
Mihon family (Mihon / Tachiyomi / Suwayomi / Komikku / Neko),Dragon Ball Multiverse,dragonball-multiverse.com,sv,,Dragon Ball Multiverse
Mihon family (Mihon / Tachiyomi / Suwayomi / Komikku / Neko),Dragon Ball Multiverse,dragonball-multiverse.com,el,,Dragon Ball Multiverse
Mihon family (Mihon / Tachiyomi / Suwayomi / Komikku / Neko),Dragon Ball Multiverse,dragonball-multiverse.com,es-419,,Dragon Ball Multiverse
Mihon family (Mihon / Tachiyomi / Suwayomi / Komikku / Neko),Dragon Ball Multiverse,dragonball-multiverse.com,ar,,Dragon Ball Multiverse
Mihon family (Mihon / Tachiyomi / Suwayomi / Komikku / Neko),Dragon Ball Multiverse,dragonball-multiverse.com,fil,,Dragon Ball Multiverse
Mihon family (Mihon / Tachiyomi / Suwayomi / Komikku / Neko),Dragon Ball Multiverse,dragonball-multiverse.com,la,,Dragon Ball Multiverse
Mihon family (Mihon / Tachiyomi / Suwayomi / Komikku / Neko),Dragon Ball Multiverse,dragonball-multiverse.com,da,,Dragon Ball Multiverse
Mihon family (Mihon / Tachiyomi / Suwayomi / Komikku / Neko),Dragon Ball Multiverse,dragonball-multiverse.com,co,,Dragon Ball Multiverse
Mihon family (Mihon / Tachiyomi / Suwayomi / Komikku / Neko),Dragon Ball Multiverse,dragonball-multiverse.com,br,,Dragon Ball Multiverse
Mihon family (Mihon / Tachiyomi / Suwayomi / Komikku / Neko),Dragon Ball Multiverse,dragonball-multiverse.com,vec,,Dragon Ball Multiverse
Mihon family (Mihon / Tachiyomi / Suwayomi / Komikku / Neko),Dragon Ball Multiverse,dragonball-multiverse.com,lmo,,Dragon Ball Multiverse
Mihon family (Mihon / Tachiyomi / Suwayomi / Komikku / Neko),Dragon Ball Multiverse Parody,dragonball-multiverse.com,fr,,Dragon Ball Multiverse
Mihon family (Mihon / Tachiyomi / Suwayomi / Komikku / Neko),e621,e621.net,all,NSFW,e621
Mihon family (Mihon / Tachiyomi / Suwayomi / Komikku / Neko),Elite Babes,elitebabes.com,all,NSFW,Elite Babes
Mihon family (Mihon / Tachiyomi / Suwayomi / Komikku / Neko),Everia.club,everia.club,all,NSFW,Everia.club
Mihon family (Mihon / Tachiyomi / Suwayomi / Komikku / Neko),EveriaClub (unoriginal),everiaclub.com,all,NSFW,EveriaClub (unoriginal)
Mihon family (Mihon / Tachiyomi / Suwayomi / Komikku / Neko),Femjoy Hunter,femjoyhunter.com,all,NSFW,Femjoy Hunter
Mihon family (Mihon / Tachiyomi / Suwayomi / Komikku / Neko),FoamGirl,foamgirl.net,all,NSFW,FoamGirl
Mihon family (Mihon / Tachiyomi / Suwayomi / Komikku / Neko),FoolSlide Customizable,127.0.0.1,other,,FoolSlide Customizable
Mihon family (Mihon / Tachiyomi / Suwayomi / Komikku / Neko),4KHD,4khd.com,all,NSFW,4KHD
Mihon family (Mihon / Tachiyomi / Suwayomi / Komikku / Neko),FTV Hunter,ftvhunter.com,all,NSFW,FTV Hunter
Mihon family (Mihon / Tachiyomi / Suwayomi / Komikku / Neko),GlobalComix,globalcomix.com,sq,,GlobalComix
Mihon family (Mihon / Tachiyomi / Suwayomi / Komikku / Neko),GlobalComix,globalcomix.com,ar,,GlobalComix
Mihon family (Mihon / Tachiyomi / Suwayomi / Komikku / Neko),GlobalComix,globalcomix.com,bg,,GlobalComix
Mihon family (Mihon / Tachiyomi / Suwayomi / Komikku / Neko),GlobalComix,globalcomix.com,bn,,GlobalComix
Mihon family (Mihon / Tachiyomi / Suwayomi / Komikku / Neko),GlobalComix,globalcomix.com,pt-BR,,GlobalComix
Mihon family (Mihon / Tachiyomi / Suwayomi / Komikku / Neko),GlobalComix,globalcomix.com,zh-Hans,,GlobalComix
Mihon family (Mihon / Tachiyomi / Suwayomi / Komikku / Neko),GlobalComix,globalcomix.com,cs,,GlobalComix
Mihon family (Mihon / Tachiyomi / Suwayomi / Komikku / Neko),GlobalComix,globalcomix.com,de,,GlobalComix
Mihon family (Mihon / Tachiyomi / Suwayomi / Komikku / Neko),GlobalComix,globalcomix.com,da,,GlobalComix
Mihon family (Mihon / Tachiyomi / Suwayomi / Komikku / Neko),GlobalComix,globalcomix.com,el,,GlobalComix
Mihon family (Mihon / Tachiyomi / Suwayomi / Komikku / Neko),GlobalComix,globalcomix.com,en,,GlobalComix
Mihon family (Mihon / Tachiyomi / Suwayomi / Komikku / Neko),GlobalComix,globalcomix.com,es,,GlobalComix
Mihon family (Mihon / Tachiyomi / Suwayomi / Komikku / Neko),GlobalComix,globalcomix.com,fa,,GlobalComix
Mihon family (Mihon / Tachiyomi / Suwayomi / Komikku / Neko),GlobalComix,globalcomix.com,fi,,GlobalComix
Mihon family (Mihon / Tachiyomi / Suwayomi / Komikku / Neko),GlobalComix,globalcomix.com,fil,,GlobalComix
Mihon family (Mihon / Tachiyomi / Suwayomi / Komikku / Neko),GlobalComix,globalcomix.com,fr,,GlobalComix
Mihon family (Mihon / Tachiyomi / Suwayomi / Komikku / Neko),GlobalComix,globalcomix.com,hi,,GlobalComix
Mihon family (Mihon / Tachiyomi / Suwayomi / Komikku / Neko),GlobalComix,globalcomix.com,hu,,GlobalComix
Mihon family (Mihon / Tachiyomi / Suwayomi / Komikku / Neko),GlobalComix,globalcomix.com,id,,GlobalComix
Mihon family (Mihon / Tachiyomi / Suwayomi / Komikku / Neko),GlobalComix,globalcomix.com,it,,GlobalComix
Mihon family (Mihon / Tachiyomi / Suwayomi / Komikku / Neko),GlobalComix,globalcomix.com,he,,GlobalComix
Mihon family (Mihon / Tachiyomi / Suwayomi / Komikku / Neko),GlobalComix,globalcomix.com,ja,,GlobalComix
Mihon family (Mihon / Tachiyomi / Suwayomi / Komikku / Neko),GlobalComix,globalcomix.com,ko,,GlobalComix
Mihon family (Mihon / Tachiyomi / Suwayomi / Komikku / Neko),GlobalComix,globalcomix.com,lv,,GlobalComix
Mihon family (Mihon / Tachiyomi / Suwayomi / Komikku / Neko),GlobalComix,globalcomix.com,ms,,GlobalComix
Mihon family (Mihon / Tachiyomi / Suwayomi / Komikku / Neko),GlobalComix,globalcomix.com,nl,,GlobalComix
Mihon family (Mihon / Tachiyomi / Suwayomi / Komikku / Neko),GlobalComix,globalcomix.com,no,,GlobalComix
Mihon family (Mihon / Tachiyomi / Suwayomi / Komikku / Neko),GlobalComix,globalcomix.com,pl,,GlobalComix
Mihon family (Mihon / Tachiyomi / Suwayomi / Komikku / Neko),GlobalComix,globalcomix.com,pt,,GlobalComix
Mihon family (Mihon / Tachiyomi / Suwayomi / Komikku / Neko),GlobalComix,globalcomix.com,ro,,GlobalComix
Mihon family (Mihon / Tachiyomi / Suwayomi / Komikku / Neko),GlobalComix,globalcomix.com,ru,,GlobalComix
Mihon family (Mihon / Tachiyomi / Suwayomi / Komikku / Neko),GlobalComix,globalcomix.com,sv,,GlobalComix
Mihon family (Mihon / Tachiyomi / Suwayomi / Komikku / Neko),GlobalComix,globalcomix.com,sk,,GlobalComix
Mihon family (Mihon / Tachiyomi / Suwayomi / Komikku / Neko),GlobalComix,globalcomix.com,sl,,GlobalComix
Mihon family (Mihon / Tachiyomi / Suwayomi / Komikku / Neko),GlobalComix,globalcomix.com,ta,,GlobalComix
Mihon family (Mihon / Tachiyomi / Suwayomi / Komikku / Neko),GlobalComix,globalcomix.com,th,,GlobalComix
Mihon family (Mihon / Tachiyomi / Suwayomi / Komikku / Neko),GlobalComix,globalcomix.com,tr,,GlobalComix
Mihon family (Mihon / Tachiyomi / Suwayomi / Komikku / Neko),GlobalComix,globalcomix.com,uk,,GlobalComix
Mihon family (Mihon / Tachiyomi / Suwayomi / Komikku / Neko),GlobalComix,globalcomix.com,ur,,GlobalComix
Mihon family (Mihon / Tachiyomi / Suwayomi / Komikku / Neko),GlobalComix,globalcomix.com,vi,,GlobalComix
Mihon family (Mihon / Tachiyomi / Suwayomi / Komikku / Neko),GlobalComix,globalcomix.com,zh-Hant,,GlobalComix
Mihon family (Mihon / Tachiyomi / Suwayomi / Komikku / Neko),Grabber Zone,grabber.zone,all,,Grabber Zone
Mihon family (Mihon / Tachiyomi / Suwayomi / Komikku / Neko),HDoujin,hdoujin.org,all,NSFW,HDoujin
Mihon family (Mihon / Tachiyomi / Suwayomi / Komikku / Neko),HDoujin,hdoujin.org,en,NSFW,HDoujin
Mihon family (Mihon / Tachiyomi / Suwayomi / Komikku / Neko),HDoujin,hdoujin.org,es,NSFW,HDoujin
Mihon family (Mihon / Tachiyomi / Suwayomi / Komikku / Neko),HDoujin,hdoujin.org,ja,NSFW,HDoujin
Mihon family (Mihon / Tachiyomi / Suwayomi / Komikku / Neko),HDoujin,hdoujin.org,ko,NSFW,HDoujin
Mihon family (Mihon / Tachiyomi / Suwayomi / Komikku / Neko),HDoujin,hdoujin.org,zh,NSFW,HDoujin
Mihon family (Mihon / Tachiyomi / Suwayomi / Komikku / Neko),Hennojin,hennojin.com,en,NSFW,Hennojin
Mihon family (Mihon / Tachiyomi / Suwayomi / Komikku / Neko),Hennojin,hennojin.com,ja,NSFW,Hennojin
Mihon family (Mihon / Tachiyomi / Suwayomi / Komikku / Neko),3Hentai,3hentai.net,all,NSFW,3Hentai
Mihon family (Mihon / Tachiyomi / Suwayomi / Komikku / Neko),3Hentai,3hentai.net,en,NSFW,3Hentai
Mihon family (Mihon / Tachiyomi / Suwayomi / Komikku / Neko),3Hentai,3hentai.net,ja,NSFW,3Hentai
Mihon family (Mihon / Tachiyomi / Suwayomi / Komikku / Neko),3Hentai,3hentai.net,ko,NSFW,3Hentai
Mihon family (Mihon / Tachiyomi / Suwayomi / Komikku / Neko),3Hentai,3hentai.net,zh,NSFW,3Hentai
Mihon family (Mihon / Tachiyomi / Suwayomi / Komikku / Neko),3Hentai,3hentai.net,mo,NSFW,3Hentai
Mihon family (Mihon / Tachiyomi / Suwayomi / Komikku / Neko),3Hentai,3hentai.net,es,NSFW,3Hentai
Mihon family (Mihon / Tachiyomi / Suwayomi / Komikku / Neko),3Hentai,3hentai.net,pt,NSFW,3Hentai
Mihon family (Mihon / Tachiyomi / Suwayomi / Komikku / Neko),3Hentai,3hentai.net,id,NSFW,3Hentai
Mihon family (Mihon / Tachiyomi / Suwayomi / Komikku / Neko),3Hentai,3hentai.net,jv,NSFW,3Hentai
Mihon family (Mihon / Tachiyomi / Suwayomi / Komikku / Neko),3Hentai,3hentai.net,tl,NSFW,3Hentai
Mihon family (Mihon / Tachiyomi / Suwayomi / Komikku / Neko),3Hentai,3hentai.net,vi,NSFW,3Hentai
Mihon family (Mihon / Tachiyomi / Suwayomi / Komikku / Neko),3Hentai,3hentai.net,th,NSFW,3Hentai
Mihon family (Mihon / Tachiyomi / Suwayomi / Komikku / Neko),3Hentai,3hentai.net,my,NSFW,3Hentai
Mihon family (Mihon / Tachiyomi / Suwayomi / Komikku / Neko),3Hentai,3hentai.net,tr,NSFW,3Hentai
Mihon family (Mihon / Tachiyomi / Suwayomi / Komikku / Neko),3Hentai,3hentai.net,ru,NSFW,3Hentai
Mihon family (Mihon / Tachiyomi / Suwayomi / Komikku / Neko),3Hentai,3hentai.net,uk,NSFW,3Hentai
Mihon family (Mihon / Tachiyomi / Suwayomi / Komikku / Neko),3Hentai,3hentai.net,pl,NSFW,3Hentai
Mihon family (Mihon / Tachiyomi / Suwayomi / Komikku / Neko),3Hentai,3hentai.net,fi,NSFW,3Hentai
Mihon family (Mihon / Tachiyomi / Suwayomi / Komikku / Neko),3Hentai,3hentai.net,de,NSFW,3Hentai
Mihon family (Mihon / Tachiyomi / Suwayomi / Komikku / Neko),3Hentai,3hentai.net,it,NSFW,3Hentai
Mihon family (Mihon / Tachiyomi / Suwayomi / Komikku / Neko),3Hentai,3hentai.net,fr,NSFW,3Hentai
Mihon family (Mihon / Tachiyomi / Suwayomi / Komikku / Neko),3Hentai,3hentai.net,nl,NSFW,3Hentai
Mihon family (Mihon / Tachiyomi / Suwayomi / Komikku / Neko),3Hentai,3hentai.net,cs,NSFW,3Hentai
Mihon family (Mihon / Tachiyomi / Suwayomi / Komikku / Neko),3Hentai,3hentai.net,hu,NSFW,3Hentai
Mihon family (Mihon / Tachiyomi / Suwayomi / Komikku / Neko),3Hentai,3hentai.net,bg,NSFW,3Hentai
Mihon family (Mihon / Tachiyomi / Suwayomi / Komikku / Neko),3Hentai,3hentai.net,is,NSFW,3Hentai
Mihon family (Mihon / Tachiyomi / Suwayomi / Komikku / Neko),3Hentai,3hentai.net,la,NSFW,3Hentai
Mihon family (Mihon / Tachiyomi / Suwayomi / Komikku / Neko),3Hentai,3hentai.net,ar,NSFW,3Hentai
Mihon family (Mihon / Tachiyomi / Suwayomi / Komikku / Neko),Hentai Cosplay,hentai-cosplay-xxx.com,all,NSFW,Hentai Cosplay
Mihon family (Mihon / Tachiyomi / Suwayomi / Komikku / Neko),HentaiEnvy,hentaienvy.com,en,NSFW,HentaiEnvy
Mihon family (Mihon / Tachiyomi / Suwayomi / Komikku / Neko),HentaiEnvy,hentaienvy.com,ja,NSFW,HentaiEnvy
Mihon family (Mihon / Tachiyomi / Suwayomi / Komikku / Neko),HentaiEnvy,hentaienvy.com,es,NSFW,HentaiEnvy
Mihon family (Mihon / Tachiyomi / Suwayomi / Komikku / Neko),HentaiEnvy,hentaienvy.com,fr,NSFW,HentaiEnvy
Mihon family (Mihon / Tachiyomi / Suwayomi / Komikku / Neko),HentaiEnvy,hentaienvy.com,ko,NSFW,HentaiEnvy
Mihon family (Mihon / Tachiyomi / Suwayomi / Komikku / Neko),HentaiEnvy,hentaienvy.com,de,NSFW,HentaiEnvy
Mihon family (Mihon / Tachiyomi / Suwayomi / Komikku / Neko),HentaiEnvy,hentaienvy.com,ru,NSFW,HentaiEnvy
Mihon family (Mihon / Tachiyomi / Suwayomi / Komikku / Neko),HentaiEnvy,hentaienvy.com,all,NSFW,HentaiEnvy
Mihon family (Mihon / Tachiyomi / Suwayomi / Komikku / Neko),HentaiEra,hentaiera.com,en,NSFW,HentaiEra
Mihon family (Mihon / Tachiyomi / Suwayomi / Komikku / Neko),HentaiEra,hentaiera.com,ja,NSFW,HentaiEra
Mihon family (Mihon / Tachiyomi / Suwayomi / Komikku / Neko),HentaiEra,hentaiera.com,es,NSFW,HentaiEra
Mihon family (Mihon / Tachiyomi / Suwayomi / Komikku / Neko),HentaiEra,hentaiera.com,fr,NSFW,HentaiEra
Mihon family (Mihon / Tachiyomi / Suwayomi / Komikku / Neko),HentaiEra,hentaiera.com,ko,NSFW,HentaiEra
Mihon family (Mihon / Tachiyomi / Suwayomi / Komikku / Neko),HentaiEra,hentaiera.com,de,NSFW,HentaiEra
Mihon family (Mihon / Tachiyomi / Suwayomi / Komikku / Neko),HentaiEra,hentaiera.com,ru,NSFW,HentaiEra
Mihon family (Mihon / Tachiyomi / Suwayomi / Komikku / Neko),HentaiEra,hentaiera.com,all,NSFW,HentaiEra
Mihon family (Mihon / Tachiyomi / Suwayomi / Komikku / Neko),HentaiFox,hentaifox.com,en,NSFW,HentaiFox
Mihon family (Mihon / Tachiyomi / Suwayomi / Komikku / Neko),HentaiFox,hentaifox.com,ja,NSFW,HentaiFox
Mihon family (Mihon / Tachiyomi / Suwayomi / Komikku / Neko),HentaiFox,hentaifox.com,zh,NSFW,HentaiFox
Mihon family (Mihon / Tachiyomi / Suwayomi / Komikku / Neko),HentaiFox,hentaifox.com,ko,NSFW,HentaiFox
Mihon family (Mihon / Tachiyomi / Suwayomi / Komikku / Neko),HentaiFox,hentaifox.com,all,NSFW,HentaiFox
Mihon family (Mihon / Tachiyomi / Suwayomi / Komikku / Neko),HentaiHand,hentaihand.com,all,NSFW,HentaiHand
Mihon family (Mihon / Tachiyomi / Suwayomi / Komikku / Neko),HentaiHand,hentaihand.com,ja,NSFW,HentaiHand
Mihon family (Mihon / Tachiyomi / Suwayomi / Komikku / Neko),HentaiHand,hentaihand.com,en,NSFW,HentaiHand
Mihon family (Mihon / Tachiyomi / Suwayomi / Komikku / Neko),HentaiHand,hentaihand.com,zh,NSFW,HentaiHand
Mihon family (Mihon / Tachiyomi / Suwayomi / Komikku / Neko),HentaiHand,hentaihand.com,bg,NSFW,HentaiHand
Mihon family (Mihon / Tachiyomi / Suwayomi / Komikku / Neko),HentaiHand,hentaihand.com,ceb,NSFW,HentaiHand
Mihon family (Mihon / Tachiyomi / Suwayomi / Komikku / Neko),HentaiHand,hentaihand.com,other,NSFW,HentaiHand
Mihon family (Mihon / Tachiyomi / Suwayomi / Komikku / Neko),HentaiHand,hentaihand.com,tl,NSFW,HentaiHand
Mihon family (Mihon / Tachiyomi / Suwayomi / Komikku / Neko),HentaiHand,hentaihand.com,ar,NSFW,HentaiHand
Mihon family (Mihon / Tachiyomi / Suwayomi / Komikku / Neko),HentaiHand,hentaihand.com,el,NSFW,HentaiHand
Mihon family (Mihon / Tachiyomi / Suwayomi / Komikku / Neko),HentaiHand,hentaihand.com,sr,NSFW,HentaiHand
Mihon family (Mihon / Tachiyomi / Suwayomi / Komikku / Neko),HentaiHand,hentaihand.com,jv,NSFW,HentaiHand
Mihon family (Mihon / Tachiyomi / Suwayomi / Komikku / Neko),HentaiHand,hentaihand.com,uk,NSFW,HentaiHand
Mihon family (Mihon / Tachiyomi / Suwayomi / Komikku / Neko),HentaiHand,hentaihand.com,tr,NSFW,HentaiHand
Mihon family (Mihon / Tachiyomi / Suwayomi / Komikku / Neko),HentaiHand,hentaihand.com,fi,NSFW,HentaiHand
Mihon family (Mihon / Tachiyomi / Suwayomi / Komikku / Neko),HentaiHand,hentaihand.com,la,NSFW,HentaiHand
Mihon family (Mihon / Tachiyomi / Suwayomi / Komikku / Neko),HentaiHand,hentaihand.com,mn,NSFW,HentaiHand
Mihon family (Mihon / Tachiyomi / Suwayomi / Komikku / Neko),HentaiHand,hentaihand.com,eo,NSFW,HentaiHand
Mihon family (Mihon / Tachiyomi / Suwayomi / Komikku / Neko),HentaiHand,hentaihand.com,sk,NSFW,HentaiHand
Mihon family (Mihon / Tachiyomi / Suwayomi / Komikku / Neko),HentaiHand,hentaihand.com,cs,NSFW,HentaiHand
Mihon family (Mihon / Tachiyomi / Suwayomi / Komikku / Neko),HentaiHand,hentaihand.com,ko,NSFW,HentaiHand
Mihon family (Mihon / Tachiyomi / Suwayomi / Komikku / Neko),HentaiHand,hentaihand.com,ru,NSFW,HentaiHand
Mihon family (Mihon / Tachiyomi / Suwayomi / Komikku / Neko),HentaiHand,hentaihand.com,it,NSFW,HentaiHand
Mihon family (Mihon / Tachiyomi / Suwayomi / Komikku / Neko),HentaiHand,hentaihand.com,es,NSFW,HentaiHand
Mihon family (Mihon / Tachiyomi / Suwayomi / Komikku / Neko),HentaiHand,hentaihand.com,pt-BR,NSFW,HentaiHand
Mihon family (Mihon / Tachiyomi / Suwayomi / Komikku / Neko),HentaiHand,hentaihand.com,th,NSFW,HentaiHand
Mihon family (Mihon / Tachiyomi / Suwayomi / Komikku / Neko),HentaiHand,hentaihand.com,fr,NSFW,HentaiHand
Mihon family (Mihon / Tachiyomi / Suwayomi / Komikku / Neko),HentaiHand,hentaihand.com,id,NSFW,HentaiHand
Mihon family (Mihon / Tachiyomi / Suwayomi / Komikku / Neko),HentaiHand,hentaihand.com,vi,NSFW,HentaiHand
Mihon family (Mihon / Tachiyomi / Suwayomi / Komikku / Neko),HentaiHand,hentaihand.com,de,NSFW,HentaiHand
Mihon family (Mihon / Tachiyomi / Suwayomi / Komikku / Neko),HentaiHand,hentaihand.com,pl,NSFW,HentaiHand
Mihon family (Mihon / Tachiyomi / Suwayomi / Komikku / Neko),HentaiHand,hentaihand.com,hu,NSFW,HentaiHand
Mihon family (Mihon / Tachiyomi / Suwayomi / Komikku / Neko),HentaiHand,hentaihand.com,nl,NSFW,HentaiHand
Mihon family (Mihon / Tachiyomi / Suwayomi / Komikku / Neko),HentaiHand,hentaihand.com,hi,NSFW,HentaiHand
Mihon family (Mihon / Tachiyomi / Suwayomi / Komikku / Neko),HentaiLoop,hentailoop.com,all,NSFW,HentaiLoop
Mihon family (Mihon / Tachiyomi / Suwayomi / Komikku / Neko),HentaiRox,hentairox.com,en,NSFW,HentaiRox
Mihon family (Mihon / Tachiyomi / Suwayomi / Komikku / Neko),HentaiRox,hentairox.com,ja,NSFW,HentaiRox
Mihon family (Mihon / Tachiyomi / Suwayomi / Komikku / Neko),HentaiRox,hentairox.com,zh,NSFW,HentaiRox
Mihon family (Mihon / Tachiyomi / Suwayomi / Komikku / Neko),HentaiRox,hentairox.com,all,NSFW,HentaiRox
Mihon family (Mihon / Tachiyomi / Suwayomi / Komikku / Neko),HentaiZap,hentaizap.com,en,NSFW,HentaiZap
Mihon family (Mihon / Tachiyomi / Suwayomi / Komikku / Neko),HentaiZap,hentaizap.com,ja,NSFW,HentaiZap
Mihon family (Mihon / Tachiyomi / Suwayomi / Komikku / Neko),HentaiZap,hentaizap.com,es,NSFW,HentaiZap
Mihon family (Mihon / Tachiyomi / Suwayomi / Komikku / Neko),HentaiZap,hentaizap.com,fr,NSFW,HentaiZap
Mihon family (Mihon / Tachiyomi / Suwayomi / Komikku / Neko),HentaiZap,hentaizap.com,ko,NSFW,HentaiZap
Mihon family (Mihon / Tachiyomi / Suwayomi / Komikku / Neko),HentaiZap,hentaizap.com,de,NSFW,HentaiZap
Mihon family (Mihon / Tachiyomi / Suwayomi / Komikku / Neko),HentaiZap,hentaizap.com,ru,NSFW,HentaiZap
Mihon family (Mihon / Tachiyomi / Suwayomi / Komikku / Neko),HentaiZap,hentaizap.com,all,NSFW,HentaiZap
Mihon family (Mihon / Tachiyomi / Suwayomi / Komikku / Neko),HNI-Scantrad,hni-scantrad.net,all,,HNI-Scantrad
Mihon family (Mihon / Tachiyomi / Suwayomi / Komikku / Neko),HOLONOMETRIA,holoearth.com,ja,,HOLONOMETRIA
Mihon family (Mihon / Tachiyomi / Suwayomi / Komikku / Neko),HOLONOMETRIA,holoearth.com,en,,HOLONOMETRIA
Mihon family (Mihon / Tachiyomi / Suwayomi / Komikku / Neko),HOLONOMETRIA,holoearth.com,id,,HOLONOMETRIA
Mihon family (Mihon / Tachiyomi / Suwayomi / Komikku / Neko),Honeytoon,honeytoon.com,de,,Honeytoon
Mihon family (Mihon / Tachiyomi / Suwayomi / Komikku / Neko),Honeytoon,honeytoon.com,en,,Honeytoon
Mihon family (Mihon / Tachiyomi / Suwayomi / Komikku / Neko),Honeytoon,honeytoon.com,es,,Honeytoon
Mihon family (Mihon / Tachiyomi / Suwayomi / Komikku / Neko),Honeytoon,honeytoon.com,fr,,Honeytoon
Mihon family (Mihon / Tachiyomi / Suwayomi / Komikku / Neko),Honeytoon,honeytoon.com,it,,Honeytoon
Mihon family (Mihon / Tachiyomi / Suwayomi / Komikku / Neko),Honeytoon,honeytoon.com,pt-BR,,Honeytoon
Mihon family (Mihon / Tachiyomi / Suwayomi / Komikku / Neko),IMHentai,imhentai.xxx,en,NSFW,IMHentai
Mihon family (Mihon / Tachiyomi / Suwayomi / Komikku / Neko),IMHentai,imhentai.xxx,ja,NSFW,IMHentai
Mihon family (Mihon / Tachiyomi / Suwayomi / Komikku / Neko),IMHentai,imhentai.xxx,es,NSFW,IMHentai
Mihon family (Mihon / Tachiyomi / Suwayomi / Komikku / Neko),IMHentai,imhentai.xxx,fr,NSFW,IMHentai
Mihon family (Mihon / Tachiyomi / Suwayomi / Komikku / Neko),IMHentai,imhentai.xxx,ko,NSFW,IMHentai
Mihon family (Mihon / Tachiyomi / Suwayomi / Komikku / Neko),IMHentai,imhentai.xxx,de,NSFW,IMHentai
Mihon family (Mihon / Tachiyomi / Suwayomi / Komikku / Neko),IMHentai,imhentai.xxx,ru,NSFW,IMHentai
Mihon family (Mihon / Tachiyomi / Suwayomi / Komikku / Neko),IMHentai,imhentai.xxx,all,NSFW,IMHentai
Mihon family (Mihon / Tachiyomi / Suwayomi / Komikku / Neko),izneo,izneo.com,en,,izneo (webtoons)
Mihon family (Mihon / Tachiyomi / Suwayomi / Komikku / Neko),izneo,izneo.com,fr,,izneo (webtoons)
Mihon family (Mihon / Tachiyomi / Suwayomi / Komikku / Neko),JJCOS,jjcos.com,all,NSFW,JJCOS
Mihon family (Mihon / Tachiyomi / Suwayomi / Komikku / Neko),Joymii Hub,joymiihub.com,all,NSFW,Joymii Hub
Mihon family (Mihon / Tachiyomi / Suwayomi / Komikku / Neko),Junmeitu,meijuntu.com,all,NSFW,Junmeitu
Mihon family (Mihon / Tachiyomi / Suwayomi / Komikku / Neko),Kagane,kagane.to,en,,Kagane
Mihon family (Mihon / Tachiyomi / Suwayomi / Komikku / Neko),Kagane,kagane.to,ja,,Kagane
Mihon family (Mihon / Tachiyomi / Suwayomi / Komikku / Neko),Kagane,kagane.to,ko,,Kagane
Mihon family (Mihon / Tachiyomi / Suwayomi / Komikku / Neko),Kagane,kagane.to,zh,,Kagane
Mihon family (Mihon / Tachiyomi / Suwayomi / Komikku / Neko),Kagane,kagane.to,es,,Kagane
Mihon family (Mihon / Tachiyomi / Suwayomi / Komikku / Neko),Kagane,kagane.to,es-419,,Kagane
Mihon family (Mihon / Tachiyomi / Suwayomi / Komikku / Neko),Kagane,kagane.to,fr,,Kagane
Mihon family (Mihon / Tachiyomi / Suwayomi / Komikku / Neko),Kagane,kagane.to,de,,Kagane
Mihon family (Mihon / Tachiyomi / Suwayomi / Komikku / Neko),Kagane,kagane.to,pt,,Kagane
Mihon family (Mihon / Tachiyomi / Suwayomi / Komikku / Neko),Kagane,kagane.to,pt-BR,,Kagane
Mihon family (Mihon / Tachiyomi / Suwayomi / Komikku / Neko),Kagane,kagane.to,ru,,Kagane
Mihon family (Mihon / Tachiyomi / Suwayomi / Komikku / Neko),Kagane,kagane.to,it,,Kagane
Mihon family (Mihon / Tachiyomi / Suwayomi / Komikku / Neko),Kagane,kagane.to,id,,Kagane
Mihon family (Mihon / Tachiyomi / Suwayomi / Komikku / Neko),Kagane,kagane.to,vi,,Kagane
Mihon family (Mihon / Tachiyomi / Suwayomi / Komikku / Neko),Kagane,kagane.to,th,,Kagane
Mihon family (Mihon / Tachiyomi / Suwayomi / Komikku / Neko),Kagane,kagane.to,pl,,Kagane
Mihon family (Mihon / Tachiyomi / Suwayomi / Komikku / Neko),Kagane,kagane.to,hi,,Kagane
Mihon family (Mihon / Tachiyomi / Suwayomi / Komikku / Neko),Kagane,kagane.to,ar,,Kagane
Mihon family (Mihon / Tachiyomi / Suwayomi / Komikku / Neko),Kemono,kemono.cr,all,NSFW,Kemono
Mihon family (Mihon / Tachiyomi / Suwayomi / Komikku / Neko),Kiutaku,kiutaku.com,all,NSFW,Kiutaku
Mihon family (Mihon / Tachiyomi / Suwayomi / Komikku / Neko),Kodoku Studio,kodokustudio.com,all,,Kodoku Studio
Mihon family (Mihon / Tachiyomi / Suwayomi / Komikku / Neko),SchaleNetwork,schale.network,all,NSFW,SchaleNetwork
Mihon family (Mihon / Tachiyomi / Suwayomi / Komikku / Neko),SchaleNetwork,schale.network,en,NSFW,SchaleNetwork
Mihon family (Mihon / Tachiyomi / Suwayomi / Komikku / Neko),SchaleNetwork,schale.network,ja,NSFW,SchaleNetwork
Mihon family (Mihon / Tachiyomi / Suwayomi / Komikku / Neko),SchaleNetwork,schale.network,zh,NSFW,SchaleNetwork
Mihon family (Mihon / Tachiyomi / Suwayomi / Komikku / Neko),Komga,127.0.0.1,all,,Komga
Mihon family (Mihon / Tachiyomi / Suwayomi / Komikku / Neko),Komga (2),127.0.0.1,all,,Komga
Mihon family (Mihon / Tachiyomi / Suwayomi / Komikku / Neko),Komga (3),127.0.0.1,all,,Komga
Mihon family (Mihon / Tachiyomi / Suwayomi / Komikku / Neko),LANraragi (1),127.0.0.1,all,,LANraragi
Mihon family (Mihon / Tachiyomi / Suwayomi / Komikku / Neko),LANraragi (2),127.0.0.1,all,,LANraragi
Mihon family (Mihon / Tachiyomi / Suwayomi / Komikku / Neko),League of Legends,universe.leagueoflegends.com,en,,League of Legends
Mihon family (Mihon / Tachiyomi / Suwayomi / Komikku / Neko),League of Legends,universe.leagueoflegends.com,de,,League of Legends
Mihon family (Mihon / Tachiyomi / Suwayomi / Komikku / Neko),League of Legends,universe.leagueoflegends.com,es,,League of Legends
Mihon family (Mihon / Tachiyomi / Suwayomi / Komikku / Neko),League of Legends,universe.leagueoflegends.com,fr,,League of Legends
Mihon family (Mihon / Tachiyomi / Suwayomi / Komikku / Neko),League of Legends,universe.leagueoflegends.com,it,,League of Legends
Mihon family (Mihon / Tachiyomi / Suwayomi / Komikku / Neko),League of Legends,universe.leagueoflegends.com,pl,,League of Legends
Mihon family (Mihon / Tachiyomi / Suwayomi / Komikku / Neko),League of Legends,universe.leagueoflegends.com,el,,League of Legends
Mihon family (Mihon / Tachiyomi / Suwayomi / Komikku / Neko),League of Legends,universe.leagueoflegends.com,ro,,League of Legends
Mihon family (Mihon / Tachiyomi / Suwayomi / Komikku / Neko),League of Legends,universe.leagueoflegends.com,hu,,League of Legends
Mihon family (Mihon / Tachiyomi / Suwayomi / Komikku / Neko),League of Legends,universe.leagueoflegends.com,cs,,League of Legends
Mihon family (Mihon / Tachiyomi / Suwayomi / Komikku / Neko),League of Legends,universe.leagueoflegends.com,es-419,,League of Legends
Mihon family (Mihon / Tachiyomi / Suwayomi / Komikku / Neko),League of Legends,universe.leagueoflegends.com,pt-BR,,League of Legends
Mihon family (Mihon / Tachiyomi / Suwayomi / Komikku / Neko),League of Legends,universe.leagueoflegends.com,ja,,League of Legends
Mihon family (Mihon / Tachiyomi / Suwayomi / Komikku / Neko),League of Legends,universe.leagueoflegends.com,ru,,League of Legends
Mihon family (Mihon / Tachiyomi / Suwayomi / Komikku / Neko),League of Legends,universe.leagueoflegends.com,tr,,League of Legends
Mihon family (Mihon / Tachiyomi / Suwayomi / Komikku / Neko),League of Legends,universe.leagueoflegends.com,ko,,League of Legends
Mihon family (Mihon / Tachiyomi / Suwayomi / Komikku / Neko),Lunar Manga,lunarx.to,all,,Lunar Manga
Mihon family (Mihon / Tachiyomi / Suwayomi / Komikku / Neko),Lunar Manga,lunarx.to,en,,Lunar Manga
Mihon family (Mihon / Tachiyomi / Suwayomi / Komikku / Neko),Lunar Manga,lunarx.to,ar,,Lunar Manga
Mihon family (Mihon / Tachiyomi / Suwayomi / Komikku / Neko),Lunar Manga,lunarx.to,bg,,Lunar Manga
Mihon family (Mihon / Tachiyomi / Suwayomi / Komikku / Neko),Lunar Manga,lunarx.to,bn,,Lunar Manga
Mihon family (Mihon / Tachiyomi / Suwayomi / Komikku / Neko),Lunar Manga,lunarx.to,da,,Lunar Manga
Mihon family (Mihon / Tachiyomi / Suwayomi / Komikku / Neko),Lunar Manga,lunarx.to,de,,Lunar Manga
Mihon family (Mihon / Tachiyomi / Suwayomi / Komikku / Neko),Lunar Manga,lunarx.to,es,,Lunar Manga
Mihon family (Mihon / Tachiyomi / Suwayomi / Komikku / Neko),Lunar Manga,lunarx.to,es-419,,Lunar Manga
Mihon family (Mihon / Tachiyomi / Suwayomi / Komikku / Neko),Lunar Manga,lunarx.to,fa,,Lunar Manga
Mihon family (Mihon / Tachiyomi / Suwayomi / Komikku / Neko),Lunar Manga,lunarx.to,fi,,Lunar Manga
Mihon family (Mihon / Tachiyomi / Suwayomi / Komikku / Neko),Lunar Manga,lunarx.to,fr,,Lunar Manga
Mihon family (Mihon / Tachiyomi / Suwayomi / Komikku / Neko),Lunar Manga,lunarx.to,he,,Lunar Manga
Mihon family (Mihon / Tachiyomi / Suwayomi / Komikku / Neko),Lunar Manga,lunarx.to,hi,,Lunar Manga
Mihon family (Mihon / Tachiyomi / Suwayomi / Komikku / Neko),Lunar Manga,lunarx.to,id,,Lunar Manga
Mihon family (Mihon / Tachiyomi / Suwayomi / Komikku / Neko),Lunar Manga,lunarx.to,it,,Lunar Manga
Mihon family (Mihon / Tachiyomi / Suwayomi / Komikku / Neko),Lunar Manga,lunarx.to,ja,,Lunar Manga
Mihon family (Mihon / Tachiyomi / Suwayomi / Komikku / Neko),Lunar Manga,lunarx.to,ko,,Lunar Manga
Mihon family (Mihon / Tachiyomi / Suwayomi / Komikku / Neko),Lunar Manga,lunarx.to,ms,,Lunar Manga
Mihon family (Mihon / Tachiyomi / Suwayomi / Komikku / Neko),Lunar Manga,lunarx.to,nl,,Lunar Manga
Mihon family (Mihon / Tachiyomi / Suwayomi / Komikku / Neko),Lunar Manga,lunarx.to,no,,Lunar Manga
Mihon family (Mihon / Tachiyomi / Suwayomi / Komikku / Neko),Lunar Manga,lunarx.to,pl,,Lunar Manga
Mihon family (Mihon / Tachiyomi / Suwayomi / Komikku / Neko),Lunar Manga,lunarx.to,pt,,Lunar Manga
Mihon family (Mihon / Tachiyomi / Suwayomi / Komikku / Neko),Lunar Manga,lunarx.to,pt-BR,,Lunar Manga
Mihon family (Mihon / Tachiyomi / Suwayomi / Komikku / Neko),Lunar Manga,lunarx.to,ru,,Lunar Manga
Mihon family (Mihon / Tachiyomi / Suwayomi / Komikku / Neko),Lunar Manga,lunarx.to,sv,,Lunar Manga
Mihon family (Mihon / Tachiyomi / Suwayomi / Komikku / Neko),Lunar Manga,lunarx.to,th,,Lunar Manga
Mihon family (Mihon / Tachiyomi / Suwayomi / Komikku / Neko),Lunar Manga,lunarx.to,tl,,Lunar Manga
Mihon family (Mihon / Tachiyomi / Suwayomi / Komikku / Neko),Lunar Manga,lunarx.to,tr,,Lunar Manga
Mihon family (Mihon / Tachiyomi / Suwayomi / Komikku / Neko),Lunar Manga,lunarx.to,ur,,Lunar Manga
Mihon family (Mihon / Tachiyomi / Suwayomi / Komikku / Neko),Lunar Manga,lunarx.to,vi,,Lunar Manga
Mihon family (Mihon / Tachiyomi / Suwayomi / Komikku / Neko),Lunar Manga,lunarx.to,zh,,Lunar Manga
Mihon family (Mihon / Tachiyomi / Suwayomi / Komikku / Neko),Luscious,luscious.net,en,NSFW,Luscious
Mihon family (Mihon / Tachiyomi / Suwayomi / Komikku / Neko),Luscious,luscious.net,ja,NSFW,Luscious
Mihon family (Mihon / Tachiyomi / Suwayomi / Komikku / Neko),Luscious,luscious.net,es,NSFW,Luscious
Mihon family (Mihon / Tachiyomi / Suwayomi / Komikku / Neko),Luscious,luscious.net,it,NSFW,Luscious
Mihon family (Mihon / Tachiyomi / Suwayomi / Komikku / Neko),Luscious,luscious.net,de,NSFW,Luscious
Mihon family (Mihon / Tachiyomi / Suwayomi / Komikku / Neko),Luscious,luscious.net,fr,NSFW,Luscious
Mihon family (Mihon / Tachiyomi / Suwayomi / Komikku / Neko),Luscious,luscious.net,zh,NSFW,Luscious
Mihon family (Mihon / Tachiyomi / Suwayomi / Komikku / Neko),Luscious,luscious.net,ko,NSFW,Luscious
Mihon family (Mihon / Tachiyomi / Suwayomi / Komikku / Neko),Luscious,luscious.net,other,NSFW,Luscious
Mihon family (Mihon / Tachiyomi / Suwayomi / Komikku / Neko),Luscious,luscious.net,th,NSFW,Luscious
Mihon family (Mihon / Tachiyomi / Suwayomi / Komikku / Neko),Luscious,luscious.net,all,NSFW,Luscious
Mihon family (Mihon / Tachiyomi / Suwayomi / Komikku / Neko),Luscious,luscious.net,pt-BR,NSFW,Luscious
Mihon family (Mihon / Tachiyomi / Suwayomi / Komikku / Neko),Magical Translators,mahoushoujobu.com,en,,Magical Translators
Mihon family (Mihon / Tachiyomi / Suwayomi / Komikku / Neko),Magical Translators,mahoushoujobu.com,es,,Magical Translators
Mihon family (Mihon / Tachiyomi / Suwayomi / Komikku / Neko),Magical Translators,mahoushoujobu.com,pl,,Magical Translators
Mihon family (Mihon / Tachiyomi / Suwayomi / Komikku / Neko),Manga18fx,manga18fx.com,all,NSFW,Manga18fx
Mihon family (Mihon / Tachiyomi / Suwayomi / Komikku / Neko),Manga18fx,manga18fx.com,en,NSFW,Manga18fx
Mihon family (Mihon / Tachiyomi / Suwayomi / Komikku / Neko),Manga18.me,manga18.me,all,NSFW,Manga18Me
Mihon family (Mihon / Tachiyomi / Suwayomi / Komikku / Neko),Manga18.me,manga18.me,en,NSFW,Manga18Me
Mihon family (Mihon / Tachiyomi / Suwayomi / Komikku / Neko),Manga Ball,mangaball.net,ar,,Manga Ball
Mihon family (Mihon / Tachiyomi / Suwayomi / Komikku / Neko),Manga Ball,mangaball.net,bg,,Manga Ball
Mihon family (Mihon / Tachiyomi / Suwayomi / Komikku / Neko),Manga Ball,mangaball.net,bn,,Manga Ball
Mihon family (Mihon / Tachiyomi / Suwayomi / Komikku / Neko),Manga Ball,mangaball.net,ca,,Manga Ball
Mihon family (Mihon / Tachiyomi / Suwayomi / Komikku / Neko),Manga Ball,mangaball.net,cs,,Manga Ball
Mihon family (Mihon / Tachiyomi / Suwayomi / Komikku / Neko),Manga Ball,mangaball.net,da,,Manga Ball
Mihon family (Mihon / Tachiyomi / Suwayomi / Komikku / Neko),Manga Ball,mangaball.net,de,,Manga Ball
Mihon family (Mihon / Tachiyomi / Suwayomi / Komikku / Neko),Manga Ball,mangaball.net,el,,Manga Ball
Mihon family (Mihon / Tachiyomi / Suwayomi / Komikku / Neko),Manga Ball,mangaball.net,en,,Manga Ball
Mihon family (Mihon / Tachiyomi / Suwayomi / Komikku / Neko),Manga Ball,mangaball.net,es,,Manga Ball
Mihon family (Mihon / Tachiyomi / Suwayomi / Komikku / Neko),Manga Ball,mangaball.net,fa,,Manga Ball
Mihon family (Mihon / Tachiyomi / Suwayomi / Komikku / Neko),Manga Ball,mangaball.net,fi,,Manga Ball
Mihon family (Mihon / Tachiyomi / Suwayomi / Komikku / Neko),Manga Ball,mangaball.net,fr,,Manga Ball
Mihon family (Mihon / Tachiyomi / Suwayomi / Komikku / Neko),Manga Ball,mangaball.net,he,,Manga Ball
Mihon family (Mihon / Tachiyomi / Suwayomi / Komikku / Neko),Manga Ball,mangaball.net,hi,,Manga Ball
Mihon family (Mihon / Tachiyomi / Suwayomi / Komikku / Neko),Manga Ball,mangaball.net,hu,,Manga Ball
Mihon family (Mihon / Tachiyomi / Suwayomi / Komikku / Neko),Manga Ball,mangaball.net,id,,Manga Ball
Mihon family (Mihon / Tachiyomi / Suwayomi / Komikku / Neko),Manga Ball,mangaball.net,it,,Manga Ball
Mihon family (Mihon / Tachiyomi / Suwayomi / Komikku / Neko),Manga Ball,mangaball.net,is,,Manga Ball
Mihon family (Mihon / Tachiyomi / Suwayomi / Komikku / Neko),Manga Ball,mangaball.net,ja,,Manga Ball
Mihon family (Mihon / Tachiyomi / Suwayomi / Komikku / Neko),Manga Ball,mangaball.net,ko,,Manga Ball
Mihon family (Mihon / Tachiyomi / Suwayomi / Komikku / Neko),Manga Ball,mangaball.net,kn,,Manga Ball
Mihon family (Mihon / Tachiyomi / Suwayomi / Komikku / Neko),Manga Ball,mangaball.net,ml,,Manga Ball
Mihon family (Mihon / Tachiyomi / Suwayomi / Komikku / Neko),Manga Ball,mangaball.net,ms,,Manga Ball
Mihon family (Mihon / Tachiyomi / Suwayomi / Komikku / Neko),Manga Ball,mangaball.net,ne,,Manga Ball
Mihon family (Mihon / Tachiyomi / Suwayomi / Komikku / Neko),Manga Ball,mangaball.net,nl,,Manga Ball
Mihon family (Mihon / Tachiyomi / Suwayomi / Komikku / Neko),Manga Ball,mangaball.net,no,,Manga Ball
Mihon family (Mihon / Tachiyomi / Suwayomi / Komikku / Neko),Manga Ball,mangaball.net,pl,,Manga Ball
Mihon family (Mihon / Tachiyomi / Suwayomi / Komikku / Neko),Manga Ball,mangaball.net,pt-BR,,Manga Ball
Mihon family (Mihon / Tachiyomi / Suwayomi / Komikku / Neko),Manga Ball,mangaball.net,ro,,Manga Ball
Mihon family (Mihon / Tachiyomi / Suwayomi / Komikku / Neko),Manga Ball,mangaball.net,ru,,Manga Ball
Mihon family (Mihon / Tachiyomi / Suwayomi / Komikku / Neko),Manga Ball,mangaball.net,sk,,Manga Ball
Mihon family (Mihon / Tachiyomi / Suwayomi / Komikku / Neko),Manga Ball,mangaball.net,sl,,Manga Ball
Mihon family (Mihon / Tachiyomi / Suwayomi / Komikku / Neko),Manga Ball,mangaball.net,sq,,Manga Ball
Mihon family (Mihon / Tachiyomi / Suwayomi / Komikku / Neko),Manga Ball,mangaball.net,sr,,Manga Ball
Mihon family (Mihon / Tachiyomi / Suwayomi / Komikku / Neko),Manga Ball,mangaball.net,sv,,Manga Ball
Mihon family (Mihon / Tachiyomi / Suwayomi / Komikku / Neko),Manga Ball,mangaball.net,ta,,Manga Ball
Mihon family (Mihon / Tachiyomi / Suwayomi / Komikku / Neko),Manga Ball,mangaball.net,th,,Manga Ball
Mihon family (Mihon / Tachiyomi / Suwayomi / Komikku / Neko),Manga Ball,mangaball.net,tr,,Manga Ball
Mihon family (Mihon / Tachiyomi / Suwayomi / Komikku / Neko),Manga Ball,mangaball.net,uk,,Manga Ball
Mihon family (Mihon / Tachiyomi / Suwayomi / Komikku / Neko),Manga Ball,mangaball.net,vi,,Manga Ball
Mihon family (Mihon / Tachiyomi / Suwayomi / Komikku / Neko),Manga Ball,mangaball.net,zh,,Manga Ball
Mihon family (Mihon / Tachiyomi / Suwayomi / Komikku / Neko),MangaCrazy,mangacrazy.net,all,NSFW,MangaCrazy
Mihon family (Mihon / Tachiyomi / Suwayomi / Komikku / Neko),MangaDex,mangadex.org,af,,MangaDex
Mihon family (Mihon / Tachiyomi / Suwayomi / Komikku / Neko),MangaDex,mangadex.org,sq,,MangaDex
Mihon family (Mihon / Tachiyomi / Suwayomi / Komikku / Neko),MangaDex,mangadex.org,ar,,MangaDex
Mihon family (Mihon / Tachiyomi / Suwayomi / Komikku / Neko),MangaDex,mangadex.org,az,,MangaDex
Mihon family (Mihon / Tachiyomi / Suwayomi / Komikku / Neko),MangaDex,mangadex.org,eu,,MangaDex
Mihon family (Mihon / Tachiyomi / Suwayomi / Komikku / Neko),MangaDex,mangadex.org,be,,MangaDex
Mihon family (Mihon / Tachiyomi / Suwayomi / Komikku / Neko),MangaDex,mangadex.org,bn,,MangaDex
Mihon family (Mihon / Tachiyomi / Suwayomi / Komikku / Neko),MangaDex,mangadex.org,bg,,MangaDex
Mihon family (Mihon / Tachiyomi / Suwayomi / Komikku / Neko),MangaDex,mangadex.org,my,,MangaDex
Mihon family (Mihon / Tachiyomi / Suwayomi / Komikku / Neko),MangaDex,mangadex.org,ca,,MangaDex
Mihon family (Mihon / Tachiyomi / Suwayomi / Komikku / Neko),MangaDex,mangadex.org,zh-Hans,,MangaDex
Mihon family (Mihon / Tachiyomi / Suwayomi / Komikku / Neko),MangaDex,mangadex.org,zh-Hant,,MangaDex
Mihon family (Mihon / Tachiyomi / Suwayomi / Komikku / Neko),MangaDex,mangadex.org,cv,,MangaDex
Mihon family (Mihon / Tachiyomi / Suwayomi / Komikku / Neko),MangaDex,mangadex.org,hr,,MangaDex
Mihon family (Mihon / Tachiyomi / Suwayomi / Komikku / Neko),MangaDex,mangadex.org,cs,,MangaDex
Mihon family (Mihon / Tachiyomi / Suwayomi / Komikku / Neko),MangaDex,mangadex.org,da,,MangaDex
Mihon family (Mihon / Tachiyomi / Suwayomi / Komikku / Neko),MangaDex,mangadex.org,nl,,MangaDex
Mihon family (Mihon / Tachiyomi / Suwayomi / Komikku / Neko),MangaDex,mangadex.org,en,,MangaDex
Mihon family (Mihon / Tachiyomi / Suwayomi / Komikku / Neko),MangaDex,mangadex.org,eo,,MangaDex
Mihon family (Mihon / Tachiyomi / Suwayomi / Komikku / Neko),MangaDex,mangadex.org,et,,MangaDex
Mihon family (Mihon / Tachiyomi / Suwayomi / Komikku / Neko),MangaDex,mangadex.org,fil,,MangaDex
Mihon family (Mihon / Tachiyomi / Suwayomi / Komikku / Neko),MangaDex,mangadex.org,fi,,MangaDex
Mihon family (Mihon / Tachiyomi / Suwayomi / Komikku / Neko),MangaDex,mangadex.org,fr,,MangaDex
Mihon family (Mihon / Tachiyomi / Suwayomi / Komikku / Neko),MangaDex,mangadex.org,ka,,MangaDex
Mihon family (Mihon / Tachiyomi / Suwayomi / Komikku / Neko),MangaDex,mangadex.org,de,,MangaDex
Mihon family (Mihon / Tachiyomi / Suwayomi / Komikku / Neko),MangaDex,mangadex.org,el,,MangaDex
Mihon family (Mihon / Tachiyomi / Suwayomi / Komikku / Neko),MangaDex,mangadex.org,he,,MangaDex
Mihon family (Mihon / Tachiyomi / Suwayomi / Komikku / Neko),MangaDex,mangadex.org,hi,,MangaDex
Mihon family (Mihon / Tachiyomi / Suwayomi / Komikku / Neko),MangaDex,mangadex.org,hu,,MangaDex
Mihon family (Mihon / Tachiyomi / Suwayomi / Komikku / Neko),MangaDex,mangadex.org,ga,,MangaDex
Mihon family (Mihon / Tachiyomi / Suwayomi / Komikku / Neko),MangaDex,mangadex.org,id,,MangaDex
Mihon family (Mihon / Tachiyomi / Suwayomi / Komikku / Neko),MangaDex,mangadex.org,it,,MangaDex
Mihon family (Mihon / Tachiyomi / Suwayomi / Komikku / Neko),MangaDex,mangadex.org,ja,,MangaDex
Mihon family (Mihon / Tachiyomi / Suwayomi / Komikku / Neko),MangaDex,mangadex.org,jv,,MangaDex
Mihon family (Mihon / Tachiyomi / Suwayomi / Komikku / Neko),MangaDex,mangadex.org,kk,,MangaDex
Mihon family (Mihon / Tachiyomi / Suwayomi / Komikku / Neko),MangaDex,mangadex.org,ko,,MangaDex
Mihon family (Mihon / Tachiyomi / Suwayomi / Komikku / Neko),MangaDex,mangadex.org,la,,MangaDex
Mihon family (Mihon / Tachiyomi / Suwayomi / Komikku / Neko),MangaDex,mangadex.org,lt,,MangaDex
Mihon family (Mihon / Tachiyomi / Suwayomi / Komikku / Neko),MangaDex,mangadex.org,ms,,MangaDex
Mihon family (Mihon / Tachiyomi / Suwayomi / Komikku / Neko),MangaDex,mangadex.org,mn,,MangaDex
Mihon family (Mihon / Tachiyomi / Suwayomi / Komikku / Neko),MangaDex,mangadex.org,ne,,MangaDex
Mihon family (Mihon / Tachiyomi / Suwayomi / Komikku / Neko),MangaDex,mangadex.org,no,,MangaDex
Mihon family (Mihon / Tachiyomi / Suwayomi / Komikku / Neko),MangaDex,mangadex.org,fa,,MangaDex
Mihon family (Mihon / Tachiyomi / Suwayomi / Komikku / Neko),MangaDex,mangadex.org,pl,,MangaDex
Mihon family (Mihon / Tachiyomi / Suwayomi / Komikku / Neko),MangaDex,mangadex.org,pt-BR,,MangaDex
Mihon family (Mihon / Tachiyomi / Suwayomi / Komikku / Neko),MangaDex,mangadex.org,pt,,MangaDex
Mihon family (Mihon / Tachiyomi / Suwayomi / Komikku / Neko),MangaDex,mangadex.org,ro,,MangaDex
Mihon family (Mihon / Tachiyomi / Suwayomi / Komikku / Neko),MangaDex,mangadex.org,ru,,MangaDex
Mihon family (Mihon / Tachiyomi / Suwayomi / Komikku / Neko),MangaDex,mangadex.org,sr,,MangaDex
Mihon family (Mihon / Tachiyomi / Suwayomi / Komikku / Neko),MangaDex,mangadex.org,sk,,MangaDex
Mihon family (Mihon / Tachiyomi / Suwayomi / Komikku / Neko),MangaDex,mangadex.org,es-419,,MangaDex
Mihon family (Mihon / Tachiyomi / Suwayomi / Komikku / Neko),MangaDex,mangadex.org,es,,MangaDex
Mihon family (Mihon / Tachiyomi / Suwayomi / Komikku / Neko),MangaDex,mangadex.org,sv,,MangaDex
Mihon family (Mihon / Tachiyomi / Suwayomi / Komikku / Neko),MangaDex,mangadex.org,ta,,MangaDex
Mihon family (Mihon / Tachiyomi / Suwayomi / Komikku / Neko),MangaDex,mangadex.org,te,,MangaDex
Mihon family (Mihon / Tachiyomi / Suwayomi / Komikku / Neko),MangaDex,mangadex.org,th,,MangaDex
Mihon family (Mihon / Tachiyomi / Suwayomi / Komikku / Neko),MangaDex,mangadex.org,tr,,MangaDex
Mihon family (Mihon / Tachiyomi / Suwayomi / Komikku / Neko),MangaDex,mangadex.org,uk,,MangaDex
Mihon family (Mihon / Tachiyomi / Suwayomi / Komikku / Neko),MangaDex,mangadex.org,ur,,MangaDex
Mihon family (Mihon / Tachiyomi / Suwayomi / Komikku / Neko),MangaDex,mangadex.org,uz,,MangaDex
Mihon family (Mihon / Tachiyomi / Suwayomi / Komikku / Neko),MangaDex,mangadex.org,vi,,MangaDex
Mihon family (Mihon / Tachiyomi / Suwayomi / Komikku / Neko),MangaDNA,mangadna.com,en,,MangaDNA
Mihon family (Mihon / Tachiyomi / Suwayomi / Komikku / Neko),MangaDNA,mangadna.com,all,,MangaDNA
Mihon family (Mihon / Tachiyomi / Suwayomi / Komikku / Neko),MangaDraft,mangadraft.com,all,,Manga Draft
Mihon family (Mihon / Tachiyomi / Suwayomi / Komikku / Neko),MangaFire,mangafire.to,en,,MangaFire
Mihon family (Mihon / Tachiyomi / Suwayomi / Komikku / Neko),MangaFire,mangafire.to,es,,MangaFire
Mihon family (Mihon / Tachiyomi / Suwayomi / Komikku / Neko),MangaFire,mangafire.to,es-419,,MangaFire
Mihon family (Mihon / Tachiyomi / Suwayomi / Komikku / Neko),MangaFire,mangafire.to,fr,,MangaFire
Mihon family (Mihon / Tachiyomi / Suwayomi / Komikku / Neko),MangaFire,mangafire.to,ja,,MangaFire
Mihon family (Mihon / Tachiyomi / Suwayomi / Komikku / Neko),MangaFire,mangafire.to,pt,,MangaFire
Mihon family (Mihon / Tachiyomi / Suwayomi / Komikku / Neko),MangaFire,mangafire.to,pt-BR,,MangaFire
Mihon family (Mihon / Tachiyomi / Suwayomi / Komikku / Neko),MangaForFree.net,mangaforfree.net,en,NSFW,MangaForFree.net
Mihon family (Mihon / Tachiyomi / Suwayomi / Komikku / Neko),MangaForFree.net,mangaforfree.net,ko,NSFW,MangaForFree.net
Mihon family (Mihon / Tachiyomi / Suwayomi / Komikku / Neko),MangaForFree.net,mangaforfree.net,all,NSFW,MangaForFree.net
Mihon family (Mihon / Tachiyomi / Suwayomi / Komikku / Neko),Manga Million,mangamillion.shueisha.co.jp,en,,Manga Million
Mihon family (Mihon / Tachiyomi / Suwayomi / Komikku / Neko),Manga Million,mangamillion.shueisha.co.jp,zh-TW,,Manga Million
Mihon family (Mihon / Tachiyomi / Suwayomi / Komikku / Neko),Manga Million,mangamillion.shueisha.co.jp,th,,Manga Million
Mihon family (Mihon / Tachiyomi / Suwayomi / Komikku / Neko),Manga Million,mangamillion.shueisha.co.jp,fr,,Manga Million
Mihon family (Mihon / Tachiyomi / Suwayomi / Komikku / Neko),Manga Million,mangamillion.shueisha.co.jp,ko-KR,,Manga Million
Mihon family (Mihon / Tachiyomi / Suwayomi / Komikku / Neko),Manga Million,mangamillion.shueisha.co.jp,es,,Manga Million
Mihon family (Mihon / Tachiyomi / Suwayomi / Komikku / Neko),Manga Million,mangamillion.shueisha.co.jp,it,,Manga Million
Mihon family (Mihon / Tachiyomi / Suwayomi / Komikku / Neko),Manga Million,mangamillion.shueisha.co.jp,de,,Manga Million
Mihon family (Mihon / Tachiyomi / Suwayomi / Komikku / Neko),Manga Million,mangamillion.shueisha.co.jp,pt-BR,,Manga Million
Mihon family (Mihon / Tachiyomi / Suwayomi / Komikku / Neko),Manga Million,mangamillion.shueisha.co.jp,es-MX,,Manga Million
Mihon family (Mihon / Tachiyomi / Suwayomi / Komikku / Neko),Manga Million,mangamillion.shueisha.co.jp,zh-CN,,Manga Million
Mihon family (Mihon / Tachiyomi / Suwayomi / Komikku / Neko),Manga Million,mangamillion.shueisha.co.jp,es-AR,,Manga Million
Mihon family (Mihon / Tachiyomi / Suwayomi / Komikku / Neko),Manga Million,mangamillion.shueisha.co.jp,pl,,Manga Million
Mihon family (Mihon / Tachiyomi / Suwayomi / Komikku / Neko),Manga Million,mangamillion.shueisha.co.jp,vi,,Manga Million
Mihon family (Mihon / Tachiyomi / Suwayomi / Komikku / Neko),Manga Million,mangamillion.shueisha.co.jp,el,,Manga Million
Mihon family (Mihon / Tachiyomi / Suwayomi / Komikku / Neko),Manga Million,mangamillion.shueisha.co.jp,sv,,Manga Million
Mihon family (Mihon / Tachiyomi / Suwayomi / Komikku / Neko),Manga Million,mangamillion.shueisha.co.jp,tl,,Manga Million
Mihon family (Mihon / Tachiyomi / Suwayomi / Komikku / Neko),Manga Million,mangamillion.shueisha.co.jp,id,,Manga Million
Mihon family (Mihon / Tachiyomi / Suwayomi / Komikku / Neko),Manga Million,mangamillion.shueisha.co.jp,hi,,Manga Million
Mihon family (Mihon / Tachiyomi / Suwayomi / Komikku / Neko),Manga Million,mangamillion.shueisha.co.jp,km,,Manga Million
Mihon family (Mihon / Tachiyomi / Suwayomi / Komikku / Neko),Manga Million,mangamillion.shueisha.co.jp,tr,,Manga Million
Mihon family (Mihon / Tachiyomi / Suwayomi / Komikku / Neko),Manga Million,mangamillion.shueisha.co.jp,zh-HK,,Manga Million
Mihon family (Mihon / Tachiyomi / Suwayomi / Komikku / Neko),Manga Million,mangamillion.shueisha.co.jp,cs,,Manga Million
Mihon family (Mihon / Tachiyomi / Suwayomi / Komikku / Neko),Manga Million,mangamillion.shueisha.co.jp,ru,,Manga Million
Mihon family (Mihon / Tachiyomi / Suwayomi / Komikku / Neko),Manga Million,mangamillion.shueisha.co.jp,pt,,Manga Million
Mihon family (Mihon / Tachiyomi / Suwayomi / Komikku / Neko),Manga Million,mangamillion.shueisha.co.jp,ar,,Manga Million
Mihon family (Mihon / Tachiyomi / Suwayomi / Komikku / Neko),Manga Million,mangamillion.shueisha.co.jp,ca,,Manga Million
Mihon family (Mihon / Tachiyomi / Suwayomi / Komikku / Neko),Manga Million,mangamillion.shueisha.co.jp,zu,,Manga Million
Mihon family (Mihon / Tachiyomi / Suwayomi / Komikku / Neko),Manga Million,mangamillion.shueisha.co.jp,hu,,Manga Million
Mihon family (Mihon / Tachiyomi / Suwayomi / Komikku / Neko),Manga Million,mangamillion.shueisha.co.jp,fi,,Manga Million
Mihon family (Mihon / Tachiyomi / Suwayomi / Komikku / Neko),Manga Million,mangamillion.shueisha.co.jp,sr,,Manga Million
Mihon family (Mihon / Tachiyomi / Suwayomi / Komikku / Neko),Manga Million,mangamillion.shueisha.co.jp,ro,,Manga Million
Mihon family (Mihon / Tachiyomi / Suwayomi / Komikku / Neko),Manga Million,mangamillion.shueisha.co.jp,ms,,Manga Million
Mihon family (Mihon / Tachiyomi / Suwayomi / Komikku / Neko),Manga Million,mangamillion.shueisha.co.jp,nl,,Manga Million
Mihon family (Mihon / Tachiyomi / Suwayomi / Komikku / Neko),Manga Million,mangamillion.shueisha.co.jp,da,,Manga Million
Mihon family (Mihon / Tachiyomi / Suwayomi / Komikku / Neko),Manga Million,mangamillion.shueisha.co.jp,no,,Manga Million
Mihon family (Mihon / Tachiyomi / Suwayomi / Komikku / Neko),Manga Million,mangamillion.shueisha.co.jp,af,,Manga Million
Mihon family (Mihon / Tachiyomi / Suwayomi / Komikku / Neko),Manga Million,mangamillion.shueisha.co.jp,am,,Manga Million
Mihon family (Mihon / Tachiyomi / Suwayomi / Komikku / Neko),Manga Million,mangamillion.shueisha.co.jp,as,,Manga Million
Mihon family (Mihon / Tachiyomi / Suwayomi / Komikku / Neko),Manga Million,mangamillion.shueisha.co.jp,be,,Manga Million
Mihon family (Mihon / Tachiyomi / Suwayomi / Komikku / Neko),Manga Million,mangamillion.shueisha.co.jp,bg,,Manga Million
Mihon family (Mihon / Tachiyomi / Suwayomi / Komikku / Neko),Manga Million,mangamillion.shueisha.co.jp,bho,,Manga Million
Mihon family (Mihon / Tachiyomi / Suwayomi / Komikku / Neko),Manga Million,mangamillion.shueisha.co.jp,bo,,Manga Million
Mihon family (Mihon / Tachiyomi / Suwayomi / Komikku / Neko),Manga Million,mangamillion.shueisha.co.jp,ceb,,Manga Million
Mihon family (Mihon / Tachiyomi / Suwayomi / Komikku / Neko),Manga Million,mangamillion.shueisha.co.jp,cnr,,Manga Million
Mihon family (Mihon / Tachiyomi / Suwayomi / Komikku / Neko),Manga Million,mangamillion.shueisha.co.jp,cy,,Manga Million
Mihon family (Mihon / Tachiyomi / Suwayomi / Komikku / Neko),Manga Million,mangamillion.shueisha.co.jp,doi,,Manga Million
Mihon family (Mihon / Tachiyomi / Suwayomi / Komikku / Neko),Manga Million,mangamillion.shueisha.co.jp,dv,,Manga Million
Mihon family (Mihon / Tachiyomi / Suwayomi / Komikku / Neko),Manga Million,mangamillion.shueisha.co.jp,ee,,Manga Million
Mihon family (Mihon / Tachiyomi / Suwayomi / Komikku / Neko),Manga Million,mangamillion.shueisha.co.jp,et,,Manga Million
Mihon family (Mihon / Tachiyomi / Suwayomi / Komikku / Neko),Manga Million,mangamillion.shueisha.co.jp,eu,,Manga Million
Mihon family (Mihon / Tachiyomi / Suwayomi / Komikku / Neko),Manga Million,mangamillion.shueisha.co.jp,ga,,Manga Million
Mihon family (Mihon / Tachiyomi / Suwayomi / Komikku / Neko),Manga Million,mangamillion.shueisha.co.jp,gl,,Manga Million
Mihon family (Mihon / Tachiyomi / Suwayomi / Komikku / Neko),Manga Million,mangamillion.shueisha.co.jp,gn,,Manga Million
Mihon family (Mihon / Tachiyomi / Suwayomi / Komikku / Neko),Manga Million,mangamillion.shueisha.co.jp,gu,,Manga Million
Mihon family (Mihon / Tachiyomi / Suwayomi / Komikku / Neko),Manga Million,mangamillion.shueisha.co.jp,haw,,Manga Million
Mihon family (Mihon / Tachiyomi / Suwayomi / Komikku / Neko),Manga Million,mangamillion.shueisha.co.jp,he,,Manga Million
Mihon family (Mihon / Tachiyomi / Suwayomi / Komikku / Neko),Manga Million,mangamillion.shueisha.co.jp,hmn,,Manga Million
Mihon family (Mihon / Tachiyomi / Suwayomi / Komikku / Neko),Manga Million,mangamillion.shueisha.co.jp,hr,,Manga Million
Mihon family (Mihon / Tachiyomi / Suwayomi / Komikku / Neko),Manga Million,mangamillion.shueisha.co.jp,hy,,Manga Million
Mihon family (Mihon / Tachiyomi / Suwayomi / Komikku / Neko),Manga Million,mangamillion.shueisha.co.jp,ig,,Manga Million
Mihon family (Mihon / Tachiyomi / Suwayomi / Komikku / Neko),Manga Million,mangamillion.shueisha.co.jp,ilo,,Manga Million
Mihon family (Mihon / Tachiyomi / Suwayomi / Komikku / Neko),Manga Million,mangamillion.shueisha.co.jp,is,,Manga Million
Mihon family (Mihon / Tachiyomi / Suwayomi / Komikku / Neko),Manga Million,mangamillion.shueisha.co.jp,ka,,Manga Million
Mihon family (Mihon / Tachiyomi / Suwayomi / Komikku / Neko),Manga Million,mangamillion.shueisha.co.jp,kn,,Manga Million
Mihon family (Mihon / Tachiyomi / Suwayomi / Komikku / Neko),Manga Million,mangamillion.shueisha.co.jp,kok,,Manga Million
Mihon family (Mihon / Tachiyomi / Suwayomi / Komikku / Neko),Manga Million,mangamillion.shueisha.co.jp,la,,Manga Million
Mihon family (Mihon / Tachiyomi / Suwayomi / Komikku / Neko),Manga Million,mangamillion.shueisha.co.jp,lb,,Manga Million
Mihon family (Mihon / Tachiyomi / Suwayomi / Komikku / Neko),Manga Million,mangamillion.shueisha.co.jp,lg,,Manga Million
Mihon family (Mihon / Tachiyomi / Suwayomi / Komikku / Neko),Manga Million,mangamillion.shueisha.co.jp,ln,,Manga Million
Mihon family (Mihon / Tachiyomi / Suwayomi / Komikku / Neko),Manga Million,mangamillion.shueisha.co.jp,lo,,Manga Million
Mihon family (Mihon / Tachiyomi / Suwayomi / Komikku / Neko),Manga Million,mangamillion.shueisha.co.jp,lt,,Manga Million
Mihon family (Mihon / Tachiyomi / Suwayomi / Komikku / Neko),Manga Million,mangamillion.shueisha.co.jp,lus,,Manga Million
Mihon family (Mihon / Tachiyomi / Suwayomi / Komikku / Neko),Manga Million,mangamillion.shueisha.co.jp,lv,,Manga Million
Mihon family (Mihon / Tachiyomi / Suwayomi / Komikku / Neko),Manga Million,mangamillion.shueisha.co.jp,mai,,Manga Million
Mihon family (Mihon / Tachiyomi / Suwayomi / Komikku / Neko),Manga Million,mangamillion.shueisha.co.jp,mg,,Manga Million
Mihon family (Mihon / Tachiyomi / Suwayomi / Komikku / Neko),Manga Million,mangamillion.shueisha.co.jp,mi,,Manga Million
Mihon family (Mihon / Tachiyomi / Suwayomi / Komikku / Neko),Manga Million,mangamillion.shueisha.co.jp,mk,,Manga Million
Mihon family (Mihon / Tachiyomi / Suwayomi / Komikku / Neko),Manga Million,mangamillion.shueisha.co.jp,ml,,Manga Million
Mihon family (Mihon / Tachiyomi / Suwayomi / Komikku / Neko),Manga Million,mangamillion.shueisha.co.jp,mn,,Manga Million
Mihon family (Mihon / Tachiyomi / Suwayomi / Komikku / Neko),Manga Million,mangamillion.shueisha.co.jp,mni,,Manga Million
Mihon family (Mihon / Tachiyomi / Suwayomi / Komikku / Neko),Manga Million,mangamillion.shueisha.co.jp,mr,,Manga Million
Mihon family (Mihon / Tachiyomi / Suwayomi / Komikku / Neko),Manga Million,mangamillion.shueisha.co.jp,mt,,Manga Million
Mihon family (Mihon / Tachiyomi / Suwayomi / Komikku / Neko),Manga Million,mangamillion.shueisha.co.jp,mww,,Manga Million
Mihon family (Mihon / Tachiyomi / Suwayomi / Komikku / Neko),Manga Million,mangamillion.shueisha.co.jp,my,,Manga Million
Mihon family (Mihon / Tachiyomi / Suwayomi / Komikku / Neko),Manga Million,mangamillion.shueisha.co.jp,ne,,Manga Million
Mihon family (Mihon / Tachiyomi / Suwayomi / Komikku / Neko),Manga Million,mangamillion.shueisha.co.jp,nso,,Manga Million
Mihon family (Mihon / Tachiyomi / Suwayomi / Komikku / Neko),Manga Million,mangamillion.shueisha.co.jp,ny,,Manga Million
Mihon family (Mihon / Tachiyomi / Suwayomi / Komikku / Neko),Manga Million,mangamillion.shueisha.co.jp,or,,Manga Million
Mihon family (Mihon / Tachiyomi / Suwayomi / Komikku / Neko),Manga Million,mangamillion.shueisha.co.jp,pa,,Manga Million
Mihon family (Mihon / Tachiyomi / Suwayomi / Komikku / Neko),Manga Million,mangamillion.shueisha.co.jp,qu,,Manga Million
Mihon family (Mihon / Tachiyomi / Suwayomi / Komikku / Neko),Manga Million,mangamillion.shueisha.co.jp,ro-MD,,Manga Million
Mihon family (Mihon / Tachiyomi / Suwayomi / Komikku / Neko),Manga Million,mangamillion.shueisha.co.jp,rw,,Manga Million
Mihon family (Mihon / Tachiyomi / Suwayomi / Komikku / Neko),Manga Million,mangamillion.shueisha.co.jp,sa,,Manga Million
Mihon family (Mihon / Tachiyomi / Suwayomi / Komikku / Neko),Manga Million,mangamillion.shueisha.co.jp,sd,,Manga Million
Mihon family (Mihon / Tachiyomi / Suwayomi / Komikku / Neko),Manga Million,mangamillion.shueisha.co.jp,si,,Manga Million
Mihon family (Mihon / Tachiyomi / Suwayomi / Komikku / Neko),Manga Million,mangamillion.shueisha.co.jp,sk,,Manga Million
Mihon family (Mihon / Tachiyomi / Suwayomi / Komikku / Neko),Manga Million,mangamillion.shueisha.co.jp,sl,,Manga Million
Mihon family (Mihon / Tachiyomi / Suwayomi / Komikku / Neko),Manga Million,mangamillion.shueisha.co.jp,sm,,Manga Million
Mihon family (Mihon / Tachiyomi / Suwayomi / Komikku / Neko),Manga Million,mangamillion.shueisha.co.jp,sn,,Manga Million
Mihon family (Mihon / Tachiyomi / Suwayomi / Komikku / Neko),Manga Million,mangamillion.shueisha.co.jp,sw,,Manga Million
Mihon family (Mihon / Tachiyomi / Suwayomi / Komikku / Neko),Manga Million,mangamillion.shueisha.co.jp,ta,,Manga Million
Mihon family (Mihon / Tachiyomi / Suwayomi / Komikku / Neko),Manga Million,mangamillion.shueisha.co.jp,te,,Manga Million
Mihon family (Mihon / Tachiyomi / Suwayomi / Komikku / Neko),Manga Million,mangamillion.shueisha.co.jp,ts,,Manga Million
Mihon family (Mihon / Tachiyomi / Suwayomi / Komikku / Neko),Manga Million,mangamillion.shueisha.co.jp,uk,,Manga Million
Mihon family (Mihon / Tachiyomi / Suwayomi / Komikku / Neko),Manga Million,mangamillion.shueisha.co.jp,xh,,Manga Million
Mihon family (Mihon / Tachiyomi / Suwayomi / Komikku / Neko),Manga Million,mangamillion.shueisha.co.jp,yi,,Manga Million
Mihon family (Mihon / Tachiyomi / Suwayomi / Komikku / Neko),Manga Million,mangamillion.shueisha.co.jp,yo,,Manga Million
Mihon family (Mihon / Tachiyomi / Suwayomi / Komikku / Neko),MANGA Plus by SHUEISHA,mangaplus.shueisha.co.jp,en,,MANGA Plus by SHUEISHA
Mihon family (Mihon / Tachiyomi / Suwayomi / Komikku / Neko),MANGA Plus by SHUEISHA,mangaplus.shueisha.co.jp,es,,MANGA Plus by SHUEISHA
Mihon family (Mihon / Tachiyomi / Suwayomi / Komikku / Neko),MANGA Plus by SHUEISHA,mangaplus.shueisha.co.jp,fr,,MANGA Plus by SHUEISHA
Mihon family (Mihon / Tachiyomi / Suwayomi / Komikku / Neko),MANGA Plus by SHUEISHA,mangaplus.shueisha.co.jp,id,,MANGA Plus by SHUEISHA
Mihon family (Mihon / Tachiyomi / Suwayomi / Komikku / Neko),MANGA Plus by SHUEISHA,mangaplus.shueisha.co.jp,pt-BR,,MANGA Plus by SHUEISHA
Mihon family (Mihon / Tachiyomi / Suwayomi / Komikku / Neko),MANGA Plus by SHUEISHA,mangaplus.shueisha.co.jp,ru,,MANGA Plus by SHUEISHA
Mihon family (Mihon / Tachiyomi / Suwayomi / Komikku / Neko),MANGA Plus by SHUEISHA,mangaplus.shueisha.co.jp,th,,MANGA Plus by SHUEISHA
Mihon family (Mihon / Tachiyomi / Suwayomi / Komikku / Neko),MANGA Plus by SHUEISHA,mangaplus.shueisha.co.jp,vi,,MANGA Plus by SHUEISHA
Mihon family (Mihon / Tachiyomi / Suwayomi / Komikku / Neko),MANGA Plus by SHUEISHA,mangaplus.shueisha.co.jp,de,,MANGA Plus by SHUEISHA
Mihon family (Mihon / Tachiyomi / Suwayomi / Komikku / Neko),MANGA Plus Creators by SHUEISHA,mangaplus-creators.jp,en,,MANGA Plus Creators by SHUEISHA
Mihon family (Mihon / Tachiyomi / Suwayomi / Komikku / Neko),MANGA Plus Creators by SHUEISHA,mangaplus-creators.jp,es,,MANGA Plus Creators by SHUEISHA
Mihon family (Mihon / Tachiyomi / Suwayomi / Komikku / Neko),MangaTaro,mangataro.org,en,,MangaTaro
Mihon family (Mihon / Tachiyomi / Suwayomi / Komikku / Neko),MangaToon (Limited),mangatoon.mobi,zh,,MangaToon (Limited)
Mihon family (Mihon / Tachiyomi / Suwayomi / Komikku / Neko),MangaToon (Limited),mangatoon.mobi,en,,MangaToon (Limited)
Mihon family (Mihon / Tachiyomi / Suwayomi / Komikku / Neko),MangaToon (Limited),mangatoon.mobi,id,,MangaToon (Limited)
Mihon family (Mihon / Tachiyomi / Suwayomi / Komikku / Neko),MangaToon (Limited),mangatoon.mobi,vi,,MangaToon (Limited)
Mihon family (Mihon / Tachiyomi / Suwayomi / Komikku / Neko),MangaToon (Limited),mangatoon.mobi,es,,MangaToon (Limited)
Mihon family (Mihon / Tachiyomi / Suwayomi / Komikku / Neko),MangaToon (Limited),mangatoon.mobi,th,,MangaToon (Limited)
Mihon family (Mihon / Tachiyomi / Suwayomi / Komikku / Neko),MangaToon (Limited),mangatoon.mobi,fr,,MangaToon (Limited)
Mihon family (Mihon / Tachiyomi / Suwayomi / Komikku / Neko),MangaToon (Limited),mangatoon.mobi,ja,,MangaToon (Limited)
Mihon family (Mihon / Tachiyomi / Suwayomi / Komikku / Neko),MangaToon (Limited),mangatoon.mobi,pt-BR,,MangaToon (Limited)
Mihon family (Mihon / Tachiyomi / Suwayomi / Komikku / Neko),Manga UP!,global.manga-up.com,en,,Manga UP!
Mihon family (Mihon / Tachiyomi / Suwayomi / Komikku / Neko),Mango,127.0.0.1,en,,Mango
Mihon family (Mihon / Tachiyomi / Suwayomi / Komikku / Neko),Manhuarm,manhuarmtl.com,ar,,Manhuarm
Mihon family (Mihon / Tachiyomi / Suwayomi / Komikku / Neko),Manhuarm,manhuarmtl.com,en,,Manhuarm
Mihon family (Mihon / Tachiyomi / Suwayomi / Komikku / Neko),Manhuarm,manhuarmtl.com,es,,Manhuarm
Mihon family (Mihon / Tachiyomi / Suwayomi / Komikku / Neko),Manhuarm,manhuarmtl.com,fr,,Manhuarm
Mihon family (Mihon / Tachiyomi / Suwayomi / Komikku / Neko),Manhuarm,manhuarmtl.com,id,,Manhuarm
Mihon family (Mihon / Tachiyomi / Suwayomi / Komikku / Neko),Manhuarm,manhuarmtl.com,it,,Manhuarm
Mihon family (Mihon / Tachiyomi / Suwayomi / Komikku / Neko),Manhuarm,manhuarmtl.com,pt-BR,,Manhuarm
Mihon family (Mihon / Tachiyomi / Suwayomi / Komikku / Neko),Manhwa18.cc,manhwa18.cc,en,NSFW,Manhwa18.cc
Mihon family (Mihon / Tachiyomi / Suwayomi / Komikku / Neko),Manhwa18.cc,manhwa18.cc,ko,NSFW,Manhwa18.cc
Mihon family (Mihon / Tachiyomi / Suwayomi / Komikku / Neko),Manhwa18.cc,manhwa18.cc,all,NSFW,Manhwa18.cc
Mihon family (Mihon / Tachiyomi / Suwayomi / Komikku / Neko),Manhwa18.Net,manhwa18.net,en,NSFW,Manhwa18.net
Mihon family (Mihon / Tachiyomi / Suwayomi / Komikku / Neko),ManhwaClub.net,manhwaclub.net,en,NSFW,ManhwaClub.net
Mihon family (Mihon / Tachiyomi / Suwayomi / Komikku / Neko),ManhwaClub.net,manhwaclub.net,ko,NSFW,ManhwaClub.net
Mihon family (Mihon / Tachiyomi / Suwayomi / Komikku / Neko),Manhwa-raw,manhwa-raw.com,all,NSFW,Manhwa-raw
Mihon family (Mihon / Tachiyomi / Suwayomi / Komikku / Neko),Manta,manta.net,en,,Manta Comics
Mihon family (Mihon / Tachiyomi / Suwayomi / Komikku / Neko),Manta,manta.net,es,,Manta Comics
Mihon family (Mihon / Tachiyomi / Suwayomi / Komikku / Neko),MayoTune,mayochuu.xyz,en,,MayoTune
Mihon family (Mihon / Tachiyomi / Suwayomi / Komikku / Neko),MayoTune,mayochuu.xyz,ja,,MayoTune
Mihon family (Mihon / Tachiyomi / Suwayomi / Komikku / Neko),Metart Hunter,metarthunter.com,all,NSFW,Metart Hunter
Mihon family (Mihon / Tachiyomi / Suwayomi / Komikku / Neko),Miau Scan,leemiau.com,es,,Miau Scan
Mihon family (Mihon / Tachiyomi / Suwayomi / Komikku / Neko),Miau Scan,leemiau.com,pt-BR,,Miau Scan
Mihon family (Mihon / Tachiyomi / Suwayomi / Komikku / Neko),MissKon,misskon.com,all,NSFW,MissKon
Mihon family (Mihon / Tachiyomi / Suwayomi / Komikku / Neko),Mitaku,mitaku.net,all,NSFW,Mitaku
Mihon family (Mihon / Tachiyomi / Suwayomi / Komikku / Neko),MyReadingManga,myreadingmanga.info,ar,NSFW,MyReadingManga
Mihon family (Mihon / Tachiyomi / Suwayomi / Komikku / Neko),MyReadingManga,myreadingmanga.info,id,NSFW,MyReadingManga
Mihon family (Mihon / Tachiyomi / Suwayomi / Komikku / Neko),MyReadingManga,myreadingmanga.info,zh,NSFW,MyReadingManga
Mihon family (Mihon / Tachiyomi / Suwayomi / Komikku / Neko),MyReadingManga,myreadingmanga.info,en,NSFW,MyReadingManga
Mihon family (Mihon / Tachiyomi / Suwayomi / Komikku / Neko),MyReadingManga,myreadingmanga.info,de,NSFW,MyReadingManga
Mihon family (Mihon / Tachiyomi / Suwayomi / Komikku / Neko),MyReadingManga,myreadingmanga.info,it,NSFW,MyReadingManga
Mihon family (Mihon / Tachiyomi / Suwayomi / Komikku / Neko),MyReadingManga,myreadingmanga.info,ja,NSFW,MyReadingManga
Mihon family (Mihon / Tachiyomi / Suwayomi / Komikku / Neko),MyReadingManga,myreadingmanga.info,ko,NSFW,MyReadingManga
Mihon family (Mihon / Tachiyomi / Suwayomi / Komikku / Neko),MyReadingManga,myreadingmanga.info,pt-BR,NSFW,MyReadingManga
Mihon family (Mihon / Tachiyomi / Suwayomi / Komikku / Neko),MyReadingManga,myreadingmanga.info,ru,NSFW,MyReadingManga
Mihon family (Mihon / Tachiyomi / Suwayomi / Komikku / Neko),MyReadingManga,myreadingmanga.info,es,NSFW,MyReadingManga
Mihon family (Mihon / Tachiyomi / Suwayomi / Komikku / Neko),MyReadingManga,myreadingmanga.info,tr,NSFW,MyReadingManga
Mihon family (Mihon / Tachiyomi / Suwayomi / Komikku / Neko),MyReadingManga,myreadingmanga.info,vi,NSFW,MyReadingManga
Mihon family (Mihon / Tachiyomi / Suwayomi / Komikku / Neko),NamiComi,namicomi.com,en,,NamiComi
Mihon family (Mihon / Tachiyomi / Suwayomi / Komikku / Neko),NamiComi,namicomi.com,ar,,NamiComi
Mihon family (Mihon / Tachiyomi / Suwayomi / Komikku / Neko),NamiComi,namicomi.com,bg,,NamiComi
Mihon family (Mihon / Tachiyomi / Suwayomi / Komikku / Neko),NamiComi,namicomi.com,ca,,NamiComi
Mihon family (Mihon / Tachiyomi / Suwayomi / Komikku / Neko),NamiComi,namicomi.com,zh-Hans,,NamiComi
Mihon family (Mihon / Tachiyomi / Suwayomi / Komikku / Neko),NamiComi,namicomi.com,zh-Hant,,NamiComi
Mihon family (Mihon / Tachiyomi / Suwayomi / Komikku / Neko),NamiComi,namicomi.com,hr,,NamiComi
Mihon family (Mihon / Tachiyomi / Suwayomi / Komikku / Neko),NamiComi,namicomi.com,cs,,NamiComi
Mihon family (Mihon / Tachiyomi / Suwayomi / Komikku / Neko),NamiComi,namicomi.com,da,,NamiComi
Mihon family (Mihon / Tachiyomi / Suwayomi / Komikku / Neko),NamiComi,namicomi.com,nl,,NamiComi
Mihon family (Mihon / Tachiyomi / Suwayomi / Komikku / Neko),NamiComi,namicomi.com,et,,NamiComi
Mihon family (Mihon / Tachiyomi / Suwayomi / Komikku / Neko),NamiComi,namicomi.com,fil,,NamiComi
Mihon family (Mihon / Tachiyomi / Suwayomi / Komikku / Neko),NamiComi,namicomi.com,fi,,NamiComi
Mihon family (Mihon / Tachiyomi / Suwayomi / Komikku / Neko),NamiComi,namicomi.com,fr,,NamiComi
Mihon family (Mihon / Tachiyomi / Suwayomi / Komikku / Neko),NamiComi,namicomi.com,de,,NamiComi
Mihon family (Mihon / Tachiyomi / Suwayomi / Komikku / Neko),NamiComi,namicomi.com,el,,NamiComi
Mihon family (Mihon / Tachiyomi / Suwayomi / Komikku / Neko),NamiComi,namicomi.com,he,,NamiComi
Mihon family (Mihon / Tachiyomi / Suwayomi / Komikku / Neko),NamiComi,namicomi.com,hi,,NamiComi
Mihon family (Mihon / Tachiyomi / Suwayomi / Komikku / Neko),NamiComi,namicomi.com,hu,,NamiComi
Mihon family (Mihon / Tachiyomi / Suwayomi / Komikku / Neko),NamiComi,namicomi.com,is,,NamiComi
Mihon family (Mihon / Tachiyomi / Suwayomi / Komikku / Neko),NamiComi,namicomi.com,ga,,NamiComi
Mihon family (Mihon / Tachiyomi / Suwayomi / Komikku / Neko),NamiComi,namicomi.com,id,,NamiComi
Mihon family (Mihon / Tachiyomi / Suwayomi / Komikku / Neko),NamiComi,namicomi.com,it,,NamiComi
Mihon family (Mihon / Tachiyomi / Suwayomi / Komikku / Neko),NamiComi,namicomi.com,ja,,NamiComi
Mihon family (Mihon / Tachiyomi / Suwayomi / Komikku / Neko),NamiComi,namicomi.com,ko,,NamiComi
Mihon family (Mihon / Tachiyomi / Suwayomi / Komikku / Neko),NamiComi,namicomi.com,lt,,NamiComi
Mihon family (Mihon / Tachiyomi / Suwayomi / Komikku / Neko),NamiComi,namicomi.com,ms,,NamiComi
Mihon family (Mihon / Tachiyomi / Suwayomi / Komikku / Neko),NamiComi,namicomi.com,ne,,NamiComi
Mihon family (Mihon / Tachiyomi / Suwayomi / Komikku / Neko),NamiComi,namicomi.com,no,,NamiComi
Mihon family (Mihon / Tachiyomi / Suwayomi / Komikku / Neko),NamiComi,namicomi.com,pa,,NamiComi
Mihon family (Mihon / Tachiyomi / Suwayomi / Komikku / Neko),NamiComi,namicomi.com,fa,,NamiComi
Mihon family (Mihon / Tachiyomi / Suwayomi / Komikku / Neko),NamiComi,namicomi.com,pl,,NamiComi
Mihon family (Mihon / Tachiyomi / Suwayomi / Komikku / Neko),NamiComi,namicomi.com,pt-BR,,NamiComi
Mihon family (Mihon / Tachiyomi / Suwayomi / Komikku / Neko),NamiComi,namicomi.com,pt,,NamiComi
Mihon family (Mihon / Tachiyomi / Suwayomi / Komikku / Neko),NamiComi,namicomi.com,ru,,NamiComi
Mihon family (Mihon / Tachiyomi / Suwayomi / Komikku / Neko),NamiComi,namicomi.com,sk,,NamiComi
Mihon family (Mihon / Tachiyomi / Suwayomi / Komikku / Neko),NamiComi,namicomi.com,sl,,NamiComi
Mihon family (Mihon / Tachiyomi / Suwayomi / Komikku / Neko),NamiComi,namicomi.com,es-419,,NamiComi
Mihon family (Mihon / Tachiyomi / Suwayomi / Komikku / Neko),NamiComi,namicomi.com,es,,NamiComi
Mihon family (Mihon / Tachiyomi / Suwayomi / Komikku / Neko),NamiComi,namicomi.com,sv,,NamiComi
Mihon family (Mihon / Tachiyomi / Suwayomi / Komikku / Neko),NamiComi,namicomi.com,th,,NamiComi
Mihon family (Mihon / Tachiyomi / Suwayomi / Komikku / Neko),NamiComi,namicomi.com,tr,,NamiComi
Mihon family (Mihon / Tachiyomi / Suwayomi / Komikku / Neko),NamiComi,namicomi.com,uk,,NamiComi
Mihon family (Mihon / Tachiyomi / Suwayomi / Komikku / Neko),nHentai.com (unoriginal),nhentai.com,all,NSFW,nHentai.com (unoriginal)
Mihon family (Mihon / Tachiyomi / Suwayomi / Komikku / Neko),nHentai.com (unoriginal),nhentai.com,zh,NSFW,nHentai.com (unoriginal)
Mihon family (Mihon / Tachiyomi / Suwayomi / Komikku / Neko),nHentai.com (unoriginal),nhentai.com,en,NSFW,nHentai.com (unoriginal)
Mihon family (Mihon / Tachiyomi / Suwayomi / Komikku / Neko),nHentai.com (unoriginal),nhentai.com,ja,NSFW,nHentai.com (unoriginal)
Mihon family (Mihon / Tachiyomi / Suwayomi / Komikku / Neko),nHentai.com (unoriginal),nhentai.com,other,NSFW,nHentai.com (unoriginal)
Mihon family (Mihon / Tachiyomi / Suwayomi / Komikku / Neko),nHentai.com (unoriginal),nhentai.com,ar,NSFW,nHentai.com (unoriginal)
Mihon family (Mihon / Tachiyomi / Suwayomi / Komikku / Neko),nHentai.com (unoriginal),nhentai.com,jv,NSFW,nHentai.com (unoriginal)
Mihon family (Mihon / Tachiyomi / Suwayomi / Komikku / Neko),nHentai.com (unoriginal),nhentai.com,bg,NSFW,nHentai.com (unoriginal)
Mihon family (Mihon / Tachiyomi / Suwayomi / Komikku / Neko),nHentai.com (unoriginal),nhentai.com,cs,NSFW,nHentai.com (unoriginal)
Mihon family (Mihon / Tachiyomi / Suwayomi / Komikku / Neko),nHentai.com (unoriginal),nhentai.com,uk,NSFW,nHentai.com (unoriginal)
Mihon family (Mihon / Tachiyomi / Suwayomi / Komikku / Neko),nHentai.com (unoriginal),nhentai.com,sk,NSFW,nHentai.com (unoriginal)
Mihon family (Mihon / Tachiyomi / Suwayomi / Komikku / Neko),nHentai.com (unoriginal),nhentai.com,eo,NSFW,nHentai.com (unoriginal)
Mihon family (Mihon / Tachiyomi / Suwayomi / Komikku / Neko),nHentai.com (unoriginal),nhentai.com,mn,NSFW,nHentai.com (unoriginal)
Mihon family (Mihon / Tachiyomi / Suwayomi / Komikku / Neko),nHentai.com (unoriginal),nhentai.com,la,NSFW,nHentai.com (unoriginal)
Mihon family (Mihon / Tachiyomi / Suwayomi / Komikku / Neko),nHentai.com (unoriginal),nhentai.com,ceb,NSFW,nHentai.com (unoriginal)
Mihon family (Mihon / Tachiyomi / Suwayomi / Komikku / Neko),nHentai.com (unoriginal),nhentai.com,tl,NSFW,nHentai.com (unoriginal)
Mihon family (Mihon / Tachiyomi / Suwayomi / Komikku / Neko),nHentai.com (unoriginal),nhentai.com,fi,NSFW,nHentai.com (unoriginal)
Mihon family (Mihon / Tachiyomi / Suwayomi / Komikku / Neko),nHentai.com (unoriginal),nhentai.com,tr,NSFW,nHentai.com (unoriginal)
Mihon family (Mihon / Tachiyomi / Suwayomi / Komikku / Neko),nHentai.com (unoriginal),nhentai.com,sr,NSFW,nHentai.com (unoriginal)
Mihon family (Mihon / Tachiyomi / Suwayomi / Komikku / Neko),nHentai.com (unoriginal),nhentai.com,el,NSFW,nHentai.com (unoriginal)
Mihon family (Mihon / Tachiyomi / Suwayomi / Komikku / Neko),nHentai.com (unoriginal),nhentai.com,ko,NSFW,nHentai.com (unoriginal)
Mihon family (Mihon / Tachiyomi / Suwayomi / Komikku / Neko),nHentai.com (unoriginal),nhentai.com,ro,NSFW,nHentai.com (unoriginal)
Mihon family (Mihon / Tachiyomi / Suwayomi / Komikku / Neko),NHentai.to,nhentai.to,en,NSFW,NHentai.to
Mihon family (Mihon / Tachiyomi / Suwayomi / Komikku / Neko),NHentai.to,nhentai.to,ja,NSFW,NHentai.to
Mihon family (Mihon / Tachiyomi / Suwayomi / Komikku / Neko),NHentai.to,nhentai.to,zh,NSFW,NHentai.to
Mihon family (Mihon / Tachiyomi / Suwayomi / Komikku / Neko),NHentai.to,nhentai.to,ko,NSFW,NHentai.to
Mihon family (Mihon / Tachiyomi / Suwayomi / Komikku / Neko),NHentai.to,nhentai.to,all,NSFW,NHentai.to
Mihon family (Mihon / Tachiyomi / Suwayomi / Komikku / Neko),NHentai.xxx,nhentai.xxx,en,NSFW,NHentai.xxx
Mihon family (Mihon / Tachiyomi / Suwayomi / Komikku / Neko),NHentai.xxx,nhentai.xxx,ja,NSFW,NHentai.xxx
Mihon family (Mihon / Tachiyomi / Suwayomi / Komikku / Neko),NHentai.xxx,nhentai.xxx,zh,NSFW,NHentai.xxx
Mihon family (Mihon / Tachiyomi / Suwayomi / Komikku / Neko),NHentai.xxx,nhentai.xxx,all,NSFW,NHentai.xxx
Mihon family (Mihon / Tachiyomi / Suwayomi / Komikku / Neko),Niadd,br.niadd.com,pt-BR,,Niadd
Mihon family (Mihon / Tachiyomi / Suwayomi / Komikku / Neko),Niadd,niadd.com,en,,Niadd
Mihon family (Mihon / Tachiyomi / Suwayomi / Komikku / Neko),Niadd,es.niadd.com,es,,Niadd
Mihon family (Mihon / Tachiyomi / Suwayomi / Komikku / Neko),Niadd,it.niadd.com,it,,Niadd
Mihon family (Mihon / Tachiyomi / Suwayomi / Komikku / Neko),Niadd,ru.niadd.com,ru,,Niadd
Mihon family (Mihon / Tachiyomi / Suwayomi / Komikku / Neko),Niadd,de.niadd.com,de,,Niadd
Mihon family (Mihon / Tachiyomi / Suwayomi / Komikku / Neko),Niadd,fr.niadd.com,fr,,Niadd
Mihon family (Mihon / Tachiyomi / Suwayomi / Komikku / Neko),NovelCool,novelcool.com,en,,NovelCool
Mihon family (Mihon / Tachiyomi / Suwayomi / Komikku / Neko),NovelCool,es.novelcool.com,es,,NovelCool
Mihon family (Mihon / Tachiyomi / Suwayomi / Komikku / Neko),NovelCool,de.novelcool.com,de,,NovelCool
Mihon family (Mihon / Tachiyomi / Suwayomi / Komikku / Neko),NovelCool,ru.novelcool.com,ru,,NovelCool
Mihon family (Mihon / Tachiyomi / Suwayomi / Komikku / Neko),NovelCool,it.novelcool.com,it,,NovelCool
Mihon family (Mihon / Tachiyomi / Suwayomi / Komikku / Neko),NovelCool,br.novelcool.com,pt-BR,,NovelCool
Mihon family (Mihon / Tachiyomi / Suwayomi / Komikku / Neko),NovelCool,fr.novelcool.com,fr,,NovelCool
Mihon family (Mihon / Tachiyomi / Suwayomi / Komikku / Neko),One Piece Fans,one-piece-fans2.com,es,,One Piece Fans
Mihon family (Mihon / Tachiyomi / Suwayomi / Komikku / Neko),One Piece Fans,one-piece-fans2.com,en,,One Piece Fans
Mihon family (Mihon / Tachiyomi / Suwayomi / Komikku / Neko),OniSaga,onisaga.com,all,,OniSaga
Mihon family (Mihon / Tachiyomi / Suwayomi / Komikku / Neko),OniSaga,onisaga.com,en,,OniSaga
Mihon family (Mihon / Tachiyomi / Suwayomi / Komikku / Neko),OniSaga,onisaga.com,fr,,OniSaga
Mihon family (Mihon / Tachiyomi / Suwayomi / Komikku / Neko),OniSaga,onisaga.com,ja,,OniSaga
Mihon family (Mihon / Tachiyomi / Suwayomi / Komikku / Neko),OniSaga,onisaga.com,pt-BR,,OniSaga
Mihon family (Mihon / Tachiyomi / Suwayomi / Komikku / Neko),OniSaga,onisaga.com,pt,,OniSaga
Mihon family (Mihon / Tachiyomi / Suwayomi / Komikku / Neko),OniSaga,onisaga.com,es-419,,OniSaga
Mihon family (Mihon / Tachiyomi / Suwayomi / Komikku / Neko),OniSaga,onisaga.com,es,,OniSaga
Mihon family (Mihon / Tachiyomi / Suwayomi / Komikku / Neko),OSOSEDKI,ososedki.com,all,NSFW,OSOSEDKI
Mihon family (Mihon / Tachiyomi / Suwayomi / Komikku / Neko),PandaChaika,panda.chaika.moe,all,NSFW,PandaChaika
Mihon family (Mihon / Tachiyomi / Suwayomi / Komikku / Neko),PandaChaika,panda.chaika.moe,en,NSFW,PandaChaika
Mihon family (Mihon / Tachiyomi / Suwayomi / Komikku / Neko),PandaChaika,panda.chaika.moe,zh,NSFW,PandaChaika
Mihon family (Mihon / Tachiyomi / Suwayomi / Komikku / Neko),PandaChaika,panda.chaika.moe,ko,NSFW,PandaChaika
Mihon family (Mihon / Tachiyomi / Suwayomi / Komikku / Neko),PandaChaika,panda.chaika.moe,es,NSFW,PandaChaika
Mihon family (Mihon / Tachiyomi / Suwayomi / Komikku / Neko),PandaChaika,panda.chaika.moe,ru,NSFW,PandaChaika
Mihon family (Mihon / Tachiyomi / Suwayomi / Komikku / Neko),PandaChaika,panda.chaika.moe,pt,NSFW,PandaChaika
Mihon family (Mihon / Tachiyomi / Suwayomi / Komikku / Neko),PandaChaika,panda.chaika.moe,fr,NSFW,PandaChaika
Mihon family (Mihon / Tachiyomi / Suwayomi / Komikku / Neko),PandaChaika,panda.chaika.moe,th,NSFW,PandaChaika
Mihon family (Mihon / Tachiyomi / Suwayomi / Komikku / Neko),PandaChaika,panda.chaika.moe,vi,NSFW,PandaChaika
Mihon family (Mihon / Tachiyomi / Suwayomi / Komikku / Neko),PandaChaika,panda.chaika.moe,ja,NSFW,PandaChaika
Mihon family (Mihon / Tachiyomi / Suwayomi / Komikku / Neko),PandaChaika,panda.chaika.moe,id,NSFW,PandaChaika
Mihon family (Mihon / Tachiyomi / Suwayomi / Komikku / Neko),PandaChaika,panda.chaika.moe,ar,NSFW,PandaChaika
Mihon family (Mihon / Tachiyomi / Suwayomi / Komikku / Neko),PandaChaika,panda.chaika.moe,uk,NSFW,PandaChaika
Mihon family (Mihon / Tachiyomi / Suwayomi / Komikku / Neko),PandaChaika,panda.chaika.moe,tr,NSFW,PandaChaika
Mihon family (Mihon / Tachiyomi / Suwayomi / Komikku / Neko),PandaChaika,panda.chaika.moe,cs,NSFW,PandaChaika
Mihon family (Mihon / Tachiyomi / Suwayomi / Komikku / Neko),PandaChaika,panda.chaika.moe,tl,NSFW,PandaChaika
Mihon family (Mihon / Tachiyomi / Suwayomi / Komikku / Neko),PandaChaika,panda.chaika.moe,fi,NSFW,PandaChaika
Mihon family (Mihon / Tachiyomi / Suwayomi / Komikku / Neko),PandaChaika,panda.chaika.moe,jv,NSFW,PandaChaika
Mihon family (Mihon / Tachiyomi / Suwayomi / Komikku / Neko),PandaChaika,panda.chaika.moe,el,NSFW,PandaChaika
Mihon family (Mihon / Tachiyomi / Suwayomi / Komikku / Neko),Pawchive,pawchive.pw,all,NSFW,Pawchive
Mihon family (Mihon / Tachiyomi / Suwayomi / Komikku / Neko),Pepper&Carrot,peppercarrot.com,all,,Pepper&Carrot
Mihon family (Mihon / Tachiyomi / Suwayomi / Komikku / Neko),Photos18,photos18.com,all,NSFW,Photos18
Mihon family (Mihon / Tachiyomi / Suwayomi / Komikku / Neko),Pixiv,pixiv.net,en,,Pixiv
Mihon family (Mihon / Tachiyomi / Suwayomi / Komikku / Neko),Pixiv,pixiv.net,ja,,Pixiv
Mihon family (Mihon / Tachiyomi / Suwayomi / Komikku / Neko),Pixiv,pixiv.net,zh,,Pixiv
Mihon family (Mihon / Tachiyomi / Suwayomi / Komikku / Neko),Pixiv,pixiv.net,zh-tw,,Pixiv
Mihon family (Mihon / Tachiyomi / Suwayomi / Komikku / Neko),Pixiv,pixiv.net,ko,,Pixiv
Mihon family (Mihon / Tachiyomi / Suwayomi / Komikku / Neko),Playmate Hunter,pmatehunter.com,all,NSFW,Playmate Hunter
Mihon family (Mihon / Tachiyomi / Suwayomi / Komikku / Neko),PornPics,pornpics.com,en,NSFW,PornPics
Mihon family (Mihon / Tachiyomi / Suwayomi / Komikku / Neko),PornPics,pornpics.com,zh,NSFW,PornPics
Mihon family (Mihon / Tachiyomi / Suwayomi / Komikku / Neko),Project Suki,projectsuki.com,all,,Project Suki
Mihon family (Mihon / Tachiyomi / Suwayomi / Komikku / Neko),Roku Hentai,rokuhentai.com,all,NSFW,RokuHentai
Mihon family (Mihon / Tachiyomi / Suwayomi / Komikku / Neko),Sandra und Woo,sandraandwoo.com,de,,Sandra and Woo
Mihon family (Mihon / Tachiyomi / Suwayomi / Komikku / Neko),Sandra and Woo,sandraandwoo.com,en,,Sandra and Woo
Mihon family (Mihon / Tachiyomi / Suwayomi / Komikku / Neko),SayManhwa,saymanhwa.com,ar,,SayManhwa
Mihon family (Mihon / Tachiyomi / Suwayomi / Komikku / Neko),SayManhwa,saymanhwa.com,de,,SayManhwa
Mihon family (Mihon / Tachiyomi / Suwayomi / Komikku / Neko),SayManhwa,saymanhwa.com,en,,SayManhwa
Mihon family (Mihon / Tachiyomi / Suwayomi / Komikku / Neko),SayManhwa,saymanhwa.com,es,,SayManhwa
Mihon family (Mihon / Tachiyomi / Suwayomi / Komikku / Neko),SayManhwa,saymanhwa.com,fil,,SayManhwa
Mihon family (Mihon / Tachiyomi / Suwayomi / Komikku / Neko),SayManhwa,saymanhwa.com,fr,,SayManhwa
Mihon family (Mihon / Tachiyomi / Suwayomi / Komikku / Neko),SayManhwa,saymanhwa.com,id,,SayManhwa
Mihon family (Mihon / Tachiyomi / Suwayomi / Komikku / Neko),SayManhwa,saymanhwa.com,ja,,SayManhwa
Mihon family (Mihon / Tachiyomi / Suwayomi / Komikku / Neko),SayManhwa,saymanhwa.com,pt,,SayManhwa
Mihon family (Mihon / Tachiyomi / Suwayomi / Komikku / Neko),SayManhwa,saymanhwa.com,th,,SayManhwa
Mihon family (Mihon / Tachiyomi / Suwayomi / Komikku / Neko),SayManhwa,saymanhwa.com,vi,,SayManhwa
Mihon family (Mihon / Tachiyomi / Suwayomi / Komikku / Neko),SayManhwa,saymanhwa.com,zh-Hans,,SayManhwa
Mihon family (Mihon / Tachiyomi / Suwayomi / Komikku / Neko),SayManhwa,saymanhwa.com,zh-Hant,,SayManhwa
Mihon family (Mihon / Tachiyomi / Suwayomi / Komikku / Neko),SeraphicDeviltry,seraphic-deviltry.com,en,NSFW,SeraphicDeviltry
Mihon family (Mihon / Tachiyomi / Suwayomi / Komikku / Neko),SeraphicDeviltry,spanish.seraphic-deviltry.com,es,NSFW,SeraphicDeviltry
Mihon family (Mihon / Tachiyomi / Suwayomi / Komikku / Neko),Simply Cosplay,simply-cosplay.com,all,NSFW,Simply Cosplay
Mihon family (Mihon / Tachiyomi / Suwayomi / Komikku / Neko),Simply Hentai,simply-hentai.com,en,NSFW,Simply Hentai
Mihon family (Mihon / Tachiyomi / Suwayomi / Komikku / Neko),Simply Hentai,simply-hentai.com,ja,NSFW,Simply Hentai
Mihon family (Mihon / Tachiyomi / Suwayomi / Komikku / Neko),Simply Hentai,simply-hentai.com,zh,NSFW,Simply Hentai
Mihon family (Mihon / Tachiyomi / Suwayomi / Komikku / Neko),Simply Hentai,simply-hentai.com,ko,NSFW,Simply Hentai
Mihon family (Mihon / Tachiyomi / Suwayomi / Komikku / Neko),Simply Hentai,simply-hentai.com,es,NSFW,Simply Hentai
Mihon family (Mihon / Tachiyomi / Suwayomi / Komikku / Neko),Simply Hentai,simply-hentai.com,ru,NSFW,Simply Hentai
Mihon family (Mihon / Tachiyomi / Suwayomi / Komikku / Neko),Simply Hentai,simply-hentai.com,fr,NSFW,Simply Hentai
Mihon family (Mihon / Tachiyomi / Suwayomi / Komikku / Neko),Simply Hentai,simply-hentai.com,de,NSFW,Simply Hentai
Mihon family (Mihon / Tachiyomi / Suwayomi / Komikku / Neko),Simply Hentai,simply-hentai.com,it,NSFW,Simply Hentai
Mihon family (Mihon / Tachiyomi / Suwayomi / Komikku / Neko),Simply Hentai,simply-hentai.com,pl,NSFW,Simply Hentai
Mihon family (Mihon / Tachiyomi / Suwayomi / Komikku / Neko),StashApp,,all,NSFW,StashApp
Mihon family (Mihon / Tachiyomi / Suwayomi / Komikku / Neko),Taddy INK (Webtoons),taddy.org,all,,Taddy INK (Webtoons)
Mihon family (Mihon / Tachiyomi / Suwayomi / Komikku / Neko),Tappytoon,tappytoon.com,en,,Tappytoon
Mihon family (Mihon / Tachiyomi / Suwayomi / Komikku / Neko),Tappytoon,tappytoon.com,fr,,Tappytoon
Mihon family (Mihon / Tachiyomi / Suwayomi / Komikku / Neko),Tappytoon,tappytoon.com,de,,Tappytoon
Mihon family (Mihon / Tachiyomi / Suwayomi / Komikku / Neko),The Library of Ohara,thelibraryofohara.com,id,,The Library of Ohara
Mihon family (Mihon / Tachiyomi / Suwayomi / Komikku / Neko),The Library of Ohara,thelibraryofohara.com,en,,The Library of Ohara
Mihon family (Mihon / Tachiyomi / Suwayomi / Komikku / Neko),The Library of Ohara,thelibraryofohara.com,es,,The Library of Ohara
Mihon family (Mihon / Tachiyomi / Suwayomi / Komikku / Neko),The Library of Ohara,thelibraryofohara.com,it,,The Library of Ohara
Mihon family (Mihon / Tachiyomi / Suwayomi / Komikku / Neko),The Library of Ohara,thelibraryofohara.com,ar,,The Library of Ohara
Mihon family (Mihon / Tachiyomi / Suwayomi / Komikku / Neko),The Library of Ohara,thelibraryofohara.com,fr,,The Library of Ohara
Mihon family (Mihon / Tachiyomi / Suwayomi / Komikku / Neko),Toomics (Only free chapters),global.toomics.com,en,NSFW,Toomics
Mihon family (Mihon / Tachiyomi / Suwayomi / Komikku / Neko),Toomics (Only free chapters),global.toomics.com,zh-Hans,NSFW,Toomics
Mihon family (Mihon / Tachiyomi / Suwayomi / Komikku / Neko),Toomics (Only free chapters),global.toomics.com,zh-Hant,NSFW,Toomics
Mihon family (Mihon / Tachiyomi / Suwayomi / Komikku / Neko),Toomics (Only free chapters),global.toomics.com,es-419,NSFW,Toomics
Mihon family (Mihon / Tachiyomi / Suwayomi / Komikku / Neko),Toomics (Only free chapters),global.toomics.com,es,NSFW,Toomics
Mihon family (Mihon / Tachiyomi / Suwayomi / Komikku / Neko),Toomics (Only free chapters),global.toomics.com,it,NSFW,Toomics
Mihon family (Mihon / Tachiyomi / Suwayomi / Komikku / Neko),Toomics (Only free chapters),global.toomics.com,de,NSFW,Toomics
Mihon family (Mihon / Tachiyomi / Suwayomi / Komikku / Neko),Toomics (Only free chapters),global.toomics.com,fr,NSFW,Toomics
Mihon family (Mihon / Tachiyomi / Suwayomi / Komikku / Neko),Toomics (Only free chapters),global.toomics.com,pt-BR,NSFW,Toomics
Mihon family (Mihon / Tachiyomi / Suwayomi / Komikku / Neko),Twicomi,twicomi.com,all,,Twicomi
Mihon family (Mihon / Tachiyomi / Suwayomi / Komikku / Neko),V2PH,v2ph.com,all,NSFW,V2PH
Mihon family (Mihon / Tachiyomi / Suwayomi / Komikku / Neko),Vinnie Veritas - CCC,ccc.vinnieveritas.com,en,,Vinne Veritas - CCC
Mihon family (Mihon / Tachiyomi / Suwayomi / Komikku / Neko),Vinnie Veritas - CCC,ccc.vinnieveritas.com,es,,Vinne Veritas - CCC
Mihon family (Mihon / Tachiyomi / Suwayomi / Komikku / Neko),Webcomics,webcomicsapp.com,en,,Webcomics
Mihon family (Mihon / Tachiyomi / Suwayomi / Komikku / Neko),Webcomics,webcomicsapp.com,fr,,Webcomics
Mihon family (Mihon / Tachiyomi / Suwayomi / Komikku / Neko),Webcomics,webcomicsapp.com,pt,,Webcomics
Mihon family (Mihon / Tachiyomi / Suwayomi / Komikku / Neko),Webcomics,webcomicsapp.com,es,,Webcomics
Mihon family (Mihon / Tachiyomi / Suwayomi / Komikku / Neko),Webcomics,webcomicsapp.com,id,,Webcomics
Mihon family (Mihon / Tachiyomi / Suwayomi / Komikku / Neko),Webtoons.com,webtoons.com,en,,Webtoons.com
Mihon family (Mihon / Tachiyomi / Suwayomi / Komikku / Neko),Webtoons.com,webtoons.com,id,,Webtoons.com
Mihon family (Mihon / Tachiyomi / Suwayomi / Komikku / Neko),Webtoons.com,webtoons.com,th,,Webtoons.com
Mihon family (Mihon / Tachiyomi / Suwayomi / Komikku / Neko),Webtoons.com,webtoons.com,es,,Webtoons.com
Mihon family (Mihon / Tachiyomi / Suwayomi / Komikku / Neko),Webtoons.com,webtoons.com,fr,,Webtoons.com
Mihon family (Mihon / Tachiyomi / Suwayomi / Komikku / Neko),Webtoons.com,webtoons.com,zh-Hant,,Webtoons.com
Mihon family (Mihon / Tachiyomi / Suwayomi / Komikku / Neko),Webtoons.com,webtoons.com,de,,Webtoons.com
Mihon family (Mihon / Tachiyomi / Suwayomi / Komikku / Neko),XArt Hunter,xarthunter.com,all,NSFW,XArt Hunter
Mihon family (Mihon / Tachiyomi / Suwayomi / Komikku / Neko),XAsiat Albums,xasiat.com,all,NSFW,Xasiat Albums
Mihon family (Mihon / Tachiyomi / Suwayomi / Komikku / Neko),XCOMIC,xcomic.me,all,,XCOMIC
Mihon family (Mihon / Tachiyomi / Suwayomi / Komikku / Neko),XCOMIC,xcomic.me,en,,XCOMIC
Mihon family (Mihon / Tachiyomi / Suwayomi / Komikku / Neko),XCOMIC,xcomic.me,fr,,XCOMIC
Mihon family (Mihon / Tachiyomi / Suwayomi / Komikku / Neko),XCOMIC,xcomic.me,es,,XCOMIC
Mihon family (Mihon / Tachiyomi / Suwayomi / Komikku / Neko),XCOMIC,xcomic.me,es-419,,XCOMIC
Mihon family (Mihon / Tachiyomi / Suwayomi / Komikku / Neko),XCOMIC,xcomic.me,pt,,XCOMIC
Mihon family (Mihon / Tachiyomi / Suwayomi / Komikku / Neko),XCOMIC,xcomic.me,pt-BR,,XCOMIC
Mihon family (Mihon / Tachiyomi / Suwayomi / Komikku / Neko),XCOMIC,xcomic.me,ja,,XCOMIC
Mihon family (Mihon / Tachiyomi / Suwayomi / Komikku / Neko),XCOMIC,xcomic.me,ko,,XCOMIC
Mihon family (Mihon / Tachiyomi / Suwayomi / Komikku / Neko),XCOMIC,xcomic.me,zh,,XCOMIC
Mihon family (Mihon / Tachiyomi / Suwayomi / Komikku / Neko),XCOMIC,xcomic.me,zh-Hant,,XCOMIC
Mihon family (Mihon / Tachiyomi / Suwayomi / Komikku / Neko),XCOMIC,xcomic.me,ru,,XCOMIC
Mihon family (Mihon / Tachiyomi / Suwayomi / Komikku / Neko),XCOMIC,xcomic.me,id,,XCOMIC
Mihon family (Mihon / Tachiyomi / Suwayomi / Komikku / Neko),XCOMIC,xcomic.me,ab,,XCOMIC
Mihon family (Mihon / Tachiyomi / Suwayomi / Komikku / Neko),XCOMIC,xcomic.me,af,,XCOMIC
Mihon family (Mihon / Tachiyomi / Suwayomi / Komikku / Neko),XCOMIC,xcomic.me,sq,,XCOMIC
Mihon family (Mihon / Tachiyomi / Suwayomi / Komikku / Neko),XCOMIC,xcomic.me,am,,XCOMIC
Mihon family (Mihon / Tachiyomi / Suwayomi / Komikku / Neko),XCOMIC,xcomic.me,ar,,XCOMIC
Mihon family (Mihon / Tachiyomi / Suwayomi / Komikku / Neko),XCOMIC,xcomic.me,hy,,XCOMIC
Mihon family (Mihon / Tachiyomi / Suwayomi / Komikku / Neko),XCOMIC,xcomic.me,az,,XCOMIC
Mihon family (Mihon / Tachiyomi / Suwayomi / Komikku / Neko),XCOMIC,xcomic.me,be,,XCOMIC
Mihon family (Mihon / Tachiyomi / Suwayomi / Komikku / Neko),XCOMIC,xcomic.me,bn,,XCOMIC
Mihon family (Mihon / Tachiyomi / Suwayomi / Komikku / Neko),XCOMIC,xcomic.me,bs,,XCOMIC
Mihon family (Mihon / Tachiyomi / Suwayomi / Komikku / Neko),XCOMIC,xcomic.me,bg,,XCOMIC
Mihon family (Mihon / Tachiyomi / Suwayomi / Komikku / Neko),XCOMIC,xcomic.me,my,,XCOMIC
Mihon family (Mihon / Tachiyomi / Suwayomi / Komikku / Neko),XCOMIC,xcomic.me,km,,XCOMIC
Mihon family (Mihon / Tachiyomi / Suwayomi / Komikku / Neko),XCOMIC,xcomic.me,ca,,XCOMIC
Mihon family (Mihon / Tachiyomi / Suwayomi / Komikku / Neko),XCOMIC,xcomic.me,ceb,,XCOMIC
Mihon family (Mihon / Tachiyomi / Suwayomi / Komikku / Neko),XCOMIC,xcomic.me,hr,,XCOMIC
Mihon family (Mihon / Tachiyomi / Suwayomi / Komikku / Neko),XCOMIC,xcomic.me,cs,,XCOMIC
Mihon family (Mihon / Tachiyomi / Suwayomi / Komikku / Neko),XCOMIC,xcomic.me,cv,,XCOMIC
Mihon family (Mihon / Tachiyomi / Suwayomi / Komikku / Neko),XCOMIC,xcomic.me,da,,XCOMIC
Mihon family (Mihon / Tachiyomi / Suwayomi / Komikku / Neko),XCOMIC,xcomic.me,nl,,XCOMIC
Mihon family (Mihon / Tachiyomi / Suwayomi / Komikku / Neko),XCOMIC,xcomic.me,et,,XCOMIC
Mihon family (Mihon / Tachiyomi / Suwayomi / Komikku / Neko),XCOMIC,xcomic.me,eo,,XCOMIC
Mihon family (Mihon / Tachiyomi / Suwayomi / Komikku / Neko),XCOMIC,xcomic.me,eu,,XCOMIC
Mihon family (Mihon / Tachiyomi / Suwayomi / Komikku / Neko),XCOMIC,xcomic.me,fo,,XCOMIC
Mihon family (Mihon / Tachiyomi / Suwayomi / Komikku / Neko),XCOMIC,xcomic.me,fil,,XCOMIC
Mihon family (Mihon / Tachiyomi / Suwayomi / Komikku / Neko),XCOMIC,xcomic.me,fi,,XCOMIC
Mihon family (Mihon / Tachiyomi / Suwayomi / Komikku / Neko),XCOMIC,xcomic.me,ka,,XCOMIC
Mihon family (Mihon / Tachiyomi / Suwayomi / Komikku / Neko),XCOMIC,xcomic.me,de,,XCOMIC
Mihon family (Mihon / Tachiyomi / Suwayomi / Komikku / Neko),XCOMIC,xcomic.me,el,,XCOMIC
Mihon family (Mihon / Tachiyomi / Suwayomi / Komikku / Neko),XCOMIC,xcomic.me,gn,,XCOMIC
Mihon family (Mihon / Tachiyomi / Suwayomi / Komikku / Neko),XCOMIC,xcomic.me,gu,,XCOMIC
Mihon family (Mihon / Tachiyomi / Suwayomi / Komikku / Neko),XCOMIC,xcomic.me,ht,,XCOMIC
Mihon family (Mihon / Tachiyomi / Suwayomi / Komikku / Neko),XCOMIC,xcomic.me,ha,,XCOMIC
Mihon family (Mihon / Tachiyomi / Suwayomi / Komikku / Neko),XCOMIC,xcomic.me,he,,XCOMIC
Mihon family (Mihon / Tachiyomi / Suwayomi / Komikku / Neko),XCOMIC,xcomic.me,hi,,XCOMIC
Mihon family (Mihon / Tachiyomi / Suwayomi / Komikku / Neko),XCOMIC,xcomic.me,hu,,XCOMIC
Mihon family (Mihon / Tachiyomi / Suwayomi / Komikku / Neko),XCOMIC,xcomic.me,is,,XCOMIC
Mihon family (Mihon / Tachiyomi / Suwayomi / Komikku / Neko),XCOMIC,xcomic.me,ig,,XCOMIC
Mihon family (Mihon / Tachiyomi / Suwayomi / Komikku / Neko),XCOMIC,xcomic.me,ga,,XCOMIC
Mihon family (Mihon / Tachiyomi / Suwayomi / Komikku / Neko),XCOMIC,xcomic.me,gl,,XCOMIC
Mihon family (Mihon / Tachiyomi / Suwayomi / Komikku / Neko),XCOMIC,xcomic.me,it,,XCOMIC
Mihon family (Mihon / Tachiyomi / Suwayomi / Komikku / Neko),XCOMIC,xcomic.me,jv,,XCOMIC
Mihon family (Mihon / Tachiyomi / Suwayomi / Komikku / Neko),XCOMIC,xcomic.me,kn,,XCOMIC
Mihon family (Mihon / Tachiyomi / Suwayomi / Komikku / Neko),XCOMIC,xcomic.me,kk,,XCOMIC
Mihon family (Mihon / Tachiyomi / Suwayomi / Komikku / Neko),XCOMIC,xcomic.me,ku,,XCOMIC
Mihon family (Mihon / Tachiyomi / Suwayomi / Komikku / Neko),XCOMIC,xcomic.me,ky,,XCOMIC
Mihon family (Mihon / Tachiyomi / Suwayomi / Komikku / Neko),XCOMIC,xcomic.me,la,,XCOMIC
Mihon family (Mihon / Tachiyomi / Suwayomi / Komikku / Neko),XCOMIC,xcomic.me,lo,,XCOMIC
Mihon family (Mihon / Tachiyomi / Suwayomi / Komikku / Neko),XCOMIC,xcomic.me,lv,,XCOMIC
Mihon family (Mihon / Tachiyomi / Suwayomi / Komikku / Neko),XCOMIC,xcomic.me,lt,,XCOMIC
Mihon family (Mihon / Tachiyomi / Suwayomi / Komikku / Neko),XCOMIC,xcomic.me,lb,,XCOMIC
Mihon family (Mihon / Tachiyomi / Suwayomi / Komikku / Neko),XCOMIC,xcomic.me,mk,,XCOMIC
Mihon family (Mihon / Tachiyomi / Suwayomi / Komikku / Neko),XCOMIC,xcomic.me,mg,,XCOMIC
Mihon family (Mihon / Tachiyomi / Suwayomi / Komikku / Neko),XCOMIC,xcomic.me,ms,,XCOMIC
Mihon family (Mihon / Tachiyomi / Suwayomi / Komikku / Neko),XCOMIC,xcomic.me,ml,,XCOMIC
Mihon family (Mihon / Tachiyomi / Suwayomi / Komikku / Neko),XCOMIC,xcomic.me,mt,,XCOMIC
Mihon family (Mihon / Tachiyomi / Suwayomi / Komikku / Neko),XCOMIC,xcomic.me,mi,,XCOMIC
Mihon family (Mihon / Tachiyomi / Suwayomi / Komikku / Neko),XCOMIC,xcomic.me,mr,,XCOMIC
Mihon family (Mihon / Tachiyomi / Suwayomi / Komikku / Neko),XCOMIC,xcomic.me,mo,,XCOMIC
Mihon family (Mihon / Tachiyomi / Suwayomi / Komikku / Neko),XCOMIC,xcomic.me,mn,,XCOMIC
Mihon family (Mihon / Tachiyomi / Suwayomi / Komikku / Neko),XCOMIC,xcomic.me,ne,,XCOMIC
Mihon family (Mihon / Tachiyomi / Suwayomi / Komikku / Neko),XCOMIC,xcomic.me,no,,XCOMIC
Mihon family (Mihon / Tachiyomi / Suwayomi / Komikku / Neko),XCOMIC,xcomic.me,ny,,XCOMIC
Mihon family (Mihon / Tachiyomi / Suwayomi / Komikku / Neko),XCOMIC,xcomic.me,ps,,XCOMIC
Mihon family (Mihon / Tachiyomi / Suwayomi / Komikku / Neko),XCOMIC,xcomic.me,fa,,XCOMIC
Mihon family (Mihon / Tachiyomi / Suwayomi / Komikku / Neko),XCOMIC,xcomic.me,pl,,XCOMIC
Mihon family (Mihon / Tachiyomi / Suwayomi / Komikku / Neko),XCOMIC,xcomic.me,ro,,XCOMIC
Mihon family (Mihon / Tachiyomi / Suwayomi / Komikku / Neko),XCOMIC,xcomic.me,rm,,XCOMIC
Mihon family (Mihon / Tachiyomi / Suwayomi / Komikku / Neko),XCOMIC,xcomic.me,sm,,XCOMIC
Mihon family (Mihon / Tachiyomi / Suwayomi / Komikku / Neko),XCOMIC,xcomic.me,sr,,XCOMIC
Mihon family (Mihon / Tachiyomi / Suwayomi / Komikku / Neko),XCOMIC,xcomic.me,sh,,XCOMIC
Mihon family (Mihon / Tachiyomi / Suwayomi / Komikku / Neko),XCOMIC,xcomic.me,ss,,XCOMIC
Mihon family (Mihon / Tachiyomi / Suwayomi / Komikku / Neko),XCOMIC,xcomic.me,st,,XCOMIC
Mihon family (Mihon / Tachiyomi / Suwayomi / Komikku / Neko),XCOMIC,xcomic.me,sn,,XCOMIC
Mihon family (Mihon / Tachiyomi / Suwayomi / Komikku / Neko),XCOMIC,xcomic.me,sd,,XCOMIC
Mihon family (Mihon / Tachiyomi / Suwayomi / Komikku / Neko),XCOMIC,xcomic.me,si,,XCOMIC
Mihon family (Mihon / Tachiyomi / Suwayomi / Komikku / Neko),XCOMIC,xcomic.me,sk,,XCOMIC
Mihon family (Mihon / Tachiyomi / Suwayomi / Komikku / Neko),XCOMIC,xcomic.me,sl,,XCOMIC
Mihon family (Mihon / Tachiyomi / Suwayomi / Komikku / Neko),XCOMIC,xcomic.me,so,,XCOMIC
Mihon family (Mihon / Tachiyomi / Suwayomi / Komikku / Neko),XCOMIC,xcomic.me,sw,,XCOMIC
Mihon family (Mihon / Tachiyomi / Suwayomi / Komikku / Neko),XCOMIC,xcomic.me,sv,,XCOMIC
Mihon family (Mihon / Tachiyomi / Suwayomi / Komikku / Neko),XCOMIC,xcomic.me,tg,,XCOMIC
Mihon family (Mihon / Tachiyomi / Suwayomi / Komikku / Neko),XCOMIC,xcomic.me,ta,,XCOMIC
Mihon family (Mihon / Tachiyomi / Suwayomi / Komikku / Neko),XCOMIC,xcomic.me,te,,XCOMIC
Mihon family (Mihon / Tachiyomi / Suwayomi / Komikku / Neko),XCOMIC,xcomic.me,th,,XCOMIC
Mihon family (Mihon / Tachiyomi / Suwayomi / Komikku / Neko),XCOMIC,xcomic.me,ti,,XCOMIC
Mihon family (Mihon / Tachiyomi / Suwayomi / Komikku / Neko),XCOMIC,xcomic.me,to,,XCOMIC
Mihon family (Mihon / Tachiyomi / Suwayomi / Komikku / Neko),XCOMIC,xcomic.me,tr,,XCOMIC
Mihon family (Mihon / Tachiyomi / Suwayomi / Komikku / Neko),XCOMIC,xcomic.me,tk,,XCOMIC
Mihon family (Mihon / Tachiyomi / Suwayomi / Komikku / Neko),XCOMIC,xcomic.me,uk,,XCOMIC
Mihon family (Mihon / Tachiyomi / Suwayomi / Komikku / Neko),XCOMIC,xcomic.me,ur,,XCOMIC
Mihon family (Mihon / Tachiyomi / Suwayomi / Komikku / Neko),XCOMIC,xcomic.me,uz,,XCOMIC
Mihon family (Mihon / Tachiyomi / Suwayomi / Komikku / Neko),XCOMIC,xcomic.me,vi,,XCOMIC
Mihon family (Mihon / Tachiyomi / Suwayomi / Komikku / Neko),XCOMIC,xcomic.me,yo,,XCOMIC
Mihon family (Mihon / Tachiyomi / Suwayomi / Komikku / Neko),XCOMIC,xcomic.me,zu,,XCOMIC
Mihon family (Mihon / Tachiyomi / Suwayomi / Komikku / Neko),XCOMIC,xcomic.me,other,,XCOMIC
Mihon family (Mihon / Tachiyomi / Suwayomi / Komikku / Neko),性感美女,xgmn8.vip,all,NSFW,XGMN
Mihon family (Mihon / Tachiyomi / Suwayomi / Komikku / Neko),Xiutaku,xiutaku.com,all,NSFW,Xiutaku
Mihon family (Mihon / Tachiyomi / Suwayomi / Komikku / Neko),xkcd,xkcd.com,en,,xkcd
Mihon family (Mihon / Tachiyomi / Suwayomi / Komikku / Neko),xkcd,es.xkcd.com,es,,xkcd
Mihon family (Mihon / Tachiyomi / Suwayomi / Komikku / Neko),xkcd,xkcd.tw,zh,,xkcd
Mihon family (Mihon / Tachiyomi / Suwayomi / Komikku / Neko),xkcd,xkcd.lapin.org,fr,,xkcd
Mihon family (Mihon / Tachiyomi / Suwayomi / Komikku / Neko),xkcd,xkcd.ru,ru,,xkcd
Mihon family (Mihon / Tachiyomi / Suwayomi / Komikku / Neko),Yabai,yabai.si,all,NSFW,Yabai
Mihon family (Mihon / Tachiyomi / Suwayomi / Komikku / Neko),Yaoi Manga Online,yaoimangaonline.com,all,NSFW,Yaoi Manga Online
Mihon family (Mihon / Tachiyomi / Suwayomi / Komikku / Neko),小黄书,xchina.co,zh-Hans,NSFW,YellowNote
Mihon family (Mihon / Tachiyomi / Suwayomi / Komikku / Neko),小黄书,tw.xchina.co,zh-Hant,NSFW,YellowNote
Mihon family (Mihon / Tachiyomi / Suwayomi / Komikku / Neko),小黄书,en.xchina.co,en,NSFW,YellowNote
Mihon family (Mihon / Tachiyomi / Suwayomi / Komikku / Neko),小黄书,es.xchina.co,es,NSFW,YellowNote
Mihon family (Mihon / Tachiyomi / Suwayomi / Komikku / Neko),小黄书,kr.xchina.co,ko,NSFW,YellowNote
Mihon family (Mihon / Tachiyomi / Suwayomi / Komikku / Neko),YSK Comics,ysk-comics.com,ar,,YSK Comics
Mihon family (Mihon / Tachiyomi / Suwayomi / Komikku / Neko),YSK Comics,ysk-comics.com,en,,YSK Comics
Mihon family (Mihon / Tachiyomi / Suwayomi / Komikku / Neko),Anyone Manga,anyonemanga.com,ar,,Anyone Manga
Mihon family (Mihon / Tachiyomi / Suwayomi / Komikku / Neko),هنتاي العرب - نت,arabhentai.net,ar,NSFW,Arab Hentai
Mihon family (Mihon / Tachiyomi / Suwayomi / Komikku / Neko),ArabManhwa,arabmanhwa.com,ar,NSFW,ArabManhwa
Mihon family (Mihon / Tachiyomi / Suwayomi / Komikku / Neko),هنتاي العرب,arabshentai.com,ar,NSFW,Arabs Hentai
Mihon family (Mihon / Tachiyomi / Suwayomi / Komikku / Neko),عرب تونز,arabtoons.net,ar,NSFW,Arab Toons
Mihon family (Mihon / Tachiyomi / Suwayomi / Komikku / Neko),ArbxComix,arbxcomix.com,ar,NSFW,ArbxComix
Mihon family (Mihon / Tachiyomi / Suwayomi / Komikku / Neko),أريا مانجا,ar.kenmanga.com,ar,,Area Manga
Mihon family (Mihon / Tachiyomi / Suwayomi / Komikku / Neko),AriaToon,ariatoon.com,ar,,AriaToon
Mihon family (Mihon / Tachiyomi / Suwayomi / Komikku / Neko),Azora,azorafly.com,ar,,Azora
Mihon family (Mihon / Tachiyomi / Suwayomi / Komikku / Neko),Comic Verse,arcomixverse.blogspot.com,ar,,Comic Verse
Mihon family (Mihon / Tachiyomi / Suwayomi / Komikku / Neko),Despair Manga,despair-manga.net,ar,,Despair Manga
Mihon family (Mihon / Tachiyomi / Suwayomi / Komikku / Neko),شبكة كونان العربية,manga.detectiveconanar.com,ar,,Detective Conan Ar
Mihon family (Mihon / Tachiyomi / Suwayomi / Komikku / Neko),Dilar,dilar.tube,ar,,Dilar
Mihon family (Mihon / Tachiyomi / Suwayomi / Komikku / Neko),Duskoryvile,duskoryvile.com,ar,NSFW,Duskoryvile
Mihon family (Mihon / Tachiyomi / Suwayomi / Komikku / Neko),Empire Webtoon,webtoonempire-bl.com,ar,NSFW,Empire Webtoon
Mihon family (Mihon / Tachiyomi / Suwayomi / Komikku / Neko),EShadow,eshadow.net,ar,,EShadow
Mihon family (Mihon / Tachiyomi / Suwayomi / Komikku / Neko),Goon Scans,goonscans.org,ar,NSFW,Goon Scans
Mihon family (Mihon / Tachiyomi / Suwayomi / Komikku / Neko),هنتاي ليك,hentailek.com,ar,NSFW,Hentai Lek
Mihon family (Mihon / Tachiyomi / Suwayomi / Komikku / Neko),HentaiMan,hentaiman.net,ar,NSFW,HentaiMan
Mihon family (Mihon / Tachiyomi / Suwayomi / Komikku / Neko),هنتاي سلاير,hentaislayer.net,ar,NSFW,Hentai Slayer
Mihon family (Mihon / Tachiyomi / Suwayomi / Komikku / Neko),Hijala,hijala.com,ar,,Hijala
Mihon family (Mihon / Tachiyomi / Suwayomi / Komikku / Neko),Hizo Manga,hizomanga.net,ar,,HizoManga
Mihon family (Mihon / Tachiyomi / Suwayomi / Komikku / Neko),Kawii Manga,kawaiimanga.org,ar,,Kawii Manga
Mihon family (Mihon / Tachiyomi / Suwayomi / Komikku / Neko),Lava Scans,lavascans.com,ar,,Lava Scans
Mihon family (Mihon / Tachiyomi / Suwayomi / Komikku / Neko),Loner Translations,loner-tl.blogspot.com,ar,,Loner Translations
Mihon family (Mihon / Tachiyomi / Suwayomi / Komikku / Neko),مانجا العاشق,3asq.online,ar,,3asq
Mihon family (Mihon / Tachiyomi / Suwayomi / Komikku / Neko),Manga Ai Land,manga-ai-land.blogspot.com,ar,,Manga Ai Land
Mihon family (Mihon / Tachiyomi / Suwayomi / Komikku / Neko),MangaCloud,mangacloud.online,ar,,MangaCloud
Mihon family (Mihon / Tachiyomi / Suwayomi / Komikku / Neko),MangaDar,mangadar.com,ar,,MangaDar
Mihon family (Mihon / Tachiyomi / Suwayomi / Komikku / Neko),MangaHub,mangaxhentai.com,ar,NSFW,MangaHub
Mihon family (Mihon / Tachiyomi / Suwayomi / Komikku / Neko),مانجا ليك,mangalik.net,ar,,Mangalek
Mihon family (Mihon / Tachiyomi / Suwayomi / Komikku / Neko),مانجا لينك,link-manga.net,ar,,Mangalink
Mihon family (Mihon / Tachiyomi / Suwayomi / Komikku / Neko),MangaLionz,manga-lionz.org,ar,,MangaLionz
Mihon family (Mihon / Tachiyomi / Suwayomi / Komikku / Neko),MangaSpark,sparkmanga.net,ar,,MangaSpark
Mihon family (Mihon / Tachiyomi / Suwayomi / Komikku / Neko),Manga Starz,starzmanga.com,ar,,Manga Starz
Mihon family (Mihon / Tachiyomi / Suwayomi / Komikku / Neko),MangaSwat,meshmanga.com,ar,,MangaSwat
Mihon family (Mihon / Tachiyomi / Suwayomi / Komikku / Neko),Manga Tales,mangatales.com,ar,,Manga Tales
Mihon family (Mihon / Tachiyomi / Suwayomi / Komikku / Neko),MangaTek,mangatek.com,ar,,MangaTek
Mihon family (Mihon / Tachiyomi / Suwayomi / Komikku / Neko),MangaTime,mangatime.org,ar,,MangaTime
Mihon family (Mihon / Tachiyomi / Suwayomi / Komikku / Neko),MangaTuk,mangatuk.com,ar,,MangaTuk
Mihon family (Mihon / Tachiyomi / Suwayomi / Komikku / Neko),Manhatic,manhatic.com,ar,NSFW,Manhatic
Mihon family (Mihon / Tachiyomi / Suwayomi / Komikku / Neko),Manhatok,manhatok.blogspot.com,ar,,Manhatok
Mihon family (Mihon / Tachiyomi / Suwayomi / Komikku / Neko),Murim,murim.site,ar,,Murim
Mihon family (Mihon / Tachiyomi / Suwayomi / Komikku / Neko),NeverScans,neverscans.com,ar,,NeverScans
Mihon family (Mihon / Tachiyomi / Suwayomi / Komikku / Neko),Oduto,nb19u.blogspot.com,ar,,Oduto
Mihon family (Mihon / Tachiyomi / Suwayomi / Komikku / Neko),مانجا اون لاين,onma.top,ar,,Onma
Mihon family (Mihon / Tachiyomi / Suwayomi / Komikku / Neko),Orca Manga,infinity896.blogspot.com,ar,,Orca Manga
Mihon family (Mihon / Tachiyomi / Suwayomi / Komikku / Neko),Paradise BL,paradise-bl.com,ar,NSFW,Paradise BL
Mihon family (Mihon / Tachiyomi / Suwayomi / Komikku / Neko),Rocks Manga,rocksmanga.com,ar,,Rocks Manga
Mihon family (Mihon / Tachiyomi / Suwayomi / Komikku / Neko),StellarSaber,stellarsaber.pro,ar,,StellarSaber
Mihon family (Mihon / Tachiyomi / Suwayomi / Komikku / Neko),Team X,olympustaff.com,ar,,Team X
Mihon family (Mihon / Tachiyomi / Suwayomi / Komikku / Neko),XSano Manga,xsano-manga.com,ar,,XSano Manga
Mihon family (Mihon / Tachiyomi / Suwayomi / Komikku / Neko),Yokai,yokai-team.blogspot.com,ar,,Yokai
Mihon family (Mihon / Tachiyomi / Suwayomi / Komikku / Neko),Yona Bar,yonaber.com,ar,NSFW,Yona Bar
Mihon family (Mihon / Tachiyomi / Suwayomi / Komikku / Neko),Yuri Moon Sub,yurimoonsub.blogspot.com,ar,NSFW,Yuri Moon Sub
Mihon family (Mihon / Tachiyomi / Suwayomi / Komikku / Neko),Utsukushii,utsukushii-bg.com,bg,,Utsukushii
Mihon family (Mihon / Tachiyomi / Suwayomi / Komikku / Neko),Fansubs.cat,manga.fansubs.cat,ca,,Fansubs.cat
Mihon family (Mihon / Tachiyomi / Suwayomi / Komikku / Neko),Hentai.cat,manga.hentai.cat,ca,NSFW,Hentai.cat
Mihon family (Mihon / Tachiyomi / Suwayomi / Komikku / Neko),Evil production,evil-manga.eu,cs,NSFW,Evil production
Mihon family (Mihon / Tachiyomi / Suwayomi / Komikku / Neko),Manga Tube,manga-tube.me,de,,Manga Tube
Mihon family (Mihon / Tachiyomi / Suwayomi / Komikku / Neko),Akai Comic,akaicomic.org,en,,Akai Comic
Mihon family (Mihon / Tachiyomi / Suwayomi / Komikku / Neko),Akaza Scans,akazascans.org,en,,Akaza Scans
Mihon family (Mihon / Tachiyomi / Suwayomi / Komikku / Neko),Alandal,alandal.com,en,,Alandal
Mihon family (Mihon / Tachiyomi / Suwayomi / Komikku / Neko),AllManga,mkissa.to,en,,AllManga
Mihon family (Mihon / Tachiyomi / Suwayomi / Komikku / Neko),AllPornComic,allporncomic.com,en,NSFW,AllPornComic
Mihon family (Mihon / Tachiyomi / Suwayomi / Komikku / Neko),AllPornComic.io,allporncomic.io,en,NSFW,AllPornComic.io
Mihon family (Mihon / Tachiyomi / Suwayomi / Komikku / Neko),Alpha Manga,alpha-manga.com,en,,Alpha Manga
Mihon family (Mihon / Tachiyomi / Suwayomi / Komikku / Neko),Anisa Scans,anisascans.in,en,,Anisa Scans
Mihon family (Mihon / Tachiyomi / Suwayomi / Komikku / Neko),AP Comics,apcomics.org,en,NSFW,AP Comics
Mihon family (Mihon / Tachiyomi / Suwayomi / Komikku / Neko),Aqua Manga,aquareader.org,en,,Aqua Manga
Mihon family (Mihon / Tachiyomi / Suwayomi / Komikku / Neko),Arc-Relight,arc-relight.com,en,,Arc-Relight
Mihon family (Mihon / Tachiyomi / Suwayomi / Komikku / Neko),Arena Scans,arenascan.com,en,,Arena Scans
Mihon family (Mihon / Tachiyomi / Suwayomi / Komikku / Neko),SilentQuill,silentquill.net,en,,SilentQuill
Mihon family (Mihon / Tachiyomi / Suwayomi / Komikku / Neko),Art Lapsa,artlapsa.com,en,,Art Lapsa
Mihon family (Mihon / Tachiyomi / Suwayomi / Komikku / Neko),Vortex Scans,vortexscans.org,en,,Vortex Scans
Mihon family (Mihon / Tachiyomi / Suwayomi / Komikku / Neko),BrainRotComics,brainrotcomics.com,en,,BrainRotComics
Mihon family (Mihon / Tachiyomi / Suwayomi / Komikku / Neko),AsiaToon,asiatoon.net,en,NSFW,AsiaToon
Mihon family (Mihon / Tachiyomi / Suwayomi / Komikku / Neko),Asmodeus Scans,asmotoon.com,en,,Asmodeus Scans
Mihon family (Mihon / Tachiyomi / Suwayomi / Komikku / Neko),Assorted Scans,assortedscans.com,en,,Assorted Scans
Mihon family (Mihon / Tachiyomi / Suwayomi / Komikku / Neko),Asura Scans,asurascans.com,en,,Asura Scans
Mihon family (Mihon / Tachiyomi / Suwayomi / Komikku / Neko),Athrea Scans,athreascans.com,en,,Athrea Scans
Mihon family (Mihon / Tachiyomi / Suwayomi / Komikku / Neko),Atsumaru,atsu.moe,en,,Atsumaru
Mihon family (Mihon / Tachiyomi / Suwayomi / Komikku / Neko),Aurora,comicaurora.com,en,,aurora
Mihon family (Mihon / Tachiyomi / Suwayomi / Komikku / Neko),Omoi,omoi.com,en,,Omoi
Mihon family (Mihon / Tachiyomi / Suwayomi / Komikku / Neko),Bakkin,bakkin.moe,en,,Bakkin
Mihon family (Mihon / Tachiyomi / Suwayomi / Komikku / Neko),Bakkin Self-hosted,127.0.0.1,en,,Bakkin Self-hosted
Mihon family (Mihon / Tachiyomi / Suwayomi / Komikku / Neko),BatCave,batcave.biz,en,,BatCave
Mihon family (Mihon / Tachiyomi / Suwayomi / Komikku / Neko),Battle In 5 Seconds After Meeting,deatte5.com,en,,Battle In 5 Seconds After Meeting
Mihon family (Mihon / Tachiyomi / Suwayomi / Komikku / Neko),Bbato,bato1.com,en,,Bbato
Mihon family (Mihon / Tachiyomi / Suwayomi / Komikku / Neko),BookWalker,bookwalker.com,en,,BookWalker
Mihon family (Mihon / Tachiyomi / Suwayomi / Komikku / Neko),Borat Scans,boratscans.com,en,,Borat Scans
Mihon family (Mihon / Tachiyomi / Suwayomi / Komikku / Neko),Broccoli Soup,politeandgood.com,en,,Broccoli Soup
Mihon family (Mihon / Tachiyomi / Suwayomi / Komikku / Neko),Bun Manga,bunmanga.com,en,,Bun Manga
Mihon family (Mihon / Tachiyomi / Suwayomi / Komikku / Neko),Buttsmithy,incase.buttsmithy.com,en,NSFW,buttsmithy
Mihon family (Mihon / Tachiyomi / Suwayomi / Komikku / Neko),Clone Manga,manga.clone-army.org,en,,Clone Manga
Mihon family (Mihon / Tachiyomi / Suwayomi / Komikku / Neko),Clown Corps,clowncorps.net,en,,Clown Corps
Mihon family (Mihon / Tachiyomi / Suwayomi / Komikku / Neko),CManhua,cmanhua.com,en,,CManhua
Mihon family (Mihon / Tachiyomi / Suwayomi / Komikku / Neko),Cocomic,cocomic.co,en,,Cocomic
Mihon family (Mihon / Tachiyomi / Suwayomi / Komikku / Neko),Collected Curios,collectedcurios.com,en,,Collected Curios
Mihon family (Mihon / Tachiyomi / Suwayomi / Komikku / Neko),Colorized Mangas,colorizedmangas.com,en,,Colorized Mangas
Mihon family (Mihon / Tachiyomi / Suwayomi / Komikku / Neko),Comic Asura,comicasura.net,en,,Comic Asura
Mihon family (Mihon / Tachiyomi / Suwayomi / Komikku / Neko),Comic CX,comic.cx,en,NSFW,Comic CX
Mihon family (Mihon / Tachiyomi / Suwayomi / Komikku / Neko),ComicHubFree,comichubfree.com,en,,ComicHubFree
Mihon family (Mihon / Tachiyomi / Suwayomi / Komikku / Neko),ComicK Fanmade,comickfan.com,en,,ComicK Fanmade
Mihon family (Mihon / Tachiyomi / Suwayomi / Komikku / Neko),ComicLand,comicland.org,en,,ComicLand
Mihon family (Mihon / Tachiyomi / Suwayomi / Komikku / Neko),Comix,comix.to,en,,Comix
Mihon family (Mihon / Tachiyomi / Suwayomi / Komikku / Neko),Coolmic,coolmic.me,en,,Coolmic
Mihon family (Mihon / Tachiyomi / Suwayomi / Komikku / Neko),Cucumber Manga,cucumbermanga.com,en,NSFW,Cucumber Manga
Mihon family (Mihon / Tachiyomi / Suwayomi / Komikku / Neko),CulturedWorks,culturedworks.com,en,,CulturedWorks
Mihon family (Mihon / Tachiyomi / Suwayomi / Komikku / Neko),Cutie Comics,cutiecomics.com,en,NSFW,Cutie Comics
Mihon family (Mihon / Tachiyomi / Suwayomi / Komikku / Neko),Danke fürs Lesen,danke.moe,en,,Danke fürs Lesen
Mihon family (Mihon / Tachiyomi / Suwayomi / Komikku / Neko),Dark Legacy Comics,darklegacycomics.com,en,,Dark Legacy Comics
Mihon family (Mihon / Tachiyomi / Suwayomi / Komikku / Neko),Dark Science,dresdencodak.com,en,,Dark Science
Mihon family (Mihon / Tachiyomi / Suwayomi / Komikku / Neko),Darths & Droids,darthsanddroids.net,en,,Darths & Droids
Mihon family (Mihon / Tachiyomi / Suwayomi / Komikku / Neko),Death Toll Scans,reader.deathtollscans.net,en,,Death Toll Scans
Mihon family (Mihon / Tachiyomi / Suwayomi / Komikku / Neko),Decadence Scans,reader.decadencescans.com,en,,Decadence Scans
Mihon family (Mihon / Tachiyomi / Suwayomi / Komikku / Neko),DFlowScans,dflow.alwaysdata.net,en,,DFlowScans
Mihon family (Mihon / Tachiyomi / Suwayomi / Komikku / Neko),Digital Comic Museum,digitalcomicmuseum.com,en,,Digital Comic Museum
Mihon family (Mihon / Tachiyomi / Suwayomi / Komikku / Neko),Diva Scans,divascans.org,en,,Diva Scans
Mihon family (Mihon / Tachiyomi / Suwayomi / Komikku / Neko),Doujin.io - J18,doujin.io,en,NSFW,Doujin.io - J18
Mihon family (Mihon / Tachiyomi / Suwayomi / Komikku / Neko),Doujins,doujins.com,en,NSFW,Doujins
Mihon family (Mihon / Tachiyomi / Suwayomi / Komikku / Neko),DragonTea,dragontea.ink,en,,DragonTea
Mihon family (Mihon / Tachiyomi / Suwayomi / Komikku / Neko),Drake Scans,drakecomic.net,en,,Drake Scans
Mihon family (Mihon / Tachiyomi / Suwayomi / Komikku / Neko),Dusk Scans,duskscans.com,en,,Dusk Scans
Mihon family (Mihon / Tachiyomi / Suwayomi / Komikku / Neko),Dynasty Scans,dynasty-scans.com,en,,Dynasty Scans
Mihon family (Mihon / Tachiyomi / Suwayomi / Komikku / Neko),Eggporncomics,eggporncomics.com,en,NSFW,Eggporncomics
Mihon family (Mihon / Tachiyomi / Suwayomi / Komikku / Neko),El Goonish Shive,egscomics.com,en,,El Goonish Shive
Mihon family (Mihon / Tachiyomi / Suwayomi / Komikku / Neko),18 Porn Comic,18porncomic.com,en,NSFW,18 Porn Comic
Mihon family (Mihon / Tachiyomi / Suwayomi / Komikku / Neko),8Muses,comics.8muses.com,en,NSFW,8Muses
Mihon family (Mihon / Tachiyomi / Suwayomi / Komikku / Neko),Elan School,elan.school,en,,Elan School
Mihon family (Mihon / Tachiyomi / Suwayomi / Komikku / Neko),Elf Toon,elftoon.com,en,,Elf Toon
Mihon family (Mihon / Tachiyomi / Suwayomi / Komikku / Neko),emaqi,emaqi.com,en,,emaqi
Mihon family (Mihon / Tachiyomi / Suwayomi / Komikku / Neko),Eris Scans,erisscans.com,en,,Eris Scans
Mihon family (Mihon / Tachiyomi / Suwayomi / Komikku / Neko),Ero18x,ero18x.com,en,NSFW,Ero18x
Mihon family (Mihon / Tachiyomi / Suwayomi / Komikku / Neko),Erofus,erofus.com,en,NSFW,Erofus
Mihon family (Mihon / Tachiyomi / Suwayomi / Komikku / Neko),Scythe Scans,scythescans.com,en,,Scythe Scans
Mihon family (Mihon / Tachiyomi / Suwayomi / Komikku / Neko),Eva Scans,evascans.net,en,,Eva Scans
Mihon family (Mihon / Tachiyomi / Suwayomi / Komikku / Neko),Existential Comics,existentialcomics.com,en,,Existential Comics
Mihon family (Mihon / Tachiyomi / Suwayomi / Komikku / Neko),Cyanide & Happiness,explosm.net,en,,Cyanide & Happiness
Mihon family (Mihon / Tachiyomi / Suwayomi / Komikku / Neko),EZmanga,ezmanga.org,en,,EZmanga
Mihon family (Mihon / Tachiyomi / Suwayomi / Komikku / Neko),Fairy Scans,fairyscans.org,en,,Fairy Scans
Mihon family (Mihon / Tachiyomi / Suwayomi / Komikku / Neko),Firescans,firescans.xyz,en,,Firescans
Mihon family (Mihon / Tachiyomi / Suwayomi / Komikku / Neko),Flame Comics,flamecomics.xyz,en,,Flame Comics
Mihon family (Mihon / Tachiyomi / Suwayomi / Komikku / Neko),Frieren Online,frieren.online,en,,Frieren Online
Mihon family (Mihon / Tachiyomi / Suwayomi / Komikku / Neko),GakaMangas,gakamangas.com,en,,GakaMangas
Mihon family (Mihon / Tachiyomi / Suwayomi / Komikku / Neko),GalaxyDegenScans,gdscans.com,en,,GalaxyDegenScans
Mihon family (Mihon / Tachiyomi / Suwayomi / Komikku / Neko),Galaxy Manga,galaxymanga.io,en,,Galaxy Manga
Mihon family (Mihon / Tachiyomi / Suwayomi / Komikku / Neko),GEDE Comix,gedecomix.com,en,NSFW,GEDE Comix
Mihon family (Mihon / Tachiyomi / Suwayomi / Komikku / Neko),GingeRTooN,gingertoon.com,en,NSFW,GingeRTooN
Mihon family (Mihon / Tachiyomi / Suwayomi / Komikku / Neko),GirlsTop,en.girlstop.info,en,NSFW,GirlsTop
Mihon family (Mihon / Tachiyomi / Suwayomi / Komikku / Neko),Goda,manhuascans.org,en,,Goda
Mihon family (Mihon / Tachiyomi / Suwayomi / Komikku / Neko),Gourmet Scans,gourmetsupremacy.com,en,,Gourmet Scans
Mihon family (Mihon / Tachiyomi / Suwayomi / Komikku / Neko),Greed Scans,gojoscans.com,en,,Greed Scans
Mihon family (Mihon / Tachiyomi / Suwayomi / Komikku / Neko),Grim Scans,grimscans.com,en,,Grim Scans
Mihon family (Mihon / Tachiyomi / Suwayomi / Komikku / Neko),Grrl Power Comic,grrlpowercomic.com,en,,Grrl Power Comic
Mihon family (Mihon / Tachiyomi / Suwayomi / Komikku / Neko),Gunnerkrigg Court,gunnerkrigg.com,en,,Gunnerkrigg Court
Mihon family (Mihon / Tachiyomi / Suwayomi / Komikku / Neko),Guya,guya.cubari.moe,en,,Guya
Mihon family (Mihon / Tachiyomi / Suwayomi / Komikku / Neko),Gone with the Blastwave,blastwave-comic.com,en,,Gone with the Blastwave
Mihon family (Mihon / Tachiyomi / Suwayomi / Komikku / Neko),Hachirumi,hachirumi.com,en,,Hachirumi
Mihon family (Mihon / Tachiyomi / Suwayomi / Komikku / Neko),Hades Scans,hadesscans.com,en,,Hades Scans
Mihon family (Mihon / Tachiyomi / Suwayomi / Komikku / Neko),Hentai3z.CC,hentai3z.cc,en,NSFW,Hentai3z.CC
Mihon family (Mihon / Tachiyomi / Suwayomi / Komikku / Neko),Hentai4Free,hentai4free.net,en,NSFW,Hentai4Free
Mihon family (Mihon / Tachiyomi / Suwayomi / Komikku / Neko),HentaiHere,hentaihere.com,en,NSFW,HentaiHere
Mihon family (Mihon / Tachiyomi / Suwayomi / Komikku / Neko),HentaiKisu,hentaikisu.com,en,NSFW,HentaiKisu
Mihon family (Mihon / Tachiyomi / Suwayomi / Komikku / Neko),HentaiKun,hentaikun.com,en,NSFW,HentaiKun
Mihon family (Mihon / Tachiyomi / Suwayomi / Komikku / Neko),HentaiNexus,hentainexus.com,en,NSFW,HentaiNexus
Mihon family (Mihon / Tachiyomi / Suwayomi / Komikku / Neko),HentaiRead,hentairead.com,en,NSFW,HentaiRead
Mihon family (Mihon / Tachiyomi / Suwayomi / Komikku / Neko),HentaiRead.io,hentairead.io,en,NSFW,HentaiRead.io
Mihon family (Mihon / Tachiyomi / Suwayomi / Komikku / Neko),HentaiSco,hentaisco.cc,en,NSFW,HentaiSco
Mihon family (Mihon / Tachiyomi / Suwayomi / Komikku / Neko),HentaiXComic,hentaixcomic.com,en,NSFW,HentaiXComic
Mihon family (Mihon / Tachiyomi / Suwayomi / Komikku / Neko),HentaiXDickgirl,hentaixdickgirl.com,en,NSFW,HentaiXDickgirl
Mihon family (Mihon / Tachiyomi / Suwayomi / Komikku / Neko),HentaiXYuri,hentaixyuri.com,en,NSFW,HentaiXYuri
Mihon family (Mihon / Tachiyomi / Suwayomi / Komikku / Neko),Hentara,hentara.com,en,NSFW,Hentara
Mihon family (Mihon / Tachiyomi / Suwayomi / Komikku / Neko),ToonHey,toonhey.com,en,NSFW,ToonHey
Mihon family (Mihon / Tachiyomi / Suwayomi / Komikku / Neko),Hijala Scans,en-hijala.com,en,,Hijala Scans
Mihon family (Mihon / Tachiyomi / Suwayomi / Komikku / Neko),Hiperdex,hiperdex.tv,en,,Hiperdex
Mihon family (Mihon / Tachiyomi / Suwayomi / Komikku / Neko),Hiveworks Comics,hiveworkscomics.com,en,,Hiveworks Comics
Mihon family (Mihon / Tachiyomi / Suwayomi / Komikku / Neko),HM2D,doujindistrict.com,en,NSFW,HM2D
Mihon family (Mihon / Tachiyomi / Suwayomi / Komikku / Neko),Honkai Impact 3rd,manga.honkaiimpact3.com,en,,HonkaiImpact3
Mihon family (Mihon / Tachiyomi / Suwayomi / Komikku / Neko),HotComics,hotcomics.me,en,NSFW,HotComics
Mihon family (Mihon / Tachiyomi / Suwayomi / Komikku / Neko),Hunlight Comics,hunlightcomics.com,en,,Hunlight Comics
Mihon family (Mihon / Tachiyomi / Suwayomi / Komikku / Neko),Hyakuro Translations,hyakuro.net,en,,Hyakuro Translations
Mihon family (Mihon / Tachiyomi / Suwayomi / Komikku / Neko),I'm An Evil God,imanevilgod.com,en,,I'm An Evil God
Mihon family (Mihon / Tachiyomi / Suwayomi / Komikku / Neko),Hive Scans,hivetoons.org,en,,Hive Scans
Mihon family (Mihon / Tachiyomi / Suwayomi / Komikku / Neko),InfinityScans,infinityscans.org,en,,InfinityScans
Mihon family (Mihon / Tachiyomi / Suwayomi / Komikku / Neko),INKR,comics.inkr.com,en,,INKR
Mihon family (Mihon / Tachiyomi / Suwayomi / Komikku / Neko),I Roved Out,irovedout.com,en,NSFW,I Roved Out
Mihon family (Mihon / Tachiyomi / Suwayomi / Komikku / Neko),IsekaiScan.top (unoriginal),isekaiscan.top,en,,IsekaiScan.top (unoriginal)
Mihon family (Mihon / Tachiyomi / Suwayomi / Komikku / Neko),Jinmangas,jinmangas.com,en,,Jinmangas
Mihon family (Mihon / Tachiyomi / Suwayomi / Komikku / Neko),J-Novel,j-novel.club,en,,J-Novel
Mihon family (Mihon / Tachiyomi / Suwayomi / Komikku / Neko),Kaizen Scan,kaizenscan.com,en,NSFW,Kaizen Scan
Mihon family (Mihon / Tachiyomi / Suwayomi / Komikku / Neko),KaliScan,kaliscan.com,en,,KaliScan
Mihon family (Mihon / Tachiyomi / Suwayomi / Komikku / Neko),Kappa Beast,kappabeast.com,en,,Kappa Beast
Mihon family (Mihon / Tachiyomi / Suwayomi / Komikku / Neko),Kayn Scans,kaynscans.com,en,,Kayn Scans
Mihon family (Mihon / Tachiyomi / Suwayomi / Komikku / Neko),Keenspot TwoKinds,twokinds.keenspot.com,en,,keenspot
Mihon family (Mihon / Tachiyomi / Suwayomi / Komikku / Neko),Ken Scans,kencomics.com,en,,Ken Scans
Mihon family (Mihon / Tachiyomi / Suwayomi / Komikku / Neko),Kewn Scans,kewnscans.org,en,,Kewn Scans
Mihon family (Mihon / Tachiyomi / Suwayomi / Komikku / Neko),KillSixBillionDemons,killsixbilliondemons.com,en,,Kill Six Billion Demons
Mihon family (Mihon / Tachiyomi / Suwayomi / Komikku / Neko),KingComiX,kingcomix.com,en,NSFW,KingComiX
Mihon family (Mihon / Tachiyomi / Suwayomi / Komikku / Neko),King of Shojo,kingofshojo.com,en,,King of Shojo
Mihon family (Mihon / Tachiyomi / Suwayomi / Komikku / Neko),Kissmanga.in,kissmanga.in,en,,Kissmanga.in
Mihon family (Mihon / Tachiyomi / Suwayomi / Komikku / Neko),K Manga,kmanga.kodansha.com,en,,K Manga
Mihon family (Mihon / Tachiyomi / Suwayomi / Komikku / Neko),Kodansha,kodansha.us,en,,Kodansha
Mihon family (Mihon / Tachiyomi / Suwayomi / Komikku / Neko),KSGroupScans,ksgroupscans.com,en,,KSGroupScans
Mihon family (Mihon / Tachiyomi / Suwayomi / Komikku / Neko),Kun Manga Online,kunmanga.online,en,,Kun Manga Online
Mihon family (Mihon / Tachiyomi / Suwayomi / Komikku / Neko),KuraManga,kuramanga.com,en,,KuraManga
Mihon family (Mihon / Tachiyomi / Suwayomi / Komikku / Neko),Lagoon Scans,lagoonscans.com,en,,Lagoon Scans
Mihon family (Mihon / Tachiyomi / Suwayomi / Komikku / Neko),Leslie&Victims,leslie-victims.pages.dev,en,,Leslie&Victims
Mihon family (Mihon / Tachiyomi / Suwayomi / Komikku / Neko),LHTranslation,lhtranslation.net,en,,LHTranslation
Mihon family (Mihon / Tachiyomi / Suwayomi / Komikku / Neko),LikeManga,likemanga.ink,en,,LikeManga
Mihon family (Mihon / Tachiyomi / Suwayomi / Komikku / Neko),MangaYY,mangayy.org,en,,MangaYY
Mihon family (Mihon / Tachiyomi / Suwayomi / Komikku / Neko),Lily Manga,lilymanga.net,en,,Lily Manga
Mihon family (Mihon / Tachiyomi / Suwayomi / Komikku / Neko),LinkManga,linkmanga.com,en,,LinkManga
Mihon family (Mihon / Tachiyomi / Suwayomi / Komikku / Neko),Loading Artist,loadingartist.com,en,,Loading Artist
Mihon family (Mihon / Tachiyomi / Suwayomi / Komikku / Neko),Lua Scans,luacomic.org,en,,Lua Scans
Mihon family (Mihon / Tachiyomi / Suwayomi / Komikku / Neko),Luminare Translations,luminaretranslations.com,en,,Luminare Translations
Mihon family (Mihon / Tachiyomi / Suwayomi / Komikku / Neko),Luna Toons,lunatoons.org,en,,Luna Toons
Mihon family (Mihon / Tachiyomi / Suwayomi / Komikku / Neko),LustToon,lustoon.com,en,,LustToon
Mihon family (Mihon / Tachiyomi / Suwayomi / Komikku / Neko),MadaraDex,madaradex.org,en,,MadaraDex
Mihon family (Mihon / Tachiyomi / Suwayomi / Komikku / Neko),Madara Scans,madarascans.org,en,,Madara Scans
Mihon family (Mihon / Tachiyomi / Suwayomi / Komikku / Neko),Madokami,manga.madokami.al,en,,Madokami
Mihon family (Mihon / Tachiyomi / Suwayomi / Komikku / Neko),Magus Manga,magustoon.org,en,,Magus Manga
Mihon family (Mihon / Tachiyomi / Suwayomi / Komikku / Neko),Mahouirexnohentaikarte,mahouirexnohentaikarte.com,en,NSFW,Mahouirexnohentaikarte
Mihon family (Mihon / Tachiyomi / Suwayomi / Komikku / Neko),Manga18.Club,manga18.club,en,NSFW,Manga18.Club
Mihon family (Mihon / Tachiyomi / Suwayomi / Komikku / Neko),Manga18Free,manga18free.com,en,NSFW,Manga18Free
Mihon family (Mihon / Tachiyomi / Suwayomi / Komikku / Neko),Manga 18x,manga18x.net,en,NSFW,Manga 18x
Mihon family (Mihon / Tachiyomi / Suwayomi / Komikku / Neko),Mangabat,mangabats.com,en,,Mangabat
Mihon family (Mihon / Tachiyomi / Suwayomi / Komikku / Neko),Manga-Bay,read.manga-bay.org,en,,Manga-Bay
Mihon family (Mihon / Tachiyomi / Suwayomi / Komikku / Neko),MangaBlaze,mangablaze.com,en,,MangaBlaze
Mihon family (Mihon / Tachiyomi / Suwayomi / Komikku / Neko),MangaBolt,mangabolt.com,en,,MangaBolt
Mihon family (Mihon / Tachiyomi / Suwayomi / Komikku / Neko),MangaK,mangak.io,en,,MangaK
Mihon family (Mihon / Tachiyomi / Suwayomi / Komikku / Neko),Mangack,mangack.com,en,,Mangack
Mihon family (Mihon / Tachiyomi / Suwayomi / Komikku / Neko),MangaCloud,mangacloud.org,en,,MangaCloud
Mihon family (Mihon / Tachiyomi / Suwayomi / Komikku / Neko),Manga Dass,mangadass.com,en,,Manga Dass
Mihon family (Mihon / Tachiyomi / Suwayomi / Komikku / Neko),MangaDE,mangade.io,en,,MangaDE
Mihon family (Mihon / Tachiyomi / Suwayomi / Komikku / Neko),Manga Demon,demonicscans.org,en,,Manga Demon
Mihon family (Mihon / Tachiyomi / Suwayomi / Komikku / Neko),MangaDia,mangadia.com,en,,MangaDia
Mihon family (Mihon / Tachiyomi / Suwayomi / Komikku / Neko),Manga District,mangadistrict.com,en,,Manga District
Mihon family (Mihon / Tachiyomi / Suwayomi / Komikku / Neko),MangaDot,mangadot.net,ar,,MangaDot
Mihon family (Mihon / Tachiyomi / Suwayomi / Komikku / Neko),MangaDot,mangadot.net,bn,,MangaDot
Mihon family (Mihon / Tachiyomi / Suwayomi / Komikku / Neko),MangaDot,mangadot.net,bg,,MangaDot
Mihon family (Mihon / Tachiyomi / Suwayomi / Komikku / Neko),MangaDot,mangadot.net,my,,MangaDot
Mihon family (Mihon / Tachiyomi / Suwayomi / Komikku / Neko),MangaDot,mangadot.net,zh,,MangaDot
Mihon family (Mihon / Tachiyomi / Suwayomi / Komikku / Neko),MangaDot,mangadot.net,zh-Hant,,MangaDot
Mihon family (Mihon / Tachiyomi / Suwayomi / Komikku / Neko),MangaDot,mangadot.net,cs,,MangaDot
Mihon family (Mihon / Tachiyomi / Suwayomi / Komikku / Neko),MangaDot,mangadot.net,da,,MangaDot
Mihon family (Mihon / Tachiyomi / Suwayomi / Komikku / Neko),MangaDot,mangadot.net,nl,,MangaDot
Mihon family (Mihon / Tachiyomi / Suwayomi / Komikku / Neko),MangaDot,mangadot.net,en,,MangaDot
Mihon family (Mihon / Tachiyomi / Suwayomi / Komikku / Neko),MangaDot,mangadot.net,tl,,MangaDot
Mihon family (Mihon / Tachiyomi / Suwayomi / Komikku / Neko),MangaDot,mangadot.net,fi,,MangaDot
Mihon family (Mihon / Tachiyomi / Suwayomi / Komikku / Neko),MangaDot,mangadot.net,fr,,MangaDot
Mihon family (Mihon / Tachiyomi / Suwayomi / Komikku / Neko),MangaDot,mangadot.net,ka,,MangaDot
Mihon family (Mihon / Tachiyomi / Suwayomi / Komikku / Neko),MangaDot,mangadot.net,de,,MangaDot
Mihon family (Mihon / Tachiyomi / Suwayomi / Komikku / Neko),MangaDot,mangadot.net,el,,MangaDot
Mihon family (Mihon / Tachiyomi / Suwayomi / Komikku / Neko),MangaDot,mangadot.net,he,,MangaDot
Mihon family (Mihon / Tachiyomi / Suwayomi / Komikku / Neko),MangaDot,mangadot.net,hi,,MangaDot
Mihon family (Mihon / Tachiyomi / Suwayomi / Komikku / Neko),MangaDot,mangadot.net,hu,,MangaDot
Mihon family (Mihon / Tachiyomi / Suwayomi / Komikku / Neko),MangaDot,mangadot.net,id,,MangaDot
Mihon family (Mihon / Tachiyomi / Suwayomi / Komikku / Neko),MangaDot,mangadot.net,it,,MangaDot
Mihon family (Mihon / Tachiyomi / Suwayomi / Komikku / Neko),MangaDot,mangadot.net,ja,,MangaDot
Mihon family (Mihon / Tachiyomi / Suwayomi / Komikku / Neko),MangaDot,mangadot.net,ko,,MangaDot
Mihon family (Mihon / Tachiyomi / Suwayomi / Komikku / Neko),MangaDot,mangadot.net,la,,MangaDot
Mihon family (Mihon / Tachiyomi / Suwayomi / Komikku / Neko),MangaDot,mangadot.net,lt,,MangaDot
Mihon family (Mihon / Tachiyomi / Suwayomi / Komikku / Neko),MangaDot,mangadot.net,ms,,MangaDot
Mihon family (Mihon / Tachiyomi / Suwayomi / Komikku / Neko),MangaDot,mangadot.net,mn,,MangaDot
Mihon family (Mihon / Tachiyomi / Suwayomi / Komikku / Neko),MangaDot,mangadot.net,no,,MangaDot
Mihon family (Mihon / Tachiyomi / Suwayomi / Komikku / Neko),MangaDot,mangadot.net,fa,,MangaDot
Mihon family (Mihon / Tachiyomi / Suwayomi / Komikku / Neko),MangaDot,mangadot.net,pl,,MangaDot
Mihon family (Mihon / Tachiyomi / Suwayomi / Komikku / Neko),MangaDot,mangadot.net,pt,,MangaDot
Mihon family (Mihon / Tachiyomi / Suwayomi / Komikku / Neko),MangaDot,mangadot.net,pt-BR,,MangaDot
Mihon family (Mihon / Tachiyomi / Suwayomi / Komikku / Neko),MangaDot,mangadot.net,ro,,MangaDot
Mihon family (Mihon / Tachiyomi / Suwayomi / Komikku / Neko),MangaDot,mangadot.net,ru,,MangaDot
Mihon family (Mihon / Tachiyomi / Suwayomi / Komikku / Neko),MangaDot,mangadot.net,es,,MangaDot
Mihon family (Mihon / Tachiyomi / Suwayomi / Komikku / Neko),MangaDot,mangadot.net,es-419,,MangaDot
Mihon family (Mihon / Tachiyomi / Suwayomi / Komikku / Neko),MangaDot,mangadot.net,sv,,MangaDot
Mihon family (Mihon / Tachiyomi / Suwayomi / Komikku / Neko),MangaDot,mangadot.net,th,,MangaDot
Mihon family (Mihon / Tachiyomi / Suwayomi / Komikku / Neko),MangaDot,mangadot.net,tr,,MangaDot
Mihon family (Mihon / Tachiyomi / Suwayomi / Komikku / Neko),MangaDot,mangadot.net,uk,,MangaDot
Mihon family (Mihon / Tachiyomi / Suwayomi / Komikku / Neko),MangaDot,mangadot.net,vi,,MangaDot
Mihon family (Mihon / Tachiyomi / Suwayomi / Komikku / Neko),MangaDot,mangadot.net,zu,,MangaDot
Mihon family (Mihon / Tachiyomi / Suwayomi / Komikku / Neko),MangaDot,mangadot.net,zh-tw,,MangaDot
Mihon family (Mihon / Tachiyomi / Suwayomi / Komikku / Neko),MangaDot,mangadot.net,yo,,MangaDot
Mihon family (Mihon / Tachiyomi / Suwayomi / Komikku / Neko),MangaDot,mangadot.net,uz,,MangaDot
Mihon family (Mihon / Tachiyomi / Suwayomi / Komikku / Neko),MangaDot,mangadot.net,ur,,MangaDot
Mihon family (Mihon / Tachiyomi / Suwayomi / Komikku / Neko),MangaDot,mangadot.net,tk,,MangaDot
Mihon family (Mihon / Tachiyomi / Suwayomi / Komikku / Neko),MangaDot,mangadot.net,to,,MangaDot
Mihon family (Mihon / Tachiyomi / Suwayomi / Komikku / Neko),MangaDot,mangadot.net,ti,,MangaDot
Mihon family (Mihon / Tachiyomi / Suwayomi / Komikku / Neko),MangaDot,mangadot.net,te,,MangaDot
Mihon family (Mihon / Tachiyomi / Suwayomi / Komikku / Neko),MangaDot,mangadot.net,ta,,MangaDot
Mihon family (Mihon / Tachiyomi / Suwayomi / Komikku / Neko),MangaDot,mangadot.net,tg,,MangaDot
Mihon family (Mihon / Tachiyomi / Suwayomi / Komikku / Neko),MangaDot,mangadot.net,ss,,MangaDot
Mihon family (Mihon / Tachiyomi / Suwayomi / Komikku / Neko),MangaDot,mangadot.net,sw,,MangaDot
Mihon family (Mihon / Tachiyomi / Suwayomi / Komikku / Neko),MangaDot,mangadot.net,so,,MangaDot
Mihon family (Mihon / Tachiyomi / Suwayomi / Komikku / Neko),MangaDot,mangadot.net,sl,,MangaDot
Mihon family (Mihon / Tachiyomi / Suwayomi / Komikku / Neko),MangaDot,mangadot.net,sk,,MangaDot
Mihon family (Mihon / Tachiyomi / Suwayomi / Komikku / Neko),MangaDot,mangadot.net,si,,MangaDot
Mihon family (Mihon / Tachiyomi / Suwayomi / Komikku / Neko),MangaDot,mangadot.net,sd,,MangaDot
Mihon family (Mihon / Tachiyomi / Suwayomi / Komikku / Neko),MangaDot,mangadot.net,sn,,MangaDot
Mihon family (Mihon / Tachiyomi / Suwayomi / Komikku / Neko),MangaDot,mangadot.net,st,,MangaDot
Mihon family (Mihon / Tachiyomi / Suwayomi / Komikku / Neko),MangaDot,mangadot.net,sh,,MangaDot
Mihon family (Mihon / Tachiyomi / Suwayomi / Komikku / Neko),MangaDot,mangadot.net,sr,,MangaDot
Mihon family (Mihon / Tachiyomi / Suwayomi / Komikku / Neko),MangaDot,mangadot.net,sm,,MangaDot
Mihon family (Mihon / Tachiyomi / Suwayomi / Komikku / Neko),MangaDot,mangadot.net,rm,,MangaDot
Mihon family (Mihon / Tachiyomi / Suwayomi / Komikku / Neko),MangaDot,mangadot.net,ps,,MangaDot
Mihon family (Mihon / Tachiyomi / Suwayomi / Komikku / Neko),MangaDot,mangadot.net,ny,,MangaDot
Mihon family (Mihon / Tachiyomi / Suwayomi / Komikku / Neko),MangaDot,mangadot.net,ne,,MangaDot
Mihon family (Mihon / Tachiyomi / Suwayomi / Komikku / Neko),MangaDot,mangadot.net,mo,,MangaDot
Mihon family (Mihon / Tachiyomi / Suwayomi / Komikku / Neko),MangaDot,mangadot.net,mr,,MangaDot
Mihon family (Mihon / Tachiyomi / Suwayomi / Komikku / Neko),MangaDot,mangadot.net,mi,,MangaDot
Mihon family (Mihon / Tachiyomi / Suwayomi / Komikku / Neko),MangaDot,mangadot.net,mt,,MangaDot
Mihon family (Mihon / Tachiyomi / Suwayomi / Komikku / Neko),MangaDot,mangadot.net,ml,,MangaDot
Mihon family (Mihon / Tachiyomi / Suwayomi / Komikku / Neko),MangaDot,mangadot.net,mg,,MangaDot
Mihon family (Mihon / Tachiyomi / Suwayomi / Komikku / Neko),MangaDot,mangadot.net,mk,,MangaDot
Mihon family (Mihon / Tachiyomi / Suwayomi / Komikku / Neko),MangaDot,mangadot.net,lb,,MangaDot
Mihon family (Mihon / Tachiyomi / Suwayomi / Komikku / Neko),MangaDot,mangadot.net,lv,,MangaDot
Mihon family (Mihon / Tachiyomi / Suwayomi / Komikku / Neko),MangaDot,mangadot.net,lo,,MangaDot
Mihon family (Mihon / Tachiyomi / Suwayomi / Komikku / Neko),MangaDot,mangadot.net,ky,,MangaDot
Mihon family (Mihon / Tachiyomi / Suwayomi / Komikku / Neko),MangaDot,mangadot.net,ku,,MangaDot
Mihon family (Mihon / Tachiyomi / Suwayomi / Komikku / Neko),MangaDot,mangadot.net,kk,,MangaDot
Mihon family (Mihon / Tachiyomi / Suwayomi / Komikku / Neko),MangaDot,mangadot.net,kn,,MangaDot
Mihon family (Mihon / Tachiyomi / Suwayomi / Komikku / Neko),MangaDot,mangadot.net,jv,,MangaDot
Mihon family (Mihon / Tachiyomi / Suwayomi / Komikku / Neko),MangaDot,mangadot.net,ga,,MangaDot
Mihon family (Mihon / Tachiyomi / Suwayomi / Komikku / Neko),MangaDot,mangadot.net,ig,,MangaDot
Mihon family (Mihon / Tachiyomi / Suwayomi / Komikku / Neko),MangaDot,mangadot.net,is,,MangaDot
Mihon family (Mihon / Tachiyomi / Suwayomi / Komikku / Neko),MangaDot,mangadot.net,ha,,MangaDot
Mihon family (Mihon / Tachiyomi / Suwayomi / Komikku / Neko),MangaDot,mangadot.net,ht,,MangaDot
Mihon family (Mihon / Tachiyomi / Suwayomi / Komikku / Neko),MangaDot,mangadot.net,gu,,MangaDot
Mihon family (Mihon / Tachiyomi / Suwayomi / Komikku / Neko),MangaDot,mangadot.net,gn,,MangaDot
Mihon family (Mihon / Tachiyomi / Suwayomi / Komikku / Neko),MangaDot,mangadot.net,gl,,MangaDot
Mihon family (Mihon / Tachiyomi / Suwayomi / Komikku / Neko),MangaDot,mangadot.net,fo,,MangaDot
Mihon family (Mihon / Tachiyomi / Suwayomi / Komikku / Neko),MangaDot,mangadot.net,et,,MangaDot
Mihon family (Mihon / Tachiyomi / Suwayomi / Komikku / Neko),MangaDot,mangadot.net,eo,,MangaDot
Mihon family (Mihon / Tachiyomi / Suwayomi / Komikku / Neko),MangaDot,mangadot.net,hr,,MangaDot
Mihon family (Mihon / Tachiyomi / Suwayomi / Komikku / Neko),MangaDot,mangadot.net,cv,,MangaDot
Mihon family (Mihon / Tachiyomi / Suwayomi / Komikku / Neko),MangaDot,mangadot.net,ceb,,MangaDot
Mihon family (Mihon / Tachiyomi / Suwayomi / Komikku / Neko),MangaDot,mangadot.net,ca,,MangaDot
Mihon family (Mihon / Tachiyomi / Suwayomi / Komikku / Neko),MangaDot,mangadot.net,km,,MangaDot
Mihon family (Mihon / Tachiyomi / Suwayomi / Komikku / Neko),MangaDot,mangadot.net,bs,,MangaDot
Mihon family (Mihon / Tachiyomi / Suwayomi / Komikku / Neko),MangaDot,mangadot.net,be,,MangaDot
Mihon family (Mihon / Tachiyomi / Suwayomi / Komikku / Neko),MangaDot,mangadot.net,eu,,MangaDot
Mihon family (Mihon / Tachiyomi / Suwayomi / Komikku / Neko),MangaDot,mangadot.net,az,,MangaDot
Mihon family (Mihon / Tachiyomi / Suwayomi / Komikku / Neko),MangaDot,mangadot.net,hy,,MangaDot
Mihon family (Mihon / Tachiyomi / Suwayomi / Komikku / Neko),MangaDot,mangadot.net,am,,MangaDot
Mihon family (Mihon / Tachiyomi / Suwayomi / Komikku / Neko),MangaDot,mangadot.net,sq,,MangaDot
Mihon family (Mihon / Tachiyomi / Suwayomi / Komikku / Neko),MangaDot,mangadot.net,af,,MangaDot
Mihon family (Mihon / Tachiyomi / Suwayomi / Komikku / Neko),MangaDot,mangadot.net,ab,,MangaDot
Mihon family (Mihon / Tachiyomi / Suwayomi / Komikku / Neko),Manga Drama,mangadrama.com,en,NSFW,Manga Drama
Mihon family (Mihon / Tachiyomi / Suwayomi / Komikku / Neko),Mangaforfree.com,mangaforfree.com,en,NSFW,Mangaforfree.com
Mihon family (Mihon / Tachiyomi / Suwayomi / Komikku / Neko),MangaFox,fanfox.net,en,,MangaFox
Mihon family (Mihon / Tachiyomi / Suwayomi / Komikku / Neko),MangaFox.fun,mangafox.fun,en,,MangaFox.fun
Mihon family (Mihon / Tachiyomi / Suwayomi / Komikku / Neko),Mangafreak,ww3.mangafreak.me,en,,Mangafreak
Mihon family (Mihon / Tachiyomi / Suwayomi / Komikku / Neko),Mangafree,mangafree.info,en,NSFW,Mangafree
Mihon family (Mihon / Tachiyomi / Suwayomi / Komikku / Neko),MangaGG,mangagg.com,en,,MangaGG
Mihon family (Mihon / Tachiyomi / Suwayomi / Komikku / Neko),Mangago,mangago.me,en,,Mangago
Mihon family (Mihon / Tachiyomi / Suwayomi / Komikku / Neko),MangaGo.fun,mangago.fun,en,,MangaGo.fun
Mihon family (Mihon / Tachiyomi / Suwayomi / Komikku / Neko),MangaHe,mangahe.com,en,,MangaHe
Mihon family (Mihon / Tachiyomi / Suwayomi / Komikku / Neko),Gensura,gensura.net,en,NSFW,Gensura
Mihon family (Mihon / Tachiyomi / Suwayomi / Komikku / Neko),Mangahere,mangahere.cc,en,,Mangahere
Mihon family (Mihon / Tachiyomi / Suwayomi / Komikku / Neko),MangaHere.onl,mangahere.onl,en,,MangaHere.onl
Mihon family (Mihon / Tachiyomi / Suwayomi / Komikku / Neko),MangaHub,mangahub.io,en,,MangaHub
Mihon family (Mihon / Tachiyomi / Suwayomi / Komikku / Neko),MangaKa,mangaka.cc,en,,MangaKa
Mihon family (Mihon / Tachiyomi / Suwayomi / Komikku / Neko),Mangakakalot,mangakakalot.gg,en,,Mangakakalot
Mihon family (Mihon / Tachiyomi / Suwayomi / Komikku / Neko),Mangakakalot.fun,mangakakalot.fun,en,,Mangakakalot.fun
Mihon family (Mihon / Tachiyomi / Suwayomi / Komikku / Neko),MangaKatana,mangakatana.com,en,,MangaKatana
Mihon family (Mihon / Tachiyomi / Suwayomi / Komikku / Neko),Manga Kiss,mangakiss.org,en,,Manga Kiss
Mihon family (Mihon / Tachiyomi / Suwayomi / Komikku / Neko),MangaLix,mangalix.com,en,,MangaLix
Mihon family (Mihon / Tachiyomi / Suwayomi / Komikku / Neko),MangaManiacs,mangamaniacs.org,en,NSFW,MangaManiacs
Mihon family (Mihon / Tachiyomi / Suwayomi / Komikku / Neko),MangaMelon,mangamelon.com,en,,MangaMelon
Mihon family (Mihon / Tachiyomi / Suwayomi / Komikku / Neko),Manga Mirai,mangamirai.com,en,,Manga Mirai
Mihon family (Mihon / Tachiyomi / Suwayomi / Komikku / Neko),Mangamo,mangamo.com,en,,Mangamo
Mihon family (Mihon / Tachiyomi / Suwayomi / Komikku / Neko),Comivex,comivex.com,en,,Comivex
Mihon family (Mihon / Tachiyomi / Suwayomi / Komikku / Neko),MangaNel,manganel.me,en,,MangaNel
Mihon family (Mihon / Tachiyomi / Suwayomi / Komikku / Neko),Manganato,natomanga.com,en,,Manganato
Mihon family (Mihon / Tachiyomi / Suwayomi / Komikku / Neko),MangaNow,manganow.to,en,,MangaNow
Mihon family (Mihon / Tachiyomi / Suwayomi / Komikku / Neko),MangaOnline.fun,mangaonline.fun,en,,MangaOnline.fun
Mihon family (Mihon / Tachiyomi / Suwayomi / Komikku / Neko),MangaOwl.io (unoriginal),mangaowl.io,en,,MangaOwl.io (unoriginal)
Mihon family (Mihon / Tachiyomi / Suwayomi / Komikku / Neko),MangaPanda.onl,mangapanda.onl,en,,MangaPanda.onl
Mihon family (Mihon / Tachiyomi / Suwayomi / Komikku / Neko),MANGAPDF,mangapdf.org,en,,MANGAPDF
Mihon family (Mihon / Tachiyomi / Suwayomi / Komikku / Neko),MangaPill,mangapill.com,en,,MangaPill
Mihon family (Mihon / Tachiyomi / Suwayomi / Komikku / Neko),MangaGeko,mgeko.cc,en,,MangaGeko
Mihon family (Mihon / Tachiyomi / Suwayomi / Komikku / Neko),MangaReader.in,mangareader.in,en,,MangaReader.in
Mihon family (Mihon / Tachiyomi / Suwayomi / Komikku / Neko),MangaReader.site,mangareader.site,en,,MangaReader.site
Mihon family (Mihon / Tachiyomi / Suwayomi / Komikku / Neko),MangaRead.org,mangaread.org,en,,MangaRead.org
Mihon family (Mihon / Tachiyomi / Suwayomi / Komikku / Neko),Mangasushi,mangasushi.org,en,,Mangasushi
Mihon family (Mihon / Tachiyomi / Suwayomi / Komikku / Neko),Mangatellers,reader.mangatellers.gr,en,,Mangatellers
Mihon family (Mihon / Tachiyomi / Suwayomi / Komikku / Neko),MangaToday,mangatoday.fun,en,,MangaToday
Mihon family (Mihon / Tachiyomi / Suwayomi / Komikku / Neko),Mangatown,mangatown.com,en,,Mangatown
Mihon family (Mihon / Tachiyomi / Suwayomi / Komikku / Neko),Manga Trend,mangatrend.org,en,,Manga Trend
Mihon family (Mihon / Tachiyomi / Suwayomi / Komikku / Neko),MangaTX,mangatx.cc,en,,MangaTX
Mihon family (Mihon / Tachiyomi / Suwayomi / Komikku / Neko),Manga.uno,manga.uno,en,,Manga.uno
Mihon family (Mihon / Tachiyomi / Suwayomi / Komikku / Neko),MangaYi,mangayi.com,en,,MangaYi
Mihon family (Mihon / Tachiyomi / Suwayomi / Komikku / Neko),ManhuaFast.net (unoriginal),manhuafast.net,en,,ManhuaFast.net (unoriginal)
Mihon family (Mihon / Tachiyomi / Suwayomi / Komikku / Neko),ManhuaHot,manhuahot.com,en,,ManhuaHot
Mihon family (Mihon / Tachiyomi / Suwayomi / Komikku / Neko),Manhuanext,manhuanext.com,en,,Manhuanext
Mihon family (Mihon / Tachiyomi / Suwayomi / Komikku / Neko),Manhua Plus,manhuaplus.com,en,,Manhua Plus
Mihon family (Mihon / Tachiyomi / Suwayomi / Komikku / Neko),ManhuaPlus (Unoriginal),manhuaplus.org,en,,ManhuaPlus (Unoriginal)
Mihon family (Mihon / Tachiyomi / Suwayomi / Komikku / Neko),Manhua Rush,manhuarush.vercel.app,en,,Manhua Rush
Mihon family (Mihon / Tachiyomi / Suwayomi / Komikku / Neko),ManhuaTop,manhuatop.org,en,,ManhuaTop
Mihon family (Mihon / Tachiyomi / Suwayomi / Komikku / Neko),ManhuaUS,manhuaus.com,en,,ManhuaUS
Mihon family (Mihon / Tachiyomi / Suwayomi / Komikku / Neko),Manhua Zonghe,manhuazonghe.com,en,NSFW,Manhua Zonghe
Mihon family (Mihon / Tachiyomi / Suwayomi / Komikku / Neko),Manhwa18,manhwa18.com,en,NSFW,Manhwa18
Mihon family (Mihon / Tachiyomi / Suwayomi / Komikku / Neko),Manhwa18.org,manhwa18.org,en,NSFW,Manhwa18.org
Mihon family (Mihon / Tachiyomi / Suwayomi / Komikku / Neko),Manhwa68,manhwa68.com,en,NSFW,Manhwa68
Mihon family (Mihon / Tachiyomi / Suwayomi / Komikku / Neko),ManhwaBuddy,manhwabuddy.com,en,,ManhwaBuddy
Mihon family (Mihon / Tachiyomi / Suwayomi / Komikku / Neko),Manhwa Comics,manhwacomics.com,en,NSFW,Manhwa Comics
Mihon family (Mihon / Tachiyomi / Suwayomi / Komikku / Neko),ManhwaDen,manhwaden.com,en,NSFW,ManhwaDen
Mihon family (Mihon / Tachiyomi / Suwayomi / Komikku / Neko),ManhwaGet,manhwaget.com,en,,ManhwaGet
Mihon family (Mihon / Tachiyomi / Suwayomi / Komikku / Neko),ManhwaHub,manhwahub.net,en,,ManhwaHub
Mihon family (Mihon / Tachiyomi / Suwayomi / Komikku / Neko),Manhwalike,manhwalike.com,en,NSFW,Manhwalike
Mihon family (Mihon / Tachiyomi / Suwayomi / Komikku / Neko),ManhwaManhua,manhwamanhua.com,en,NSFW,ManhwaManhua
Mihon family (Mihon / Tachiyomi / Suwayomi / Komikku / Neko),ManhwaNex,manhwanex.com,en,,ManhwaNex
Mihon family (Mihon / Tachiyomi / Suwayomi / Komikku / Neko),ManhwaRead,manhwaread.com,en,,ManhwaRead
Mihon family (Mihon / Tachiyomi / Suwayomi / Komikku / Neko),Manhwa Reads,manhwareads.com,en,,Manhwa Reads
Mihon family (Mihon / Tachiyomi / Suwayomi / Komikku / Neko),Manhwa Toon,manhwatoon.me,en,,Manhwa Toon
Mihon family (Mihon / Tachiyomi / Suwayomi / Komikku / Neko),Manhwatop,manhwatop.com,en,,Manhwatop
Mihon family (Mihon / Tachiyomi / Suwayomi / Komikku / Neko),HentaiTnT,hentaitnt.net,en,NSFW,HentaiTnT
Mihon family (Mihon / Tachiyomi / Suwayomi / Komikku / Neko),ManhwaZ,manhwaz.com,en,,ManhwaZ
Mihon family (Mihon / Tachiyomi / Suwayomi / Komikku / Neko),ManhwaZone,manhwazone.com,en,,ManhwaZone
Mihon family (Mihon / Tachiyomi / Suwayomi / Komikku / Neko),Megatokyo,megatokyo.com,en,,Megatokyo
Mihon family (Mihon / Tachiyomi / Suwayomi / Komikku / Neko),Mehgazone,mehgazone.com,en,NSFW,Mehgazone
Mihon family (Mihon / Tachiyomi / Suwayomi / Komikku / Neko),MeiToon,meitoon.org,en,,MeiToon
Mihon family (Mihon / Tachiyomi / Suwayomi / Komikku / Neko),Mgread.io,mgread.io,en,,Mgread.io
Mihon family (Mihon / Tachiyomi / Suwayomi / Komikku / Neko),Milftoon,milftoon.xxx,en,NSFW,Milftoon
Mihon family (Mihon / Tachiyomi / Suwayomi / Komikku / Neko),Mist Scans,mistscans.com,en,,Mist Scans
Mihon family (Mihon / Tachiyomi / Suwayomi / Komikku / Neko),MLBB Lore Comics,play.mobilelegends.com,en,,MLBB Lore
Mihon family (Mihon / Tachiyomi / Suwayomi / Komikku / Neko),Monochrome Custom,monochromecms.netlify.app,en,,Monochrome Custom
Mihon family (Mihon / Tachiyomi / Suwayomi / Komikku / Neko),Monochrome Scans,manga.d34d.one,en,,Monochrome Scans
Mihon family (Mihon / Tachiyomi / Suwayomi / Komikku / Neko),Multporn,multporn.net,en,NSFW,Multporn
Mihon family (Mihon / Tachiyomi / Suwayomi / Komikku / Neko),MurimScan,murimscans.site,en,,MurimScan
Mihon family (Mihon / Tachiyomi / Suwayomi / Komikku / Neko),MyAdultComics,myadultcomics.com,en,NSFW,MyAdultComics
Mihon family (Mihon / Tachiyomi / Suwayomi / Komikku / Neko),MyHentaiComics,myhentaicomics.com,en,NSFW,MyHentaiComics
Mihon family (Mihon / Tachiyomi / Suwayomi / Komikku / Neko),MyHentaiGallery,myhentaigallery.com,en,NSFW,MyHentaiGallery
Mihon family (Mihon / Tachiyomi / Suwayomi / Komikku / Neko),New Manhwa,saymanhwa.com,en,,New Manhwa
Mihon family (Mihon / Tachiyomi / Suwayomi / Komikku / Neko),NexComic,nexcomic.com,en,,NexComic
Mihon family (Mihon / Tachiyomi / Suwayomi / Komikku / Neko),NineAnime,nineanime.com,en,NSFW,NineAnime
Mihon family (Mihon / Tachiyomi / Suwayomi / Komikku / Neko),NineHentai,9hentai.so,en,NSFW,NineHentai
Mihon family (Mihon / Tachiyomi / Suwayomi / Komikku / Neko),Ninekon,ninekon.com,en,,Ninekon
Mihon family (Mihon / Tachiyomi / Suwayomi / Komikku / Neko),NixManga,nixmanga.com,en,NSFW,NixManga
Mihon family (Mihon / Tachiyomi / Suwayomi / Komikku / Neko),NovelCrow,novelcrow.com,en,NSFW,NovelCrow
Mihon family (Mihon / Tachiyomi / Suwayomi / Komikku / Neko),Nuvia Toon,nuviatoon.com,en,,Nuvia Toon
Mihon family (Mihon / Tachiyomi / Suwayomi / Komikku / Neko),Nux Scans,nuxscans-comics.blogspot.com,en,,Nux Scans
Mihon family (Mihon / Tachiyomi / Suwayomi / Komikku / Neko),Nyanu Kafe,nyanukafe.com,en,,Nyanu Kafe
Mihon family (Mihon / Tachiyomi / Suwayomi / Komikku / Neko),Nyra Scans,nyrascans.com,en,,Nyra Scans
Mihon family (Mihon / Tachiyomi / Suwayomi / Komikku / Neko),Nyx Scans,nyxscans.com,en,,Nyx Scans
Mihon family (Mihon / Tachiyomi / Suwayomi / Komikku / Neko),OctopusManga,octopusmanga.com,en,NSFW,OctopusManga
Mihon family (Mihon / Tachiyomi / Suwayomi / Komikku / Neko),Oglaf,oglaf.com,en,NSFW,Oglaf
Mihon family (Mihon / Tachiyomi / Suwayomi / Komikku / Neko),Oh Joy Sex Toy,ohjoysextoy.com,en,NSFW,Oh Joy Sex Toy
Mihon family (Mihon / Tachiyomi / Suwayomi / Komikku / Neko),Omega Scans,omegascans.org,en,NSFW,Omega Scans
Mihon family (Mihon / Tachiyomi / Suwayomi / Komikku / Neko),1Manga.co,1manga.co,en,,1Manga.co
Mihon family (Mihon / Tachiyomi / Suwayomi / Komikku / Neko),OneManga.info,onemanga.info,en,,OneManga.info
Mihon family (Mihon / Tachiyomi / Suwayomi / Komikku / Neko),One Punch Man Online,w11.1punchman.com,en,,One Punch Man Online
Mihon family (Mihon / Tachiyomi / Suwayomi / Komikku / Neko),Only The Best Hentai,onlythebesthentai.com,en,NSFW,Only The Best Hentai
Mihon family (Mihon / Tachiyomi / Suwayomi / Komikku / Neko),The Order Of The Stick (OOTS),giantitp.com,en,,oots
Mihon family (Mihon / Tachiyomi / Suwayomi / Komikku / Neko),Oppai Stream,read.oppai.stream,en,,Oppai Stream
Mihon family (Mihon / Tachiyomi / Suwayomi / Komikku / Neko),Orchisasia,orchisasia.org,en,NSFW,Orchisasia
Mihon family (Mihon / Tachiyomi / Suwayomi / Komikku / Neko),Orion Scans,orion-scans.com,en,,Orion Scans
Mihon family (Mihon / Tachiyomi / Suwayomi / Komikku / Neko),Paradise Scans,paradisescans.com,en,NSFW,Paradise Scans
Mihon family (Mihon / Tachiyomi / Suwayomi / Komikku / Neko),Paritehaber,paritehaber.com,en,NSFW,Paritehaber
Mihon family (Mihon / Tachiyomi / Suwayomi / Komikku / Neko),Patch Friday,patchfriday.com,en,,Patch Friday
Mihon family (Mihon / Tachiyomi / Suwayomi / Komikku / Neko),Paw Manga,pawmanga.com,en,NSFW,Paw Manga
Mihon family (Mihon / Tachiyomi / Suwayomi / Komikku / Neko),Petrotechsociety,petrotechsociety.org,en,NSFW,Petrotechsociety
Mihon family (Mihon / Tachiyomi / Suwayomi / Komikku / Neko),Philia Scans,philiascans.org,en,,Philia Scans
Mihon family (Mihon / Tachiyomi / Suwayomi / Komikku / Neko),Rackus,rackusreads.com,en,,Rackus
Mihon family (Mihon / Tachiyomi / Suwayomi / Komikku / Neko),PornComix,bestporncomix.com,en,NSFW,PornComix
Mihon family (Mihon / Tachiyomi / Suwayomi / Komikku / Neko),QiScans,qimanga.com,en,,Qi Scans
Mihon family (Mihon / Tachiyomi / Suwayomi / Komikku / Neko),Questionable Content,questionablecontent.net,en,,Questionable Content
Mihon family (Mihon / Tachiyomi / Suwayomi / Komikku / Neko),Rage Scans,ragescans.com,en,,Rage Scans
Mihon family (Mihon / Tachiyomi / Suwayomi / Komikku / Neko),Randowiz,randowis.com,en,,Randowiz
Mihon family (Mihon / Tachiyomi / Suwayomi / Komikku / Neko),Raven Scans,ravenscans.org,en,,Raven Scans
Mihon family (Mihon / Tachiyomi / Suwayomi / Komikku / Neko),Razure,razure.org,en,,Razure
Mihon family (Mihon / Tachiyomi / Suwayomi / Komikku / Neko),RD Scans,rdscans.com,en,,RD Scans
Mihon family (Mihon / Tachiyomi / Suwayomi / Komikku / Neko),ReadAllComics,readallcomics.com,en,,ReadAllComics
Mihon family (Mihon / Tachiyomi / Suwayomi / Komikku / Neko),Read Attack on Titan Shingeki no Kyojin Manga,ww12.readsnk.com,en,,Read Attack on Titan Shingeki no Kyojin Manga
Mihon family (Mihon / Tachiyomi / Suwayomi / Komikku / Neko),Read Berserk Manga,readberserk.com,en,,Read Berserk Manga
Mihon family (Mihon / Tachiyomi / Suwayomi / Komikku / Neko),Read Black Clover Manga Online,ww10.readblackclover.com,en,,Read Black Clover Manga Online
Mihon family (Mihon / Tachiyomi / Suwayomi / Komikku / Neko),Read Chainsaw Man Manga Online,ww6.readchainsawman.com,en,NSFW,Read Chainsaw Man Manga Online
Mihon family (Mihon / Tachiyomi / Suwayomi / Komikku / Neko),ReadComicOnline,readcomiconline.li,en,,ReadComicOnline
Mihon family (Mihon / Tachiyomi / Suwayomi / Komikku / Neko),Read Comics Online,readcomicsonline.ru,en,,Read Comics Online
Mihon family (Mihon / Tachiyomi / Suwayomi / Komikku / Neko),Read Fairy Tail & Edens Zero Manga Online,ww9.readfairytail.com,en,,Read Fairy Tail & Edens Zero Manga Online
Mihon family (Mihon / Tachiyomi / Suwayomi / Komikku / Neko),Read Horimiya Online,read-horimiya.online,en,,Read Horimiya Online
Mihon family (Mihon / Tachiyomi / Suwayomi / Komikku / Neko),Read Jujutsu Kaisen Manga Online,ww6.readjujutsukaisen.com,en,,Read Jujutsu Kaisen Manga Online
Mihon family (Mihon / Tachiyomi / Suwayomi / Komikku / Neko),Read Kingdom Manga Online,ww6.readkingdom.com,en,,Read Kingdom Manga Online
Mihon family (Mihon / Tachiyomi / Suwayomi / Komikku / Neko),Read Nanatsu no Taizai 7 Deadly Sins Manga Online,ww8.read7deadlysins.com,en,,Read Nanatsu no Taizai 7 Deadly Sins Manga Online
Mihon family (Mihon / Tachiyomi / Suwayomi / Komikku / Neko),Read One Piece Manga Online,ww13.readonepiece.com,en,,Read One Piece Manga Online
Mihon family (Mihon / Tachiyomi / Suwayomi / Komikku / Neko),Read One-Punch Man Manga Online,ww7.readopm.com,en,,Read One-Punch Man Manga Online
Mihon family (Mihon / Tachiyomi / Suwayomi / Komikku / Neko),Read Solo Leveling Manga Manhwa Online,ww4.readsololeveling.org,en,,Read Solo Leveling Manga Manhwa Online
Mihon family (Mihon / Tachiyomi / Suwayomi / Komikku / Neko),Read Tokyo Ghoul Re & Tokyo Ghoul Manga Online,ww12.tokyoghoulre.com,en,,Read Tokyo Ghoul Re & Tokyo Ghoul Manga Online
Mihon family (Mihon / Tachiyomi / Suwayomi / Komikku / Neko),Read Vagabond Manga,readbagabondo.com,en,,Read Vagabond Manga
Mihon family (Mihon / Tachiyomi / Suwayomi / Komikku / Neko),Real Life Comics,reallifecomics.com,en,,Real Life Comics
Mihon family (Mihon / Tachiyomi / Suwayomi / Komikku / Neko),ReiManga,reimanga.net,en,,ReiManga
Mihon family (Mihon / Tachiyomi / Suwayomi / Komikku / Neko),Renascans,renascans.net,en,,Renascans
Mihon family (Mihon / Tachiyomi / Suwayomi / Komikku / Neko),Revival Scans,revivalscans.com,en,NSFW,Revival Scans
Mihon family (Mihon / Tachiyomi / Suwayomi / Komikku / Neko),Rinko Comics,rinkocomics.com,en,,Rinko Comics
Mihon family (Mihon / Tachiyomi / Suwayomi / Komikku / Neko),RitharScans,ritharscans.com,en,,RitharScans
Mihon family (Mihon / Tachiyomi / Suwayomi / Komikku / Neko),Rizz Comic,rizzfables.com,en,,Rizz Comic
Mihon family (Mihon / Tachiyomi / Suwayomi / Komikku / Neko),Rizz Comic (unoriginal),rizzcomic.com,en,,Rizz Comic (unoriginal)
Mihon family (Mihon / Tachiyomi / Suwayomi / Komikku / Neko),RokariComics,rokaricomics.com,en,,RokariComics
Mihon family (Mihon / Tachiyomi / Suwayomi / Komikku / Neko),Rolia Scan,roliascan.com,en,,Rolia Scan
Mihon family (Mihon / Tachiyomi / Suwayomi / Komikku / Neko),Rose Squad Scans,rosesquadscans.aishiteru.org,en,NSFW,Rose Squad Scans
Mihon family (Mihon / Tachiyomi / Suwayomi / Komikku / Neko),S2Manga,s2read.com,en,,S2Manga
Mihon family (Mihon / Tachiyomi / Suwayomi / Komikku / Neko),Sabrina Online,sabrina-online.com,en,,Sabrina Online
Mihon family (Mihon / Tachiyomi / Suwayomi / Komikku / Neko),SACACHISPA,sacachispa.site,en,,SACACHISPA
Mihon family (Mihon / Tachiyomi / Suwayomi / Komikku / Neko),Sana Scans,sanascans.com,en,,Sana Scans
Mihon family (Mihon / Tachiyomi / Suwayomi / Komikku / Neko),Saturday Morning Breakfast Comics,smbc-comics.com,en,,Saturday Morning Breakfast Comics
Mihon family (Mihon / Tachiyomi / Suwayomi / Komikku / Neko),ScansGG,scans.gg,en,,ScansGG
Mihon family (Mihon / Tachiyomi / Suwayomi / Komikku / Neko),Schlock Mercenary,schlockmercenary.com,en,,Schlock Mercenary
Mihon family (Mihon / Tachiyomi / Suwayomi / Komikku / Neko),Setsu Scans,setsuscans.com,en,,Setsu Scans
Mihon family (Mihon / Tachiyomi / Suwayomi / Komikku / Neko),Shiba Manga,shibamanga.com,en,NSFW,Shiba Manga
Mihon family (Mihon / Tachiyomi / Suwayomi / Komikku / Neko),Violet Scans,violetscans.org,en,,Violet Scans
Mihon family (Mihon / Tachiyomi / Suwayomi / Komikku / Neko),Siren Scans,sirenscans.com,en,,Siren Scans
Mihon family (Mihon / Tachiyomi / Suwayomi / Komikku / Neko),Sleepy Translations,sleepytranslations.com,en,,Sleepy Translations
Mihon family (Mihon / Tachiyomi / Suwayomi / Komikku / Neko),Solar and Sundry,sas-api.fly.dev,en,,Solar and Sundry
Mihon family (Mihon / Tachiyomi / Suwayomi / Komikku / Neko),Spmanhwa,spmanhwa.online,en,,Spmanhwa
Mihon family (Mihon / Tachiyomi / Suwayomi / Komikku / Neko),SpyFakku,hentalk.pw,en,NSFW,SpyFakku
Mihon family (Mihon / Tachiyomi / Suwayomi / Komikku / Neko),StoneScape,stonescape.xyz,en,,StoneScape
Mihon family (Mihon / Tachiyomi / Suwayomi / Komikku / Neko),Sunshine Butterfly Scans,wings.sbs,en,NSFW,Sunshine Butterfly Scans
Mihon family (Mihon / Tachiyomi / Suwayomi / Komikku / Neko),SUPER MEGA,supermegacomics.com,en,,SUPER MEGA
Mihon family (Mihon / Tachiyomi / Suwayomi / Komikku / Neko),Genz Toons,genztoons.org,en,,Genz Toons
Mihon family (Mihon / Tachiyomi / Suwayomi / Komikku / Neko),Swords Comic,swordscomic.com,en,,Swords Comic
Mihon family (Mihon / Tachiyomi / Suwayomi / Komikku / Neko),Tapas,tapas.io,en,,Tapas
Mihon family (Mihon / Tachiyomi / Suwayomi / Komikku / Neko),TCB Scans,tcbonepiecechapters.com,en,,TCB Scans
Mihon family (Mihon / Tachiyomi / Suwayomi / Komikku / Neko),Team Shadowi,team-shadowi.com,en,,Team Shadowi
Mihon family (Mihon / Tachiyomi / Suwayomi / Komikku / Neko),Temple Scan,templetoons.com,en,NSFW,Temple Scan
Mihon family (Mihon / Tachiyomi / Suwayomi / Komikku / Neko),The Blank,theblank.net,en,NSFW,The Blank
Mihon family (Mihon / Tachiyomi / Suwayomi / Komikku / Neko),The Duck Webcomics,theduckwebcomics.com,en,,The Duck Webcomics
Mihon family (Mihon / Tachiyomi / Suwayomi / Komikku / Neko),The Girl from Random Chatting Manga Online,thegirlfromrandomchatting.com,en,,The Girl from Random Chatting Manga Online
Mihon family (Mihon / Tachiyomi / Suwayomi / Komikku / Neko),The Property of Hate,jolleycomics.com,en,,The Property of Hate
Mihon family (Mihon / Tachiyomi / Suwayomi / Komikku / Neko),Thunder Scans,en-thunderscans.com,en,,Thunder Scans
Mihon family (Mihon / Tachiyomi / Suwayomi / Komikku / Neko),TimelessToons,timelesstoons.org,en,,TimelessToons
Mihon family (Mihon / Tachiyomi / Suwayomi / Komikku / Neko),TodayManga,todaymanga.com,en,,TodayManga
Mihon family (Mihon / Tachiyomi / Suwayomi / Komikku / Neko),Toon18,toon18.to,en,NSFW,Toon18
Mihon family (Mihon / Tachiyomi / Suwayomi / Komikku / Neko),ToonGod,toongod.org,en,,ToonGod
Mihon family (Mihon / Tachiyomi / Suwayomi / Komikku / Neko),Toonily,toonily.com,en,,Toonily
Mihon family (Mihon / Tachiyomi / Suwayomi / Komikku / Neko),Toonily.me,toontop.io,en,NSFW,Toonily.me
Mihon family (Mihon / Tachiyomi / Suwayomi / Komikku / Neko),Toonizy,toonizy.com,en,,Toonizy
Mihon family (Mihon / Tachiyomi / Suwayomi / Komikku / Neko),Top Manhua,mangatop.org,en,,Top Manhua
Mihon family (Mihon / Tachiyomi / Suwayomi / Komikku / Neko),TopManhua.fan,topmanhua.fan,en,,TopManhua.fan
Mihon family (Mihon / Tachiyomi / Suwayomi / Komikku / Neko),TopManhua.net,topmanhua.net,en,,TopManhua.net
Mihon family (Mihon / Tachiyomi / Suwayomi / Komikku / Neko),TritiniaScans,tritinia.org,en,,TritiniaScans
Mihon family (Mihon / Tachiyomi / Suwayomi / Komikku / Neko),Valir Scans,valirscans.org,en,,Valir Scans
Mihon family (Mihon / Tachiyomi / Suwayomi / Komikku / Neko),Vanilla Scans,vanillascans.org,en,,Vanilla Scans
Mihon family (Mihon / Tachiyomi / Suwayomi / Komikku / Neko),vgperson,vgperson.com,en,,vgperson
Mihon family (Mihon / Tachiyomi / Suwayomi / Komikku / Neko),Vision Haze,visionhaze.com,en,,Vision Haze
Mihon family (Mihon / Tachiyomi / Suwayomi / Komikku / Neko),Vixen Logic,vixenlogic.com,en,NSFW,Vixen Logic
Mihon family (Mihon / Tachiyomi / Suwayomi / Komikku / Neko),VIZ Shonen Jump,viz.com,en,,VIZ
Mihon family (Mihon / Tachiyomi / Suwayomi / Komikku / Neko),VIZ Manga,viz.com,en,,VIZ
Mihon family (Mihon / Tachiyomi / Suwayomi / Komikku / Neko),VoyceMe,voyce.me,en,,Voyce.Me
Mihon family (Mihon / Tachiyomi / Suwayomi / Komikku / Neko),VyvyManga,mangavyvy.net,en,,VyvyManga
Mihon family (Mihon / Tachiyomi / Suwayomi / Komikku / Neko),War For Rayuba,xrabohrok.github.io,en,,War For Rayuba
Mihon family (Mihon / Tachiyomi / Suwayomi / Komikku / Neko),KokoMangas,kokomangas.com,en,,KokoMangas
Mihon family (Mihon / Tachiyomi / Suwayomi / Komikku / Neko),Webdex Scans,webdexscans.com,en,,Webdex Scans
Mihon family (Mihon / Tachiyomi / Suwayomi / Komikku / Neko),WebNovel,webnovel.com,en,,WebNovel
Mihon family (Mihon / Tachiyomi / Suwayomi / Komikku / Neko),WebtoonScan,webtoonscan.com,en,,WebtoonScan
Mihon family (Mihon / Tachiyomi / Suwayomi / Komikku / Neko),WebtoonXYZ,webtoon.xyz,en,,WebtoonXYZ
Mihon family (Mihon / Tachiyomi / Suwayomi / Komikku / Neko),Weeb Central,weebcentral.com,en,,Weeb Central
Mihon family (Mihon / Tachiyomi / Suwayomi / Komikku / Neko),WhaleManga,whalemanga.com,en,NSFW,Whale Manga
Mihon family (Mihon / Tachiyomi / Suwayomi / Komikku / Neko),WitchScans,witchtoons.net,en,,WitchScans
Mihon family (Mihon / Tachiyomi / Suwayomi / Komikku / Neko),WoopRead,woopread.com,en,,WoopRead
Mihon family (Mihon / Tachiyomi / Suwayomi / Komikku / Neko),Writer Scans,writerscans.com,en,,Writer Scans
Mihon family (Mihon / Tachiyomi / Suwayomi / Komikku / Neko),WuxiaWorld,wuxiaworld.site,en,,WuxiaWorld
Mihon family (Mihon / Tachiyomi / Suwayomi / Komikku / Neko),XlecX,xlecx.one,en,NSFW,XlecX
Mihon family (Mihon / Tachiyomi / Suwayomi / Komikku / Neko),XoManga,xomanga.site,en,,XoManga
Mihon family (Mihon / Tachiyomi / Suwayomi / Komikku / Neko),XOXO Comics,xoxocomic.com,en,,XOXO Comics
Mihon family (Mihon / Tachiyomi / Suwayomi / Komikku / Neko),XYZ Comics,xyzcomics.com,en,NSFW,XYZ Comics
Mihon family (Mihon / Tachiyomi / Suwayomi / Komikku / Neko),YakshaComics,yakshacomics.com,en,,YakshaComics
Mihon family (Mihon / Tachiyomi / Suwayomi / Komikku / Neko),YaoiHot,yaoihot.com,en,NSFW,YaoiHot
Mihon family (Mihon / Tachiyomi / Suwayomi / Komikku / Neko),Yaoihub,yaoihub.org,en,NSFW,Yaoihub
Mihon family (Mihon / Tachiyomi / Suwayomi / Komikku / Neko),YaoiScan,yaoiscan.com,en,,YaoiScan
Mihon family (Mihon / Tachiyomi / Suwayomi / Komikku / Neko),Yorai,yorai.io,en,,Yorai
Mihon family (Mihon / Tachiyomi / Suwayomi / Komikku / Neko),Zazamanga,zazamanga.com,en,,Zazamanga
Mihon family (Mihon / Tachiyomi / Suwayomi / Komikku / Neko),Zinmanga,mangazin.org,en,,Zinmanga
Mihon family (Mihon / Tachiyomi / Suwayomi / Komikku / Neko),Zinmanga.net,zinmanga.net,en,,Zinmanga.net
Mihon family (Mihon / Tachiyomi / Suwayomi / Komikku / Neko),AKAYA,akaya.io,es,,AKAYA
Mihon family (Mihon / Tachiyomi / Suwayomi / Komikku / Neko),AnzManga,anzmanga25.com,es,,AnzManga
Mihon family (Mihon / Tachiyomi / Suwayomi / Komikku / Neko),ApollComics,apollcomics.es,es,NSFW,ApollComics
Mihon family (Mihon / Tachiyomi / Suwayomi / Komikku / Neko),Asia Lotus,asialotuss.com,es,NSFW,Asia Lotus
Mihon family (Mihon / Tachiyomi / Suwayomi / Komikku / Neko),BarManga,archiviumbar.com,es,,BarManga
Mihon family (Mihon / Tachiyomi / Suwayomi / Komikku / Neko),Bega Translation,begatranslation.com,es,,Bega Translation
Mihon family (Mihon / Tachiyomi / Suwayomi / Komikku / Neko),Biblio Panda,bibliopanda.com,es,,Biblio Panda
Mihon family (Mihon / Tachiyomi / Suwayomi / Komikku / Neko),Bloom Scans,bloomscans.com,es,,Bloom Scans
Mihon family (Mihon / Tachiyomi / Suwayomi / Komikku / Neko),BokugenTranslation,bokugents.com,es,,BokugenTranslation
Mihon family (Mihon / Tachiyomi / Suwayomi / Komikku / Neko),Bymichi Scan,bymichiby.com,es,NSFW,Bymichi Scan
Mihon family (Mihon / Tachiyomi / Suwayomi / Komikku / Neko),CapibaraTraductor,capibaratraductor.com,es,,CapibaraTraductor
Mihon family (Mihon / Tachiyomi / Suwayomi / Komikku / Neko),Catharsis World,catharsisworld.dig-it.info,es,,Catharsis World
Mihon family (Mihon / Tachiyomi / Suwayomi / Komikku / Neko),Catoons,newcat1.xyz,es,NSFW,Catoons
Mihon family (Mihon / Tachiyomi / Suwayomi / Komikku / Neko),Celestial Moon,celestialmoonscan.es,es,,Celestial Moon
Mihon family (Mihon / Tachiyomi / Suwayomi / Komikku / Neko),Cerberus Series,legionscans.com,es,,Cerberus Series
Mihon family (Mihon / Tachiyomi / Suwayomi / Komikku / Neko),ChoChoX,chochox.com,es,NSFW,ChoChoX
Mihon family (Mihon / Tachiyomi / Suwayomi / Komikku / Neko),Code Arc Mangas,mangas.codearctraducciones.com,es,NSFW,Code Arc Mangas
Mihon family (Mihon / Tachiyomi / Suwayomi / Komikku / Neko),Codex Zero,codex.readkisho.me,es,,Codex Zero
Mihon family (Mihon / Tachiyomi / Suwayomi / Komikku / Neko),Colorcito Scan,colorcitoscan.com,es,NSFW,Colorcito Scan
Mihon family (Mihon / Tachiyomi / Suwayomi / Komikku / Neko),Dark Room Fansub,lector-darkroomfansub.blogspot.com,es,NSFW,Dark Room Fansub
Mihon family (Mihon / Tachiyomi / Suwayomi / Komikku / Neko),Dat-Gar Scan,datgarscanlation.blogspot.com,es,,Dat-Gar Scan
Mihon family (Mihon / Tachiyomi / Suwayomi / Komikku / Neko),DoujinHentai,doujinhentai.net,es,NSFW,DoujinHentai
Mihon family (Mihon / Tachiyomi / Suwayomi / Komikku / Neko),DoujinsHell,doujinshell.net,es,NSFW,DoujinsHell
Mihon family (Mihon / Tachiyomi / Suwayomi / Komikku / Neko),DragonTranslation.org,dragontranslation.org,es,,DragonTranslation.org
Mihon family (Mihon / Tachiyomi / Suwayomi / Komikku / Neko),Dynasty,manhuako.net,es,,Dynasty
Mihon family (Mihon / Tachiyomi / Suwayomi / Komikku / Neko),Emperor Scan,imperiomanhua.com,es,,Emperor Scan
Mihon family (Mihon / Tachiyomi / Suwayomi / Komikku / Neko),EnchiladaScan,enchiladascan.github.io,es,,EnchiladaScan
Mihon family (Mihon / Tachiyomi / Suwayomi / Komikku / Neko),Es.Mi2Manga,es.mi2manga.com,es,NSFW,Es.Mi2Manga
Mihon family (Mihon / Tachiyomi / Suwayomi / Komikku / Neko),EternalMangas,eternalmangas.org,es,,EternalMangas
Mihon family (Mihon / Tachiyomi / Suwayomi / Komikku / Neko),Gistamis House,gistamishousefansub.blogspot.com,es,,Gistamis House
Mihon family (Mihon / Tachiyomi / Suwayomi / Komikku / Neko),Gremory Mangas,gremoryhistorias.org,es,,Gremory Mangas
Mihon family (Mihon / Tachiyomi / Suwayomi / Komikku / Neko),Hades no Fansub,lectorhades.latamtoon.com,es,,Hades no Fansub
Mihon family (Mihon / Tachiyomi / Suwayomi / Komikku / Neko),Harem de Kira,kiraproject.lat,es,,Harem de Kira
Mihon family (Mihon / Tachiyomi / Suwayomi / Komikku / Neko),HeavenManga,heavenmanga.com,es,,HeavenManga
Mihon family (Mihon / Tachiyomi / Suwayomi / Komikku / Neko),HentaiHall,hentaihall.com,es,NSFW,HentaiHall
Mihon family (Mihon / Tachiyomi / Suwayomi / Komikku / Neko),HentaiMode,hentaimode.com,es,NSFW,HentaiMode
Mihon family (Mihon / Tachiyomi / Suwayomi / Komikku / Neko),House Of Otakus,houseofotakusv2.xyz,es,,House Of Otakus
Mihon family (Mihon / Tachiyomi / Suwayomi / Komikku / Neko),Ikigai Mangas,visorikigai.gettocaboca.com,es,,Ikigai Mangas
Mihon family (Mihon / Tachiyomi / Suwayomi / Komikku / Neko),Ikuhentai,ikuhentai.net,es,NSFW,Ikuhentai
Mihon family (Mihon / Tachiyomi / Suwayomi / Komikku / Neko),InfraFandub,infrafandub.com,es,,InfraFandub
Mihon family (Mihon / Tachiyomi / Suwayomi / Komikku / Neko),InManga,inmanga.com,es,,InManga
Mihon family (Mihon / Tachiyomi / Suwayomi / Komikku / Neko),Inmortal Scan,scan-inmortal.com,es,,Inmortal Scan
Mihon family (Mihon / Tachiyomi / Suwayomi / Komikku / Neko),InsanosScan,insanoslibrary.com,es,,InsanosScan
Mihon family (Mihon / Tachiyomi / Suwayomi / Komikku / Neko),Inventario Oculto,inventariooculto.com,es,,Inventario Oculto
Mihon family (Mihon / Tachiyomi / Suwayomi / Komikku / Neko),Jeaz Scans,lectorhub.j5z.xyz,es,,Jeaz Scans
Mihon family (Mihon / Tachiyomi / Suwayomi / Komikku / Neko),Kazoku Den,kazokuden.com,es,,Kazoku Den
Mihon family (Mihon / Tachiyomi / Suwayomi / Komikku / Neko),Koinobori Scan,visorkoi.com,es,NSFW,Koinobori Scan
Mihon family (Mihon / Tachiyomi / Suwayomi / Komikku / Neko),Lector Asteria,visor.chifa-tong.online,es,,Lector Asteria
Mihon family (Mihon / Tachiyomi / Suwayomi / Komikku / Neko),LectorJPG,visorjpg.lat,es,,LectorJPG
Mihon family (Mihon / Tachiyomi / Suwayomi / Komikku / Neko),LectorManga.lat,lectormangass.com,es,,LectorManga.lat
Mihon family (Mihon / Tachiyomi / Suwayomi / Komikku / Neko),MangoLibreria,mangolibreria.com,es,,MangoLibreria
Mihon family (Mihon / Tachiyomi / Suwayomi / Komikku / Neko),LeerCapitulo,leercapitulo.co,es,,LeerCapitulo
Mihon family (Mihon / Tachiyomi / Suwayomi / Komikku / Neko),LeerMangaEsp,mangalect.org,es,,LeerMangaEsp
Mihon family (Mihon / Tachiyomi / Suwayomi / Komikku / Neko),LeerManhwas,leermanhwas.com,es,NSFW,LeerManhwas
Mihon family (Mihon / Tachiyomi / Suwayomi / Komikku / Neko),Lmtos,lmtos.net,es,,Lmtos
Mihon family (Mihon / Tachiyomi / Suwayomi / Komikku / Neko),Lolivault,lector.lolivault.net,es,NSFW,Lolivault
Mihon family (Mihon / Tachiyomi / Suwayomi / Komikku / Neko),Luna Pieces,lunapiecesfansub.com,es,,Luna Pieces
Mihon family (Mihon / Tachiyomi / Suwayomi / Komikku / Neko),Manga Crab,mangacrab.org,es,,Manga Crab
Mihon family (Mihon / Tachiyomi / Suwayomi / Komikku / Neko),MangaOni,manga-oni.com,es,,MangaOni
Mihon family (Mihon / Tachiyomi / Suwayomi / Komikku / Neko),Manga Romance,mangaromance19.com,es,,Manga Romance
Mihon family (Mihon / Tachiyomi / Suwayomi / Komikku / Neko),Manga Mukai,mangamukai.com,es,,Manga Mukai
Mihon family (Mihon / Tachiyomi / Suwayomi / Komikku / Neko),Mangas.in,m440.in,es,,Mangas.in
Mihon family (Mihon / Tachiyomi / Suwayomi / Komikku / Neko),Mangas No Sekai,mangasnosekai.com,es,,Mangas No Sekai
Mihon family (Mihon / Tachiyomi / Suwayomi / Komikku / Neko),Manga  TV,mangatv.net,es,,Manga TV
Mihon family (Mihon / Tachiyomi / Suwayomi / Komikku / Neko),SamuraiScan,samurai.j5z.xyz,es,,SamuraiScan
Mihon family (Mihon / Tachiyomi / Suwayomi / Komikku / Neko),Manhwa-Latino,manhwa-latino.com,es,,Manhwa-Latino
Mihon family (Mihon / Tachiyomi / Suwayomi / Komikku / Neko),ManhwaOnline,manhwa-online.com,es,NSFW,ManhwaOnline
Mihon family (Mihon / Tachiyomi / Suwayomi / Komikku / Neko),ManhwaWeb,manhwaweb.com,es,,ManhwaWeb
Mihon family (Mihon / Tachiyomi / Suwayomi / Komikku / Neko),Mantraz Scan,mantrazscan.co,es,,Mantraz Scan
Mihon family (Mihon / Tachiyomi / Suwayomi / Komikku / Neko),Marmota,marmota.me,es,,Marmota
Mihon family (Mihon / Tachiyomi / Suwayomi / Komikku / Neko),Menudo-Fansub,menudo-fansub.com,es,,Menudo-Fansub
Mihon family (Mihon / Tachiyomi / Suwayomi / Komikku / Neko),MHScans,mhscans.com,es,,MHScans
Mihon family (Mihon / Tachiyomi / Suwayomi / Komikku / Neko),Monopoly Scan,monopolymanhua.com,es,,Monopoly Scan
Mihon family (Mihon / Tachiyomi / Suwayomi / Komikku / Neko),Mundo Manhwa,mundomanhwa.com,es,NSFW,Mundo Manhwa
Mihon family (Mihon / Tachiyomi / Suwayomi / Komikku / Neko),Rncalation,rncalation.online,es,,Rncalation
Mihon family (Mihon / Tachiyomi / Suwayomi / Komikku / Neko),NekoScans,nekoproject.org,es,,NekoScans
Mihon family (Mihon / Tachiyomi / Suwayomi / Komikku / Neko),NeoManga,neomanga.online,es,,NeoManga
Mihon family (Mihon / Tachiyomi / Suwayomi / Komikku / Neko),NexusScanlation,nexusscanlation.com,es,NSFW,NexusScanlation
Mihon family (Mihon / Tachiyomi / Suwayomi / Komikku / Neko),Noblesse Translations,nobledicion.yoveo.xyz,es,,Noblesse Translations
Mihon family (Mihon / Tachiyomi / Suwayomi / Komikku / Neko),Nova Manhwas,novamanhwa.cc,es,,Nova Manhwas
Mihon family (Mihon / Tachiyomi / Suwayomi / Komikku / Neko),Olympus Scanlation,olympusxyz.com,es,,Olympus Scanlation
Mihon family (Mihon / Tachiyomi / Suwayomi / Komikku / Neko),ONF MANGAS,onfmangas.com,es,,ONF MANGAS
Mihon family (Mihon / Tachiyomi / Suwayomi / Komikku / Neko),Orcku Mangas,orckumangas.com,es,NSFW,OrckuMangas
Mihon family (Mihon / Tachiyomi / Suwayomi / Komikku / Neko),Platinum Lily Scan,platinumlilyscan.com,es,,Platinum Lily Scan
Mihon family (Mihon / Tachiyomi / Suwayomi / Komikku / Neko),Plot Twist No Fansub,plotnofansub.com,es,,Plot Twist No Fansub
Mihon family (Mihon / Tachiyomi / Suwayomi / Komikku / Neko),Ragnarok Scanlation,ragnarokscanlation.org,es,,Ragnarok Scanlation
Mihon family (Mihon / Tachiyomi / Suwayomi / Komikku / Neko),Ragna Scans,lector.ragnascan.xyz,es,,Ragna Scans
Mihon family (Mihon / Tachiyomi / Suwayomi / Komikku / Neko),RavenManga,raventard.xyz,es,,RavenManga
Mihon family (Mihon / Tachiyomi / Suwayomi / Komikku / Neko),RichtoScan,r1.richtoon.top,es,,RichtoScan
Mihon family (Mihon / Tachiyomi / Suwayomi / Komikku / Neko),SapphireScan,sapphirescan.com,es,,SapphireScan
Mihon family (Mihon / Tachiyomi / Suwayomi / Komikku / Neko),Shadow Manga,shademanga.com,es,,Shadow Manga
Mihon family (Mihon / Tachiyomi / Suwayomi / Komikku / Neko),Shadow Manga (+18),shademanga.com,es,,Shadow Manga
Mihon family (Mihon / Tachiyomi / Suwayomi / Komikku / Neko),SkyMangas,skymangas.com,es,,SkyMangas
Mihon family (Mihon / Tachiyomi / Suwayomi / Komikku / Neko),Spicy Scan,spicyseries.com,es,,Spicy Scan
Mihon family (Mihon / Tachiyomi / Suwayomi / Komikku / Neko),Submanhwa,submanhwa.com,es,NSFW,Submanhwa
Mihon family (Mihon / Tachiyomi / Suwayomi / Komikku / Neko),Taurus Fansub,lectortaurus.com,es,,Taurus Fansub
Mihon family (Mihon / Tachiyomi / Suwayomi / Komikku / Neko),Temple Scan,aedexnox.akan01.com,es,NSFW,Temple Scan
Mihon family (Mihon / Tachiyomi / Suwayomi / Komikku / Neko),Falco Scan,falcoscan.net,es,NSFW,Falco Scan
Mihon family (Mihon / Tachiyomi / Suwayomi / Komikku / Neko),TMOHentai (unoriginal),tmohentai.app,es,NSFW,TMOHentai (unoriginal)
Mihon family (Mihon / Tachiyomi / Suwayomi / Komikku / Neko),Toon-es,toon-es.com,es,NSFW,Toon-es
Mihon family (Mihon / Tachiyomi / Suwayomi / Komikku / Neko),TopComicPorno,topcomicporno.com,es,NSFW,TopComicPorno
Mihon family (Mihon / Tachiyomi / Suwayomi / Komikku / Neko),TopComicPorno.net,topcomicporno.net,es,NSFW,TopComicPorno.net
Mihon family (Mihon / Tachiyomi / Suwayomi / Komikku / Neko),Traducciones Moonlight,traduccionesmoonlight.com,es,,Traducciones Moonlight
Mihon family (Mihon / Tachiyomi / Suwayomi / Komikku / Neko),ManhwasMe,manhwas.me,es,NSFW,ManhwasMe
Mihon family (Mihon / Tachiyomi / Suwayomi / Komikku / Neko),Uchuujin Projects,uchuujinmangas.com,es,,Uchuujin Projects
Mihon family (Mihon / Tachiyomi / Suwayomi / Komikku / Neko),VCP,vercomicsporno.com,es,NSFW,VCPVMP
Mihon family (Mihon / Tachiyomi / Suwayomi / Komikku / Neko),VMP,vermangasporno.com,es,NSFW,VCPVMP
Mihon family (Mihon / Tachiyomi / Suwayomi / Komikku / Neko),Ver Manhwas,vermanhwa.com,es,NSFW,Ver Manhwas
Mihon family (Mihon / Tachiyomi / Suwayomi / Komikku / Neko),Yupmanga,yupmanga.com,es,,Yupmanga
Mihon family (Mihon / Tachiyomi / Suwayomi / Komikku / Neko),Yuri-Online,yuri-online.com,es,,Yuri-Online
Mihon family (Mihon / Tachiyomi / Suwayomi / Komikku / Neko),ZonaTMO.org (unoriginal),zonatmo.org,es,,ZonaTMO.org (unoriginal)
Mihon family (Mihon / Tachiyomi / Suwayomi / Komikku / Neko),Zonatmo.to (unoriginal),zonatmo.to,es,,Zonatmo.to (unoriginal)
Mihon family (Mihon / Tachiyomi / Suwayomi / Komikku / Neko),AnimeSama,anime-sama.to,fr,,AnimeSama
Mihon family (Mihon / Tachiyomi / Suwayomi / Komikku / Neko),AralosBD,aralosbd.fr,fr,,AralosBD
Mihon family (Mihon / Tachiyomi / Suwayomi / Komikku / Neko),AstralManga,astral-manga.fr,fr,,Astral-Manga
Mihon family (Mihon / Tachiyomi / Suwayomi / Komikku / Neko),Harmony-Scan,harmony-scan.fr,fr,,Harmony-Scan
Mihon family (Mihon / Tachiyomi / Suwayomi / Komikku / Neko),BigSolo,bigsolo.org,fr,,BigSolo
Mihon family (Mihon / Tachiyomi / Suwayomi / Komikku / Neko),Blossom Scans,blossom-scans.com,fr,,Blossom Scans
Mihon family (Mihon / Tachiyomi / Suwayomi / Komikku / Neko),Blue Solo,bluesolo.org,fr,,Blue Solo
Mihon family (Mihon / Tachiyomi / Suwayomi / Komikku / Neko),ChaosTrad,chaostrad.fr,fr,,ChaosTrad
Mihon family (Mihon / Tachiyomi / Suwayomi / Komikku / Neko),Dassou Scan,dassouscan.com,fr,,Dassou Scan
Mihon family (Mihon / Tachiyomi / Suwayomi / Komikku / Neko),Epsilon Scan,epsilonscan.to,fr,NSFW,Epsilon Scan
Mihon family (Mihon / Tachiyomi / Suwayomi / Komikku / Neko),FMTEAM,fmteam.fr,fr,,FMTEAM
Mihon family (Mihon / Tachiyomi / Suwayomi / Komikku / Neko),FuryoSquad,furyosociety.com,fr,,FuryoSquad
Mihon family (Mihon / Tachiyomi / Suwayomi / Komikku / Neko),Hana Book,hana-book.fr,fr,NSFW,Hana Book
Mihon family (Mihon / Tachiyomi / Suwayomi / Komikku / Neko),Hentai Origines,hentai-origines.com,fr,NSFW,Hentai Origines
Mihon family (Mihon / Tachiyomi / Suwayomi / Komikku / Neko),Hentai Scan Reader,hentai.scanreader.net,fr,NSFW,Hentai Scan Reader
Mihon family (Mihon / Tachiyomi / Suwayomi / Komikku / Neko),Hentai-Scantrad,hentai-scantrad.org,fr,NSFW,Hentai-Scantrad
Mihon family (Mihon / Tachiyomi / Suwayomi / Komikku / Neko),HentaiZone,hentaizone.xyz,fr,NSFW,HentaiZone
Mihon family (Mihon / Tachiyomi / Suwayomi / Komikku / Neko),HistoireDHentai,hhentai.fr,fr,NSFW,HistoireDHentai
Mihon family (Mihon / Tachiyomi / Suwayomi / Komikku / Neko),Japscan,japscan.foo,fr,,Japscan
Mihon family (Mihon / Tachiyomi / Suwayomi / Komikku / Neko),Kiwiya Scans,kiwiyascans.com,fr,,Kiwiya Scans
Mihon family (Mihon / Tachiyomi / Suwayomi / Komikku / Neko),LanorTrad,lanortrad.com,fr,,LanorTrad
Mihon family (Mihon / Tachiyomi / Suwayomi / Komikku / Neko),Lelmanga,lelmanga.com,fr,,Lelmanga
Mihon family (Mihon / Tachiyomi / Suwayomi / Komikku / Neko),Lelscan,lelscans.net,fr,,Lelscan
Mihon family (Mihon / Tachiyomi / Suwayomi / Komikku / Neko),Lelscan-VF,lelscanfr.com,fr,,Lelscan-VF
Mihon family (Mihon / Tachiyomi / Suwayomi / Komikku / Neko),Les Poroiniens,lesporoiniens.org,fr,,Les Poroiniens
Mihon family (Mihon / Tachiyomi / Suwayomi / Komikku / Neko),Manga-Corporation,manga-corporation.com,fr,,Manga-Corporation
Mihon family (Mihon / Tachiyomi / Suwayomi / Komikku / Neko),MangaHub.fr,mangahub.fr,fr,,MangaHub.fr
Mihon family (Mihon / Tachiyomi / Suwayomi / Komikku / Neko),Mangakawaii,mangakawaii.fr,fr,,Mangakawaii
Mihon family (Mihon / Tachiyomi / Suwayomi / Komikku / Neko),MangaMoins,mangamoins.com,fr,,MangaMoins
Mihon family (Mihon / Tachiyomi / Suwayomi / Komikku / Neko),MangaNova,manga-nova.com,fr,,MangaNova
Mihon family (Mihon / Tachiyomi / Suwayomi / Komikku / Neko),Manga-Scantrad,manga-scantrad.io,fr,,Manga-Scantrad
Mihon family (Mihon / Tachiyomi / Suwayomi / Komikku / Neko),Mangas-Origines.fr,mangas-origines.fr,fr,,Mangas-Origines.fr
Mihon family (Mihon / Tachiyomi / Suwayomi / Komikku / Neko),Ono,ono.live,fr,,Ono
Mihon family (Mihon / Tachiyomi / Suwayomi / Komikku / Neko),Ortega Scans,ortegascans.fr,fr,NSFW,Ortega Scans
Mihon family (Mihon / Tachiyomi / Suwayomi / Komikku / Neko),Pantheon Scan,pantheon-scan.com,fr,,Pantheon Scan
Mihon family (Mihon / Tachiyomi / Suwayomi / Komikku / Neko),Perf Scan,perf-scan.xyz,fr,NSFW,Perf Scan
Mihon family (Mihon / Tachiyomi / Suwayomi / Komikku / Neko),Phenix Scans (unoriginal),phenix-scans.co,fr,,PhenixScans (unoriginal)
Mihon family (Mihon / Tachiyomi / Suwayomi / Komikku / Neko),Pornwha.fr,pornhwa.fr,fr,NSFW,Pornhwa.fr
Mihon family (Mihon / Tachiyomi / Suwayomi / Komikku / Neko),Poseidon Scans,poseidon-scans.net,fr,,Poseidon Scans
Mihon family (Mihon / Tachiyomi / Suwayomi / Komikku / Neko),Raijin Scans,raijin-scans.fr,fr,,Raijin Scans
Mihon family (Mihon / Tachiyomi / Suwayomi / Komikku / Neko),Rimu Scans,rimuscan.fr,fr,,Rimu Scans
Mihon family (Mihon / Tachiyomi / Suwayomi / Komikku / Neko),X-Manga,x-manga.org,fr,NSFW,X-Manga
Mihon family (Mihon / Tachiyomi / Suwayomi / Komikku / Neko),Scan-Manga,scan-manga.com,fr,NSFW,Scan-Manga
Mihon family (Mihon / Tachiyomi / Suwayomi / Komikku / Neko),ScanR,teamscanr.fr,fr,,ScanR
Mihon family (Mihon / Tachiyomi / Suwayomi / Komikku / Neko),Scan Reader,scanreader.net,fr,,Scan Reader
Mihon family (Mihon / Tachiyomi / Suwayomi / Komikku / Neko),ScansFR,scansfr.com,fr,,ScansFR
Mihon family (Mihon / Tachiyomi / Suwayomi / Komikku / Neko),Scantrad Union,scantrad-union.com,fr,,Scantrad Union
Mihon family (Mihon / Tachiyomi / Suwayomi / Komikku / Neko),Scan VF,scan-vf.net,fr,,Scan VF
Mihon family (Mihon / Tachiyomi / Suwayomi / Komikku / Neko),Siren Scans FR,sirenscans.fr,fr,,Siren Scans FR
Mihon family (Mihon / Tachiyomi / Suwayomi / Komikku / Neko),Soft Epsilon Scan,epsilonsoft.to,fr,,Soft Epsilon Scan
Mihon family (Mihon / Tachiyomi / Suwayomi / Komikku / Neko),Solaris Scans,solaris-scans.fr,fr,,Solaris Scans
Mihon family (Mihon / Tachiyomi / Suwayomi / Komikku / Neko),Sushi-Scan,sushiscan.net,fr,,Sushi-Scan
Mihon family (Mihon / Tachiyomi / Suwayomi / Komikku / Neko),Sushiscan.fr,sushiscan.fr,fr,,Sushiscan.fr
Mihon family (Mihon / Tachiyomi / Suwayomi / Komikku / Neko),Toon FR,toonfr.com,fr,NSFW,Toon FR
Mihon family (Mihon / Tachiyomi / Suwayomi / Komikku / Neko),Twatt,twatt.fr,fr,,Twatt
Mihon family (Mihon / Tachiyomi / Suwayomi / Komikku / Neko),YaoiScan,yaoiscan.fr,fr,NSFW,YaoiScan
Mihon family (Mihon / Tachiyomi / Suwayomi / Komikku / Neko),Luvyaa,v5.luvyaa.co,id,,Luvyaa
Mihon family (Mihon / Tachiyomi / Suwayomi / Komikku / Neko),Aarlas,arlas.online,id,,Aarlas
Mihon family (Mihon / Tachiyomi / Suwayomi / Komikku / Neko),Ainz Scans ID,v3.ainzscans01.com,id,,Ainz Scans ID
Mihon family (Mihon / Tachiyomi / Suwayomi / Komikku / Neko),Astral Scans,astralscans.top,id,NSFW,Astral Scans
Mihon family (Mihon / Tachiyomi / Suwayomi / Komikku / Neko),BacaKomik,bacakomik.my,id,,BacaKomik
Mihon family (Mihon / Tachiyomi / Suwayomi / Komikku / Neko),Bacami,v1.bacami.site,id,,Bacami
Mihon family (Mihon / Tachiyomi / Suwayomi / Komikku / Neko),Comicaso,v3.comicaso.pro,id,,Comicaso
Mihon family (Mihon / Tachiyomi / Suwayomi / Komikku / Neko),CosmicScans,04.cosmicscans.to,id,,CosmicScans
Mihon family (Mihon / Tachiyomi / Suwayomi / Komikku / Neko),CrotPedia,crotpedia.net,id,NSFW,CrotPedia
Mihon family (Mihon / Tachiyomi / Suwayomi / Komikku / Neko),DailySuka ,dailysuka.com,id,,DailySuka
Mihon family (Mihon / Tachiyomi / Suwayomi / Komikku / Neko),Dojing.net,dojing.net,id,NSFW,Dojing.net
Mihon family (Mihon / Tachiyomi / Suwayomi / Komikku / Neko),Doujindesu,doujin.desu.xxx,id,NSFW,Doujindesu
Mihon family (Mihon / Tachiyomi / Suwayomi / Komikku / Neko),Doujinku,doujinku.org,id,NSFW,Doujinku
Mihon family (Mihon / Tachiyomi / Suwayomi / Komikku / Neko),DreamTeams Scans,dreamteams.space,id,NSFW,DreamTeams Scans
Mihon family (Mihon / Tachiyomi / Suwayomi / Komikku / Neko),Hentai Crot,hentaicrot.com,id,NSFW,Hentai Crot
Mihon family (Mihon / Tachiyomi / Suwayomi / Komikku / Neko),Holotoon,holodek.run,id,,Holotoon
Mihon family (Mihon / Tachiyomi / Suwayomi / Komikku / Neko),Hwago,02.hwago.xyz,id,,Hwago
Mihon family (Mihon / Tachiyomi / Suwayomi / Komikku / Neko),ReYume,re-yume.my.id,id,,ReYume
Mihon family (Mihon / Tachiyomi / Suwayomi / Komikku / Neko),Izanami Scans,izanamiscans.my.id,id,,Izanami Scans
Mihon family (Mihon / Tachiyomi / Suwayomi / Komikku / Neko),Kanzenin,kanzenin.info,id,NSFW,Kanzenin
Mihon family (Mihon / Tachiyomi / Suwayomi / Komikku / Neko),Kiryuu,v7.kiryuu.to,id,,Kiryuu
Mihon family (Mihon / Tachiyomi / Suwayomi / Komikku / Neko),KlikManga,klikmanga.org,id,,KlikManga
Mihon family (Mihon / Tachiyomi / Suwayomi / Komikku / Neko),APKOMIK,01.apkomik.com,id,,APKOMIK
Mihon family (Mihon / Tachiyomi / Suwayomi / Komikku / Neko),VoraToon,v2.voratoon.com,id,,VoraToon
Mihon family (Mihon / Tachiyomi / Suwayomi / Komikku / Neko),Komik Dewasak,komikdewasa.mom,id,NSFW,Komik Dewasa
Mihon family (Mihon / Tachiyomi / Suwayomi / Komikku / Neko),Komik Dewasa Art,komikdewasa.art,id,NSFW,Komik Dewasa Art
Mihon family (Mihon / Tachiyomi / Suwayomi / Komikku / Neko),Komikindo,komikindo.cam,id,NSFW,Komikindo
Mihon family (Mihon / Tachiyomi / Suwayomi / Komikku / Neko),KomikIndoID,komikindo.ch,id,,KomikIndoID
Mihon family (Mihon / Tachiyomi / Suwayomi / Komikku / Neko),KomikNesia,v1.komiknesiaku.com,id,,KomikNesia
Mihon family (Mihon / Tachiyomi / Suwayomi / Komikku / Neko),Komik Next G Online,komiknextgonline.com,id,,Komik Next G Online
Mihon family (Mihon / Tachiyomi / Suwayomi / Komikku / Neko),Komik Station,komikstation.org,id,,Komik Station
Mihon family (Mihon / Tachiyomi / Suwayomi / Komikku / Neko),Komiktap,komiktap.info,id,NSFW,Komiktap
Mihon family (Mihon / Tachiyomi / Suwayomi / Komikku / Neko),Komiku,komiku.org,id,,Komiku
Mihon family (Mihon / Tachiyomi / Suwayomi / Komikku / Neko),Komiku.com,01.komiku.asia,id,,Komiku.com
Mihon family (Mihon / Tachiyomi / Suwayomi / Komikku / Neko),Komikzoid,komikzoid.id,id,,Komikzoid
Mihon family (Mihon / Tachiyomi / Suwayomi / Komikku / Neko),KumaPoi,kumapoi.info,id,NSFW,KumaPoi
Mihon family (Mihon / Tachiyomi / Suwayomi / Komikku / Neko),KumoPoi,beta.kumopoi.com,id,NSFW,KumoPoi
Mihon family (Mihon / Tachiyomi / Suwayomi / Komikku / Neko),Kuro Manga,kuromanga.id,id,,Kuro Manga
Mihon family (Mihon / Tachiyomi / Suwayomi / Komikku / Neko),LepoyTL,lepoytl.my.id,id,,LepoyTL
Mihon family (Mihon / Tachiyomi / Suwayomi / Komikku / Neko),LianScans,lianscans.com,id,NSFW,LianScans
Mihon family (Mihon / Tachiyomi / Suwayomi / Komikku / Neko),LumosKomik,03.lumosgg.com,id,,LumosKomik
Mihon family (Mihon / Tachiyomi / Suwayomi / Komikku / Neko),Maid - Manga,maid.my.id,id,,Maid - Manga
Mihon family (Mihon / Tachiyomi / Suwayomi / Komikku / Neko),Manga Can,mangacanblog.com,id,,Manga Can
Mihon family (Mihon / Tachiyomi / Suwayomi / Komikku / Neko),Mangakuri,lc2.mangakuri.online,id,NSFW,Mangakuri
Mihon family (Mihon / Tachiyomi / Suwayomi / Komikku / Neko),Mangalay,mangalay.blogspot.com,id,,Mangalay
Mihon family (Mihon / Tachiyomi / Suwayomi / Komikku / Neko),Mangasusu,mangasusuku.com,id,NSFW,Mangasusu
Mihon family (Mihon / Tachiyomi / Suwayomi / Komikku / Neko),Ikiru,08.ikiru.wtf,id,,Ikiru
Mihon family (Mihon / Tachiyomi / Suwayomi / Komikku / Neko),ManhwaDesu,manhwadesu.wiki,id,NSFW,ManhwaDesu
Mihon family (Mihon / Tachiyomi / Suwayomi / Komikku / Neko),Manhwa Indo,manhwaindo.my,id,,Manhwa Indo
Mihon family (Mihon / Tachiyomi / Suwayomi / Komikku / Neko),ManhwaLand.mom,02.manhwaland.land,id,NSFW,ManhwaLand.mom
Mihon family (Mihon / Tachiyomi / Suwayomi / Komikku / Neko),Manhwa List,manhwalist.asia,id,,Manhwa List
Mihon family (Mihon / Tachiyomi / Suwayomi / Komikku / Neko),IsekaiKomik,ch1.isekaikomik.site,id,,IsekaiKomik
Mihon family (Mihon / Tachiyomi / Suwayomi / Komikku / Neko),MG Komik,id.mgkomik.cc,id,,MG Komik
Mihon family (Mihon / Tachiyomi / Suwayomi / Komikku / Neko),Mihentai,mihentai.net,id,NSFW,Mihentai
Mihon family (Mihon / Tachiyomi / Suwayomi / Komikku / Neko),MikoRoku,mikoroku.com,id,,MikoRoku
Mihon family (Mihon / Tachiyomi / Suwayomi / Komikku / Neko),NarasiNinja,narasininja.net,id,,Narasi Ninja
Mihon family (Mihon / Tachiyomi / Suwayomi / Komikku / Neko),Natsu,natsu.one,id,,Natsu
Mihon family (Mihon / Tachiyomi / Suwayomi / Komikku / Neko),NgamenKomik,ngamenkomik05.blogspot.com,id,,NgamenKomik
Mihon family (Mihon / Tachiyomi / Suwayomi / Komikku / Neko),Ngomik (unoriginal),02.ngomik.cc,id,,Ngomik (unoriginal)
Mihon family (Mihon / Tachiyomi / Suwayomi / Komikku / Neko),Noromax,noromax02.my.id,id,,Noromax
Mihon family (Mihon / Tachiyomi / Suwayomi / Komikku / Neko),OkyyKomik,okyykomik.my.id,id,,OkyyKomik
Mihon family (Mihon / Tachiyomi / Suwayomi / Komikku / Neko),Omicaso,omicaso.org,id,,Omicaso
Mihon family (Mihon / Tachiyomi / Suwayomi / Komikku / Neko),Ota Scans,yurilab.top,id,,Ota Scans
Mihon family (Mihon / Tachiyomi / Suwayomi / Komikku / Neko),Pix Hentai,pixhentai.com,id,NSFW,Pix Hentai
Mihon family (Mihon / Tachiyomi / Suwayomi / Komikku / Neko),Pornhwa18,pornhwa18.com,id,NSFW,Pornhwa18
Mihon family (Mihon / Tachiyomi / Suwayomi / Komikku / Neko),Pramramadhan,01.pramramadhan.my.id,id,,Pramramadhan
Mihon family (Mihon / Tachiyomi / Suwayomi / Komikku / Neko),Riztranslation,riztranslation.pages.dev,id,,Riztranslation
Mihon family (Mihon / Tachiyomi / Suwayomi / Komikku / Neko),Roseveil,roseveil.org,id,,Roseveil
Mihon family (Mihon / Tachiyomi / Suwayomi / Komikku / Neko),Ryukomik,ryukomik.my.id,id,NSFW,Ryukomik
Mihon family (Mihon / Tachiyomi / Suwayomi / Komikku / Neko),Sasangeyou,sasangeyou.net,id,NSFW,Sasangeyou
Mihon family (Mihon / Tachiyomi / Suwayomi / Komikku / Neko),Sekte Doujin,sektedoujin.cc,id,NSFW,Sekte Doujin
Mihon family (Mihon / Tachiyomi / Suwayomi / Komikku / Neko),Sekte Komik,sektekomik.id,id,,Sekte Komik
Mihon family (Mihon / Tachiyomi / Suwayomi / Komikku / Neko),Shinigami,11.shinigami.asia,id,,Shinigami
Mihon family (Mihon / Tachiyomi / Suwayomi / Komikku / Neko),Shiro Doujin,shirodoujin.com,id,NSFW,Shiro Doujin
Mihon family (Mihon / Tachiyomi / Suwayomi / Komikku / Neko),ShiyuraSub,shiyurasub.blogspot.com,id,,ShiyuraSub
Mihon family (Mihon / Tachiyomi / Suwayomi / Komikku / Neko),Siikomik,siikomik.id,id,,Siikomik
Mihon family (Mihon / Tachiyomi / Suwayomi / Komikku / Neko),Softkomik,softkomik.co,id,,Softkomik
Mihon family (Mihon / Tachiyomi / Suwayomi / Komikku / Neko),Soul Scans,v1.soulscans.org,id,,Soul Scans
Mihon family (Mihon / Tachiyomi / Suwayomi / Komikku / Neko),TheManga,themanga.site,id,,TheManga
Mihon family (Mihon / Tachiyomi / Suwayomi / Komikku / Neko),Tooncubus,tooncubus.top,id,NSFW,Tooncubus
Mihon family (Mihon / Tachiyomi / Suwayomi / Komikku / Neko),Ulas Comic,ulascomic01.xyz,id,,Ulas Comic
Mihon family (Mihon / Tachiyomi / Suwayomi / Komikku / Neko),West Manga,v1.westmanga.my,id,,West Manga
Mihon family (Mihon / Tachiyomi / Suwayomi / Komikku / Neko),Wurmz,wurmz.net,id,,Wurmz
Mihon family (Mihon / Tachiyomi / Suwayomi / Komikku / Neko),Kaguya,02.kaguya.pro,id,NSFW,Kaguya
Mihon family (Mihon / Tachiyomi / Suwayomi / Komikku / Neko),Anime GDR Club,agcscanlation.it,it,,Anime GDR Club
Mihon family (Mihon / Tachiyomi / Suwayomi / Komikku / Neko),DDT Team,ddt.hastateam.com,it,,DDT Team
Mihon family (Mihon / Tachiyomi / Suwayomi / Komikku / Neko),DigitalTeam,dgtread.com,it,,DigitalTeam
Mihon family (Mihon / Tachiyomi / Suwayomi / Komikku / Neko),GTO The Great Site,reader.gtothegreatsite.net,it,,GTO The Great Site
Mihon family (Mihon / Tachiyomi / Suwayomi / Komikku / Neko),Hasta Team,reader.hastateam.com,it,,Hasta Team
Mihon family (Mihon / Tachiyomi / Suwayomi / Komikku / Neko),HentaiArchive,hentai-archive.com,it,NSFW,HentaiArchive
Mihon family (Mihon / Tachiyomi / Suwayomi / Komikku / Neko),HentaiFantasy,hentaifantasy.it,it,NSFW,HentaiFantasy
Mihon family (Mihon / Tachiyomi / Suwayomi / Komikku / Neko),Juin Jutsu Team Reader,juinjutsureader.ovh,it,,Juin Jutsu Team Reader
Mihon family (Mihon / Tachiyomi / Suwayomi / Komikku / Neko),LupiTeam,lupiteam.net,it,,LupiTeam
Mihon family (Mihon / Tachiyomi / Suwayomi / Komikku / Neko),Mangaworld,mangaworld.mx,it,,Mangaworld
Mihon family (Mihon / Tachiyomi / Suwayomi / Komikku / Neko),MangaworldAdult,mangaworldadult.net,it,NSFW,MangaworldAdult
Mihon family (Mihon / Tachiyomi / Suwayomi / Komikku / Neko),NIFTeam,read-nifteam.info,it,,NIFTeam
Mihon family (Mihon / Tachiyomi / Suwayomi / Komikku / Neko),Phoenix Scans,phoenixscans.com,it,,Phoenix Scans
Mihon family (Mihon / Tachiyomi / Suwayomi / Komikku / Neko),TuttoAnimeManga,tuttoanimemanga.net,it,,TuttoAnimeManga
Mihon family (Mihon / Tachiyomi / Suwayomi / Komikku / Neko),Walpurgi Scan,walpurgiscan.it,it,,Walpurgi Scan
Mihon family (Mihon / Tachiyomi / Suwayomi / Komikku / Neko),ZeurelScan,zeurelscan.com,it,,ZeurelScan
Mihon family (Mihon / Tachiyomi / Suwayomi / Komikku / Neko),Alphapolis,alphapolis.co.jp,ja,,Alphapolis
Mihon family (Mihon / Tachiyomi / Suwayomi / Komikku / Neko),Ameba Manga,dokusho-ojikan.jp,ja,,Ameba Manga
Mihon family (Mihon / Tachiyomi / Suwayomi / Komikku / Neko),Asacomi,asacomi.jp,ja,,Asacomi
Mihon family (Mihon / Tachiyomi / Suwayomi / Komikku / Neko),Bibibi Comic,bibibi-comic.com,ja,,Bibibi Comic
Mihon family (Mihon / Tachiyomi / Suwayomi / Komikku / Neko),Big Comics,bigcomics.jp,ja,,Big Comics
Mihon family (Mihon / Tachiyomi / Suwayomi / Komikku / Neko),Booklista Studio,studio.booklista.co.jp,ja,,Booklista Studio
Mihon family (Mihon / Tachiyomi / Suwayomi / Komikku / Neko),BookWalker Japan,bookwalker.jp,ja,,BookWalker Japan
Mihon family (Mihon / Tachiyomi / Suwayomi / Komikku / Neko),Ciao Plus,ciao.shogakukan.co.jp,ja,,Ciao Plus
Mihon family (Mihon / Tachiyomi / Suwayomi / Komikku / Neko),C'moA,cmoa.jp,ja,,C'moA
Mihon family (Mihon / Tachiyomi / Suwayomi / Komikku / Neko),Comic Boost,comic-boost.com,ja,,Comic Boost
Mihon family (Mihon / Tachiyomi / Suwayomi / Komikku / Neko),Comic Border,comicborder.com,ja,,Comic Border
Mihon family (Mihon / Tachiyomi / Suwayomi / Komikku / Neko),Comic Days,comic-days.com,ja,,Comic Days
Mihon family (Mihon / Tachiyomi / Suwayomi / Komikku / Neko),Comic Earth Star,comic-earthstar.com,ja,,Comic Earth Star
Mihon family (Mihon / Tachiyomi / Suwayomi / Komikku / Neko),Comic Festa,comic.iowl.jp,ja,,Comic Festa
Mihon family (Mihon / Tachiyomi / Suwayomi / Komikku / Neko),COMIC FUZ,comic-fuz.com,ja,,COMIC FUZ
Mihon family (Mihon / Tachiyomi / Suwayomi / Komikku / Neko),Comic Gardo,comic-gardo.com,ja,,Comic Gardo
Mihon family (Mihon / Tachiyomi / Suwayomi / Komikku / Neko),Comic Grast,novema.jp,ja,,Comic Grast
Mihon family (Mihon / Tachiyomi / Suwayomi / Komikku / Neko),G-Comi,g-comi.jp,ja,,G-Comi
Mihon family (Mihon / Tachiyomi / Suwayomi / Komikku / Neko),Kiraboshi,kirapo.jp,ja,,Kiraboshi
Mihon family (Mihon / Tachiyomi / Suwayomi / Komikku / Neko),Comic Nettai,comicnettai.com,ja,,Comic Nettai
Mihon family (Mihon / Tachiyomi / Suwayomi / Komikku / Neko),コミコ,comico.jp,ja,,Comico
Mihon family (Mihon / Tachiyomi / Suwayomi / Komikku / Neko),Comic Pash,comicpash.jp,ja,,Comic Pash
Mihon family (Mihon / Tachiyomi / Suwayomi / Komikku / Neko),Comic Ride,comicride.jp,ja,,Comic Ride
Mihon family (Mihon / Tachiyomi / Suwayomi / Komikku / Neko),Comic Room Base,comic-room-base.com,ja,,Comic Room Base
Mihon family (Mihon / Tachiyomi / Suwayomi / Komikku / Neko),Comic Ryu,comic-ryu.jp,ja,,Comic Ryu
Mihon family (Mihon / Tachiyomi / Suwayomi / Komikku / Neko),Comic Y-OURs,comic-y-ours.com,ja,,Comic Y-OURs
Mihon family (Mihon / Tachiyomi / Suwayomi / Komikku / Neko),Comiplex,viewer.heros-web.com,ja,,Comiplex
Mihon family (Mihon / Tachiyomi / Suwayomi / Komikku / Neko),Comirela,comirela.com,ja,,Comirela
Mihon family (Mihon / Tachiyomi / Suwayomi / Komikku / Neko),Corocoro Online,corocoro.jp,ja,,Corocoro Online
Mihon family (Mihon / Tachiyomi / Suwayomi / Komikku / Neko),Corona EX,to-corona-ex.com,ja,,Corona EX
Mihon family (Mihon / Tachiyomi / Suwayomi / Komikku / Neko),CyComi,cycomi.com,ja,,CyComi
Mihon family (Mihon / Tachiyomi / Suwayomi / Komikku / Neko),DMM,book.dmm.com,ja,,DMM/FANZA
Mihon family (Mihon / Tachiyomi / Suwayomi / Komikku / Neko),FANZA,book.dmm.co.jp,ja,,DMM/FANZA
Mihon family (Mihon / Tachiyomi / Suwayomi / Komikku / Neko),Docomo,dbook.docomo.ne.jp,ja,,Docomo
Mihon family (Mihon / Tachiyomi / Suwayomi / Komikku / Neko),Dokiraw,dokiraw.click,ja,,Dokiraw
Mihon family (Mihon / Tachiyomi / Suwayomi / Komikku / Neko),DreComi+,drecomi-plus.jp,ja,NSFW,DreComi+
Mihon family (Mihon / Tachiyomi / Suwayomi / Komikku / Neko),eBookJapan,ebookjapan.yahoo.co.jp,ja,,eBookJapan
Mihon family (Mihon / Tachiyomi / Suwayomi / Komikku / Neko),FireCross,firecross.jp,ja,,FireCross
Mihon family (Mihon / Tachiyomi / Suwayomi / Komikku / Neko),Flower Comics,flowercomics.jp,ja,,Flower Comics
Mihon family (Mihon / Tachiyomi / Suwayomi / Komikku / Neko),FOD,manga.fod.fujitv.co.jp,ja,,FOD
Mihon family (Mihon / Tachiyomi / Suwayomi / Komikku / Neko),Gangan Online,ganganonline.com,ja,,Gangan Online
Mihon family (Mihon / Tachiyomi / Suwayomi / Komikku / Neko),GANMA!,ganma.jp,ja,,GANMA!
Mihon family (Mihon / Tachiyomi / Suwayomi / Komikku / Neko),がうがうモンスター＋,gaugau.futabanet.jp,ja,,Gaugau Monster Plus
Mihon family (Mihon / Tachiyomi / Suwayomi / Komikku / Neko),Goraku Web,gorakuweb.com,ja,,Goraku Web
Mihon family (Mihon / Tachiyomi / Suwayomi / Komikku / Neko),Hachiraw,hachiraw.net,ja,,Hachiraw
Mihon family (Mihon / Tachiyomi / Suwayomi / Komikku / Neko),Hana To Yume+,hanayume.com,ja,,Hana To Yume+
Mihon family (Mihon / Tachiyomi / Suwayomi / Komikku / Neko),HAYA Comic,hayacomic.jp,ja,,HAYA Comic
Mihon family (Mihon / Tachiyomi / Suwayomi / Komikku / Neko),HERO'S Web,heros-web.com,ja,,HERO'S Web
Mihon family (Mihon / Tachiyomi / Suwayomi / Komikku / Neko),Ichicomi,ichicomi.com,ja,,Ichicomi
Mihon family (Mihon / Tachiyomi / Suwayomi / Komikku / Neko),Idol. gravureprincess .date,idol.gravureprincess.date,ja,NSFW,Idol. gravureprincess .date
Mihon family (Mihon / Tachiyomi / Suwayomi / Komikku / Neko),Jmanga,jmanga.cyou,ja,,Jmanga
Mihon family (Mihon / Tachiyomi / Suwayomi / Komikku / Neko),J-N Books,comic.j-nbooks.jp,ja,,J-N Books
Mihon family (Mihon / Tachiyomi / Suwayomi / Komikku / Neko),Jump Rookie!,rookie.shonenjump.com,ja,,Jump Rookie!
Mihon family (Mihon / Tachiyomi / Suwayomi / Komikku / Neko),Jump Toon,jumptoon.com,ja,,Jump Toon
Mihon family (Mihon / Tachiyomi / Suwayomi / Komikku / Neko),カドコミ,comic-walker.com,ja,,KadoComi
Mihon family (Mihon / Tachiyomi / Suwayomi / Komikku / Neko),KimiComi,kimicomi.com,ja,,KimiComi
Mihon family (Mihon / Tachiyomi / Suwayomi / Komikku / Neko),KissLove,klz9.com,ja,,KissLove
Mihon family (Mihon / Tachiyomi / Suwayomi / Komikku / Neko),KL Raw,klraw.info,ja,,KL Raw
Mihon family (Mihon / Tachiyomi / Suwayomi / Komikku / Neko),Klto9,klto9.com,ja,,Klto9
Mihon family (Mihon / Tachiyomi / Suwayomi / Komikku / Neko),Kmansin09,kmansin09.top,ja,,Kmansin09
Mihon family (Mihon / Tachiyomi / Suwayomi / Komikku / Neko),Kumaraw,kumaraw.com,ja,,Kumaraw
Mihon family (Mihon / Tachiyomi / Suwayomi / Komikku / Neko),Kurage Bunch,kuragebunch.com,ja,,Kurage Bunch
Mihon family (Mihon / Tachiyomi / Suwayomi / Komikku / Neko),Line Manga,manga.line.me,ja,,Line Manga
Mihon family (Mihon / Tachiyomi / Suwayomi / Komikku / Neko),Magazine Pocket,pocket.shonenmagazine.com,ja,,Magazine Pocket
Mihon family (Mihon / Tachiyomi / Suwayomi / Komikku / Neko),MAGCOMI,magcomi.com,ja,,MAGCOMI
Mihon family (Mihon / Tachiyomi / Suwayomi / Komikku / Neko),MagKan,kansai.mag-garden.co.jp,ja,,MagKan
Mihon family (Mihon / Tachiyomi / Suwayomi / Komikku / Neko),Manga1000,hachiraw.win,ja,,Manga1000
Mihon family (Mihon / Tachiyomi / Suwayomi / Komikku / Neko),MangaBang Comics,comics.manga-bang.com,ja,,MangaBang Comics
Mihon family (Mihon / Tachiyomi / Suwayomi / Komikku / Neko),MangaBu,mangabu.jp,ja,,MangaBu
Mihon family (Mihon / Tachiyomi / Suwayomi / Komikku / Neko),Champion Cross,championcross.jp,ja,,Champion Cross
Mihon family (Mihon / Tachiyomi / Suwayomi / Komikku / Neko),Manga-5,manga-5.com,ja,,Manga-5
Mihon family (Mihon / Tachiyomi / Suwayomi / Komikku / Neko),NihonKuni,nihonkuni.com,ja,,NihonKuni
Mihon family (Mihon / Tachiyomi / Suwayomi / Komikku / Neko),Manga Kingdom,comic.k-manga.jp,ja,,Manga Kingdom
Mihon family (Mihon / Tachiyomi / Suwayomi / Komikku / Neko),MangaKuro,mangakuro.net,ja,,MangaKuro
Mihon family (Mihon / Tachiyomi / Suwayomi / Komikku / Neko),Mangalt,mangalt.jp,ja,,Mangalt
Mihon family (Mihon / Tachiyomi / Suwayomi / Komikku / Neko),MangaMee,manga-mee.jp,ja,,MangaMee
Mihon family (Mihon / Tachiyomi / Suwayomi / Komikku / Neko),MangaMeets,manga-meets.jp,ja,,MangaMeets
Mihon family (Mihon / Tachiyomi / Suwayomi / Komikku / Neko),Manga Mura,mangamura.me,ja,,Manga Mura
Mihon family (Mihon / Tachiyomi / Suwayomi / Komikku / Neko),MangaNo,manga-no.com,ja,,MangaNo
Mihon family (Mihon / Tachiyomi / Suwayomi / Komikku / Neko),Manga One,manga-one.com,ja,,Manga One
Mihon family (Mihon / Tachiyomi / Suwayomi / Komikku / Neko),Manga-Park,manga-park.com,ja,,Manga-Park
Mihon family (Mihon / Tachiyomi / Suwayomi / Komikku / Neko),Manga Saison,mechacomi.jp,ja,,Manga Saison
Mihon family (Mihon / Tachiyomi / Suwayomi / Komikku / Neko),Manga SPA,mangaspa.nikkan-spa.jp,ja,,Manga SPA
Mihon family (Mihon / Tachiyomi / Suwayomi / Komikku / Neko),マンガ図書館Z,mangaz.com,ja,,Manga Toshokan Z
Mihon family (Mihon / Tachiyomi / Suwayomi / Komikku / Neko),Manga UP! (Japan),manga-up.com,ja,,Manga UP! (Japan)
Mihon family (Mihon / Tachiyomi / Suwayomi / Komikku / Neko),Manga Zegra,manga-zegra.com,ja,,Manga Zegra
Mihon family (Mihon / Tachiyomi / Suwayomi / Komikku / Neko),Mecha Comic,mechacomic.jp,ja,,Mecha Comic
Mihon family (Mihon / Tachiyomi / Suwayomi / Komikku / Neko),Mokuro,mokuro.moe,ja,,Mokuro
Mihon family (Mihon / Tachiyomi / Suwayomi / Komikku / Neko),momon:GA,momon-ga.com,ja,NSFW,MomonGA
Mihon family (Mihon / Tachiyomi / Suwayomi / Komikku / Neko),Nami Comic,namicomic.jp,ja,,Nami Comic
Mihon family (Mihon / Tachiyomi / Suwayomi / Komikku / Neko),Nicomanga,nicomanga.com,ja,,Nicomanga
Mihon family (Mihon / Tachiyomi / Suwayomi / Komikku / Neko),Nicovideo Seiga,sp.manga.nicovideo.jp,ja,,Nicovideo Seiga
Mihon family (Mihon / Tachiyomi / Suwayomi / Komikku / Neko),Nikkangecchan,nikkangecchan.jp,ja,,Nikkangecchan
Mihon family (Mihon / Tachiyomi / Suwayomi / Komikku / Neko),Ohta Web Comic,webcomic.ohtabooks.com,ja,,Ohta Web Comic
Mihon family (Mihon / Tachiyomi / Suwayomi / Komikku / Neko),Pash Up!,pash-up.jp,ja,,Pash Up!
Mihon family (Mihon / Tachiyomi / Suwayomi / Komikku / Neko),PiaComic,piacomic.jp,ja,,PiaComic
Mihon family (Mihon / Tachiyomi / Suwayomi / Komikku / Neko),Piccoma,piccoma.com,ja,,Piccoma
Mihon family (Mihon / Tachiyomi / Suwayomi / Komikku / Neko),Pixivコミック,comic.pixiv.net,ja,,Pixiv Comic
Mihon family (Mihon / Tachiyomi / Suwayomi / Komikku / Neko),Raw1001,raw1001.net,ja,,Raw1001
Mihon family (Mihon / Tachiyomi / Suwayomi / Komikku / Neko),Raw18,raw18.icu,ja,NSFW,Raw18
Mihon family (Mihon / Tachiyomi / Suwayomi / Komikku / Neko),RawBaka,rawbaka.com,ja,,RawBaka
Mihon family (Mihon / Tachiyomi / Suwayomi / Komikku / Neko),Rawdevart.art,rawdevart.art,ja,,Rawdevart.art
Mihon family (Mihon / Tachiyomi / Suwayomi / Komikku / Neko),RawINU,rawinu.com,ja,,RawINU
Mihon family (Mihon / Tachiyomi / Suwayomi / Komikku / Neko),Rawkuma,rawkuma.net,ja,,Rawkuma
Mihon family (Mihon / Tachiyomi / Suwayomi / Komikku / Neko),WeLoveManga,weloma.net,ja,,WeLoveManga
Mihon family (Mihon / Tachiyomi / Suwayomi / Komikku / Neko),Raw Otaku,rawotaku.com,ja,,Raw Otaku
Mihon family (Mihon / Tachiyomi / Suwayomi / Komikku / Neko),Raw UwU,rawuwu.net,ja,,Raw UwU
Mihon family (Mihon / Tachiyomi / Suwayomi / Komikku / Neko),RawMiu,rawmiu.com,ja,,RawMiu
Mihon family (Mihon / Tachiyomi / Suwayomi / Komikku / Neko),Reader Store,ebookstore.sony.jp,ja,,Reader Store
Mihon family (Mihon / Tachiyomi / Suwayomi / Komikku / Neko),RimacomiPlus,rimacomiplus.jp,ja,,RimacomiPlus
Mihon family (Mihon / Tachiyomi / Suwayomi / Komikku / Neko),Sen Manga,raw.senmanga.com,ja,,Sen Manga
Mihon family (Mihon / Tachiyomi / Suwayomi / Komikku / Neko),Shonen Jump+,shonenjumpplus.com,ja,,Shonen Jump+
Mihon family (Mihon / Tachiyomi / Suwayomi / Komikku / Neko),Sokuyomi,sokuyomi.jp,ja,NSFW,Sokuyomi
Mihon family (Mihon / Tachiyomi / Suwayomi / Komikku / Neko),Sunday Web Every,sunday-webry.com,ja,,Sunday Web Every
Mihon family (Mihon / Tachiyomi / Suwayomi / Komikku / Neko),TakeComic,takecomic.jp,ja,,TakeComic
Mihon family (Mihon / Tachiyomi / Suwayomi / Komikku / Neko),Tonari no Young Jump,tonarinoyj.jp,ja,,Tonari no Young Jump
Mihon family (Mihon / Tachiyomi / Suwayomi / Komikku / Neko),Twi4,sai-zen-sen.jp,ja,,Twi4
Mihon family (Mihon / Tachiyomi / Suwayomi / Komikku / Neko),U-NEXT,video.unext.jp,ja,,U-NEXT
Mihon family (Mihon / Tachiyomi / Suwayomi / Komikku / Neko),Love4u,love4u.net,ja,,Love4u
Mihon family (Mihon / Tachiyomi / Suwayomi / Komikku / Neko),ヤンマガ（マンガ）,yanmaga.jp,ja,,Weekly Young Magazine
Mihon family (Mihon / Tachiyomi / Suwayomi / Komikku / Neko),ヤンマガ（グラビア）,yanmaga.jp,ja,,Weekly Young Magazine
Mihon family (Mihon / Tachiyomi / Suwayomi / Komikku / Neko),Young Jump+,ynjn.jp,ja,,Young Jump+
Mihon family (Mihon / Tachiyomi / Suwayomi / Komikku / Neko),Yomonga,yomonga.com,ja,,Yomonga
Mihon family (Mihon / Tachiyomi / Suwayomi / Komikku / Neko),Young Animal,younganimal.com,ja,,Young Animal
Mihon family (Mihon / Tachiyomi / Suwayomi / Komikku / Neko),Young Champion,youngchampion.jp,ja,,Young Champion
Mihon family (Mihon / Tachiyomi / Suwayomi / Komikku / Neko),Zebrack,zebrack-comic.shueisha.co.jp,ja,,Zebrack
Mihon family (Mihon / Tachiyomi / Suwayomi / Komikku / Neko),Zenon,comic-zenon.com,ja,,Zenon
Mihon family (Mihon / Tachiyomi / Suwayomi / Komikku / Neko),Zerosum Online,zerosumonline.com,ja,,Zerosum Online
Mihon family (Mihon / Tachiyomi / Suwayomi / Komikku / Neko),블랙툰,blacktoon.me,ko,,BlackToon
Mihon family (Mihon / Tachiyomi / Suwayomi / Komikku / Neko),Manatoki,manatoki552.net,ko,NSFW,Manatoki
Mihon family (Mihon / Tachiyomi / Suwayomi / Komikku / Neko),Naver Webtoon,comic.naver.com,ko,,Naver Comic
Mihon family (Mihon / Tachiyomi / Suwayomi / Komikku / Neko),Naver Webtoon Best Challenge,comic.naver.com,ko,,Naver Comic
Mihon family (Mihon / Tachiyomi / Suwayomi / Komikku / Neko),Naver Webtoon Challenge,comic.naver.com,ko,,Naver Comic
Mihon family (Mihon / Tachiyomi / Suwayomi / Komikku / Neko),RawDEX,rawdex.net,ko,NSFW,RawDEX
Mihon family (Mihon / Tachiyomi / Suwayomi / Komikku / Neko),11toon,11toon.com,ko,,11toon
Mihon family (Mihon / Tachiyomi / Suwayomi / Komikku / Neko),Toonkor,tkor153.com,ko,,Toonkor
Mihon family (Mihon / Tachiyomi / Suwayomi / Komikku / Neko),늑대닷컴 - 웹툰,wfwf414.com,ko,,Wolf.com
Mihon family (Mihon / Tachiyomi / Suwayomi / Komikku / Neko),늑대닷컴 - 만화책,wfwf414.com,ko,,Wolf.com
Mihon family (Mihon / Tachiyomi / Suwayomi / Komikku / Neko),늑대닷컴 - 포토툰,wfwf414.com,ko,,Wolf.com
Mihon family (Mihon / Tachiyomi / Suwayomi / Komikku / Neko),MangaHoNa,mangahona.pl,pl,,MangaHoNa
Mihon family (Mihon / Tachiyomi / Suwayomi / Komikku / Neko),AcervoEremita,acervoeremita.com,pt-BR,,AcervoEremita
Mihon family (Mihon / Tachiyomi / Suwayomi / Komikku / Neko),Acervo Hentai,acervohentai.com,pt-BR,NSFW,Acervo Hentai
Mihon family (Mihon / Tachiyomi / Suwayomi / Komikku / Neko),Amuy,apenasmaisumyaoi.com,pt-BR,,Amuy
Mihon family (Mihon / Tachiyomi / Suwayomi / Komikku / Neko),AnimeXNovel,animexnovel.com,pt-BR,,AnimeXNovel
Mihon family (Mihon / Tachiyomi / Suwayomi / Komikku / Neko),Capitoons,capitoons.com,pt-BR,,Capitoons
Mihon family (Mihon / Tachiyomi / Suwayomi / Komikku / Neko),Apenas Uma Fã,apenasuma-fa.blogspot.com,pt-BR,,Apenas Uma Fã
Mihon family (Mihon / Tachiyomi / Suwayomi / Komikku / Neko),Argos Comics,aniargos.com,pt-BR,,Argos Comics
Mihon family (Mihon / Tachiyomi / Suwayomi / Komikku / Neko),Argos Scan,argoscomics.online,pt-BR,,Argos Scan
Mihon family (Mihon / Tachiyomi / Suwayomi / Komikku / Neko),Arthur Scan,arthurscan.xyz,pt-BR,,Arthur Scan
Mihon family (Mihon / Tachiyomi / Suwayomi / Komikku / Neko),Astratoons,new.astratoons.com,pt-BR,,Astratoons
Mihon family (Mihon / Tachiyomi / Suwayomi / Komikku / Neko),Azuretoons,azuretoons.com,pt-BR,,Azuretoons
Mihon family (Mihon / Tachiyomi / Suwayomi / Komikku / Neko),Bakai,bakai.org,pt-BR,NSFW,Bakai
Mihon family (Mihon / Tachiyomi / Suwayomi / Komikku / Neko),Blackout Comics,blackoutcomics.com,pt-BR,NSFW,Blackout Comics
Mihon family (Mihon / Tachiyomi / Suwayomi / Komikku / Neko),Bladetoons,bladetoons.com,pt-BR,,Bladetoons
Mihon family (Mihon / Tachiyomi / Suwayomi / Komikku / Neko),Boruto Explorer,leitor.borutoexplorer.com.br,pt-BR,,Boruto Explorer
Mihon family (Mihon / Tachiyomi / Suwayomi / Komikku / Neko),Brasil Hentai,brasilhentai.com,pt-BR,NSFW,Brasil Hentai
Mihon family (Mihon / Tachiyomi / Suwayomi / Komikku / Neko),BR Yaoi,bryaoi.com,pt-BR,NSFW,BR Yaoi
Mihon family (Mihon / Tachiyomi / Suwayomi / Komikku / Neko),Café com Yaoi,cafecomyaoi.com.br,pt-BR,,Café com Yaoi
Mihon family (Mihon / Tachiyomi / Suwayomi / Komikku / Neko),Cerise Scan,loverstoon.com,pt-BR,NSFW,Cerise Scan
Mihon family (Mihon / Tachiyomi / Suwayomi / Komikku / Neko),Coven Scan,covendasbruxonas.com,pt-BR,NSFW,Coven Scan
Mihon family (Mihon / Tachiyomi / Suwayomi / Komikku / Neko),Ego Toons,egotoons.com,pt-BR,,Ego Toons
Mihon family (Mihon / Tachiyomi / Suwayomi / Komikku / Neko),EroSect,erosect.xyz,pt-BR,NSFW,Ero Sect
Mihon family (Mihon / Tachiyomi / Suwayomi / Komikku / Neko),Euphoria Scan,euphoriascan.com,pt-BR,NSFW,Euphoria Scan
Mihon family (Mihon / Tachiyomi / Suwayomi / Komikku / Neko),ExHentai.net.br,exhentai.net.br,pt-BR,NSFW,ExHentai.net.br
Mihon family (Mihon / Tachiyomi / Suwayomi / Komikku / Neko),Fenix Project,fenixproject.site,pt-BR,NSFW,Fenix Project
Mihon family (Mihon / Tachiyomi / Suwayomi / Komikku / Neko),Fleur Blanche,fbsquadx.com,pt-BR,NSFW,Fleur Blanche
Mihon family (Mihon / Tachiyomi / Suwayomi / Komikku / Neko),FlowerManga.net,flowermangas.net,pt-BR,,FlowerManga.net
Mihon family (Mihon / Tachiyomi / Suwayomi / Komikku / Neko),GALAX Scans,galaxscanlator.blogspot.com,pt-BR,,GALAX Scans
Mihon family (Mihon / Tachiyomi / Suwayomi / Komikku / Neko),Geass Comics,geasscomics.xyz,pt-BR,,Geass Comics
Mihon family (Mihon / Tachiyomi / Suwayomi / Komikku / Neko),Ghost Scan,ghostscan.xyz,pt-BR,,Ghost Scan
Mihon family (Mihon / Tachiyomi / Suwayomi / Komikku / Neko),Hanmokku Scan,hanmokkuscan.blogspot.com,pt-BR,,Hanmokku Scan
Mihon family (Mihon / Tachiyomi / Suwayomi / Komikku / Neko),Hentai Season,hentaiseason.com,pt-BR,NSFW,Hentai Season
Mihon family (Mihon / Tachiyomi / Suwayomi / Komikku / Neko),Hentai Tokyo,hentaitokyo.net,pt-BR,NSFW,Hentai Tokyo
Mihon family (Mihon / Tachiyomi / Suwayomi / Komikku / Neko),Hipercool,lerhentais.com,pt-BR,NSFW,HipercooL
Mihon family (Mihon / Tachiyomi / Suwayomi / Komikku / Neko),Hipertoon,hipertoon.com,pt-BR,,Hipertoon
Mihon family (Mihon / Tachiyomi / Suwayomi / Komikku / Neko),Hora Hentai,horahentai.com,pt-BR,NSFW,Hora Hentai
Mihon family (Mihon / Tachiyomi / Suwayomi / Komikku / Neko),Hot Cabaret Scan,hotcabaretscan.com,pt-BR,,Hot Cabaret Scan
Mihon family (Mihon / Tachiyomi / Suwayomi / Komikku / Neko),HQ Now!,hq-now.com,pt-BR,,HQ Now!
Mihon family (Mihon / Tachiyomi / Suwayomi / Komikku / Neko),Hunters Scan,readhunters.xyz,pt-BR,,Hunters Scans
Mihon family (Mihon / Tachiyomi / Suwayomi / Komikku / Neko),Sagrado Império da Britannia,imperiodabritannia.net,pt-BR,,Sagrado Império da Britannia
Mihon family (Mihon / Tachiyomi / Suwayomi / Komikku / Neko),Inkapk,inkapk.net,pt-BR,NSFW,Inkapk
Mihon family (Mihon / Tachiyomi / Suwayomi / Komikku / Neko),Kami Sama Explorer,leitor.kamisama.com.br,pt-BR,,Kami Sama Explorer
Mihon family (Mihon / Tachiyomi / Suwayomi / Komikku / Neko),KivaraToons,kivaratoons.com,pt-BR,,KivaraToons
Mihon family (Mihon / Tachiyomi / Suwayomi / Komikku / Neko),KuroMangas,kuromangas.com,pt-BR,,KuroMangas
Mihon family (Mihon / Tachiyomi / Suwayomi / Komikku / Neko),Leitor de Mangas,leitordemangas.com,pt-BR,,Leitor de Mangas
Mihon family (Mihon / Tachiyomi / Suwayomi / Komikku / Neko),Leitura Mangá,leituramanga.net,pt-BR,,Leitura Manga
Mihon family (Mihon / Tachiyomi / Suwayomi / Komikku / Neko),Ler 999,ler999.blogspot.com,pt-BR,,Ler 999
Mihon family (Mihon / Tachiyomi / Suwayomi / Komikku / Neko),Ler Mangas,lermangas.me,pt-BR,NSFW,Ler Mangas
Mihon family (Mihon / Tachiyomi / Suwayomi / Komikku / Neko),Little Tyrant,tiraninha.world,pt-BR,,Little Tyrant
Mihon family (Mihon / Tachiyomi / Suwayomi / Komikku / Neko),Lycan Toons,lycantoons.com,pt-BR,,Lycan Toons
Mihon family (Mihon / Tachiyomi / Suwayomi / Komikku / Neko),Maid Scan,empreguetes.wtf,pt-BR,,Maid Scan
Mihon family (Mihon / Tachiyomi / Suwayomi / Komikku / Neko),MangaDash,mangadash.net,pt-BR,,MangaDash
Mihon family (Mihon / Tachiyomi / Suwayomi / Komikku / Neko),MangaFlix,mangaflix.net,pt-BR,,Manga Flix
Mihon family (Mihon / Tachiyomi / Suwayomi / Komikku / Neko),ToonLivre,toonlivre.net,pt-BR,,ToonLivre
Mihon family (Mihon / Tachiyomi / Suwayomi / Komikku / Neko),Manga Livre Blog,mangalivre.blog,pt-BR,,Manga Livre Blog
Mihon family (Mihon / Tachiyomi / Suwayomi / Komikku / Neko),MangaLivre.org,mangalivre.org,pt-BR,,MangaLivre.org
Mihon family (Mihon / Tachiyomi / Suwayomi / Komikku / Neko),Manga Livre.to,mangalivre.to,pt-BR,,Manga Livre.to
Mihon family (Mihon / Tachiyomi / Suwayomi / Komikku / Neko),Manga NXY,manganyx.com,pt-BR,,Manga NXY
Mihon family (Mihon / Tachiyomi / Suwayomi / Komikku / Neko),Manga Online,mangaonline.green,pt-BR,,Manga Online
Mihon family (Mihon / Tachiyomi / Suwayomi / Komikku / Neko),Mangas Brasuka,mangasbrasuka.org,pt-BR,,Mangas Brasuka
Mihon family (Mihon / Tachiyomi / Suwayomi / Komikku / Neko),Manga Stop,mangastop.net,pt-BR,,Manga Stop
Mihon family (Mihon / Tachiyomi / Suwayomi / Komikku / Neko),ManGeek,mangeek.app,pt-BR,,ManGeek
Mihon family (Mihon / Tachiyomi / Suwayomi / Komikku / Neko),Mango Toons,mangotoons.com,pt-BR,,Mango Toons
Mihon family (Mihon / Tachiyomi / Suwayomi / Komikku / Neko),Manhastro,manhastro.net,pt-BR,NSFW,Manhastro
Mihon family (Mihon / Tachiyomi / Suwayomi / Komikku / Neko),Mediocre Toons,mediocrescan.com,pt-BR,NSFW,Mediocre Toons
Mihon family (Mihon / Tachiyomi / Suwayomi / Komikku / Neko),MiniTwo Scan,minitwoscan.com,pt-BR,,MiniTwo Scan
Mihon family (Mihon / Tachiyomi / Suwayomi / Komikku / Neko),Monte Tai,montetaiscanlator.xyz,pt-BR,,Monte Tai
Mihon family (Mihon / Tachiyomi / Suwayomi / Komikku / Neko),MR Tenzus,mrtenzus.com,pt-BR,NSFW,MR Tenzus
Mihon family (Mihon / Tachiyomi / Suwayomi / Komikku / Neko),Mugiwaras Oficial,mugiwarasoficial.org,pt-BR,,Mugiwaras Oficial
Mihon family (Mihon / Tachiyomi / Suwayomi / Komikku / Neko),Muito Hentai,muitohentai.com,pt-BR,NSFW,Muito Hentai
Mihon family (Mihon / Tachiyomi / Suwayomi / Komikku / Neko),Mundo Hentai,mundohentaioficial.com,pt-BR,NSFW,Mundo Hentai
Mihon family (Mihon / Tachiyomi / Suwayomi / Komikku / Neko),Nebulosa Scan,nebulosascan.com,pt-BR,,Nebulosa Scan
Mihon family (Mihon / Tachiyomi / Suwayomi / Komikku / Neko),Ninja Scan,ninjacomics.xyz,pt-BR,,Ninja Scan
Mihon family (Mihon / Tachiyomi / Suwayomi / Komikku / Neko),Nocturne Summer,nocfsb.com,pt-BR,,Nocturne Summer
Mihon family (Mihon / Tachiyomi / Suwayomi / Komikku / Neko),Hanami Heaven,hanamiheaven.org,pt-BR,NSFW,Hanami Heaven
Mihon family (Mihon / Tachiyomi / Suwayomi / Komikku / Neko),OneReader,onereader.net,pt-BR,,OneReader
Mihon family (Mihon / Tachiyomi / Suwayomi / Komikku / Neko),Osaka Scan,osakascan.com,pt-BR,,Osaka Scan
Mihon family (Mihon / Tachiyomi / Suwayomi / Komikku / Neko),Pink Rosa,scanpinkrosa.blogspot.com,pt-BR,,Pink Rosa
Mihon family (Mihon / Tachiyomi / Suwayomi / Komikku / Neko),Pink Sea Unicorn,psunicorn.com,pt-BR,NSFW,Pink Sea Unicorn
Mihon family (Mihon / Tachiyomi / Suwayomi / Komikku / Neko),PizzariaScan,pizzariacomics.com,pt-BR,,PizzariaScan
Mihon family (Mihon / Tachiyomi / Suwayomi / Komikku / Neko),Pluma Comics,plumacomics.cloud,pt-BR,,Pluma Comics
Mihon family (Mihon / Tachiyomi / Suwayomi / Komikku / Neko),Point Zero Toons,kitsuneyako.com,pt-BR,,Point Zero Toons
Mihon family (Mihon / Tachiyomi / Suwayomi / Komikku / Neko),Portal Yaoi,portalyaoi.com,pt-BR,NSFW,Portal Yaoi
Mihon family (Mihon / Tachiyomi / Suwayomi / Komikku / Neko),Lura Toon,luratoons.net,pt-BR,,Lura Toon
Mihon family (Mihon / Tachiyomi / Suwayomi / Komikku / Neko),NoxManga,noxmangas.org,pt-BR,,NoxManga
Mihon family (Mihon / Tachiyomi / Suwayomi / Komikku / Neko),Revistas e Quadrinhos,revistasequadrinhos.com,pt,NSFW,Revistas e Quadrinhos
Mihon family (Mihon / Tachiyomi / Suwayomi / Komikku / Neko),RF Dragon Scan,rfdragonscan.net,pt-BR,,RF Dragon Scan
Mihon family (Mihon / Tachiyomi / Suwayomi / Komikku / Neko),Risentoons,risentoons.xyz,pt-BR,,Risentoons
Mihon family (Mihon / Tachiyomi / Suwayomi / Komikku / Neko),Roxinha,roxinha.online,pt-BR,,Roxinha
Mihon family (Mihon / Tachiyomi / Suwayomi / Komikku / Neko),Saikai Scan,housesaikai.net,pt-BR,,Saikai Scan
Mihon family (Mihon / Tachiyomi / Suwayomi / Komikku / Neko),Shirai Scans,shiraixis.space,pt-BR,,Shirai Scans
Mihon family (Mihon / Tachiyomi / Suwayomi / Komikku / Neko),SlimeRead (unoriginal),slimeread.app,pt-BR,,SlimeRead (unoriginal)
Mihon family (Mihon / Tachiyomi / Suwayomi / Komikku / Neko),Nexus Toons,nx-toons.xyz,pt-BR,NSFW,Nexus Toons
Mihon family (Mihon / Tachiyomi / Suwayomi / Komikku / Neko),Yomu Comics,yomu.com.br,pt-BR,,Yomu Comics
Mihon family (Mihon / Tachiyomi / Suwayomi / Komikku / Neko),Starlight Scan,starligthscan.com,pt-BR,NSFW,Starlight Scan
Mihon family (Mihon / Tachiyomi / Suwayomi / Komikku / Neko),Taimu Mangas,beta.taimumangas.com,pt-BR,,TaimuMangas
Mihon family (Mihon / Tachiyomi / Suwayomi / Komikku / Neko),Taiyō,taiyo.moe,pt-BR,,Taiyō
Mihon family (Mihon / Tachiyomi / Suwayomi / Komikku / Neko),Tankou Hentai,tankouhentai.com,pt-BR,NSFW,Tankou Hentai
Mihon family (Mihon / Tachiyomi / Suwayomi / Komikku / Neko),Tao Sect,taosect.com,pt-BR,,Tao Sect
Mihon family (Mihon / Tachiyomi / Suwayomi / Komikku / Neko),Temaki mangás,temakimangas.blogspot.com,pt-BR,NSFW,Temaki mangás
Mihon family (Mihon / Tachiyomi / Suwayomi / Komikku / Neko),Tia Manhwa,tiamanhwa.com,pt-BR,NSFW,Tia Manhwa
Mihon family (Mihon / Tachiyomi / Suwayomi / Komikku / Neko),ToonBr,beta.toonbr.com,pt-BR,,ToonBr
Mihon family (Mihon / Tachiyomi / Suwayomi / Komikku / Neko),Traduções do Lipe,traducoesdolipe.blogspot.com,pt-BR,,Traduções do Lipe
Mihon family (Mihon / Tachiyomi / Suwayomi / Komikku / Neko),Tsundoku Traduções,tsundoku.com.br,pt-BR,,Tsundoku Traduções
Mihon family (Mihon / Tachiyomi / Suwayomi / Komikku / Neko),Universo Hentai,universohentai.com,pt-BR,NSFW,Universo Hentai
Mihon family (Mihon / Tachiyomi / Suwayomi / Komikku / Neko),Vegitoons,vegitoons.black,pt-BR,,Vegitoons
Mihon family (Mihon / Tachiyomi / Suwayomi / Komikku / Neko),Verdinha,verdinha.wtf,pt-BR,,Verdinha
Mihon family (Mihon / Tachiyomi / Suwayomi / Komikku / Neko),Wolftoon,wolftoon.lovable.app,pt-BR,,Wolftoon
Mihon family (Mihon / Tachiyomi / Suwayomi / Komikku / Neko),XXX Yaoi,3xyaoi.com,pt-BR,NSFW,XXX Yaoi
Mihon family (Mihon / Tachiyomi / Suwayomi / Komikku / Neko),Yaoi Fan Club,yaoifanclub.com,pt-BR,,Yaoi Fan Club
Mihon family (Mihon / Tachiyomi / Suwayomi / Komikku / Neko),Yomu Mangás,yomumangas.com,pt-BR,NSFW,Yomu Mangás
Mihon family (Mihon / Tachiyomi / Suwayomi / Komikku / Neko),Yugen Mangás,yugenmangasbr.dxtg.online,pt-BR,,Yugen Mangás
Mihon family (Mihon / Tachiyomi / Suwayomi / Komikku / Neko),Yuri on Air,yurionair.top,pt-BR,,Yuri on Air
Mihon family (Mihon / Tachiyomi / Suwayomi / Komikku / Neko),ZettaHQ,zettahq.com,pt-BR,NSFW,ZettaHQ
Mihon family (Mihon / Tachiyomi / Suwayomi / Komikku / Neko),AComics,acomics.ru,ru,,AComics
Mihon family (Mihon / Tachiyomi / Suwayomi / Komikku / Neko),AllHentai,20.allhen.online,ru,NSFW,AllHentai
Mihon family (Mihon / Tachiyomi / Suwayomi / Komikku / Neko),AstraManga,astramanga.org,ru,,AstraManga
Mihon family (Mihon / Tachiyomi / Suwayomi / Komikku / Neko),Com-X,ru.com-x.life,ru,,Com-X
Mihon family (Mihon / Tachiyomi / Suwayomi / Komikku / Neko),Desu,desu.uno,ru,,Desu
Mihon family (Mihon / Tachiyomi / Suwayomi / Komikku / Neko),HenChan,xxl.hentaichan.live,ru,NSFW,HenChan
Mihon family (Mihon / Tachiyomi / Suwayomi / Komikku / Neko),HentaiLib,hentailib.me,ru,NSFW,HentaiLib
Mihon family (Mihon / Tachiyomi / Suwayomi / Komikku / Neko),InkStory,inkstory.net,ru,,InkStory
Mihon family (Mihon / Tachiyomi / Suwayomi / Komikku / Neko),MangaBuff,mangabuff.ru,ru,,MangaBuff
Mihon family (Mihon / Tachiyomi / Suwayomi / Komikku / Neko),MangaChan,im.manga-chan.me,ru,,MangaChan
Mihon family (Mihon / Tachiyomi / Suwayomi / Komikku / Neko),Mangahub,mangahub.ru,ru,,Mangahub
Mihon family (Mihon / Tachiyomi / Suwayomi / Komikku / Neko),MangaLib,mangalib.me,ru,,MangaLib
Mihon family (Mihon / Tachiyomi / Suwayomi / Komikku / Neko),MangaMen,mangamen.com,ru,,MangaMen
Mihon family (Mihon / Tachiyomi / Suwayomi / Komikku / Neko),MangaPoisk,mangapoisk.me,ru,,MangaPoisk
Mihon family (Mihon / Tachiyomi / Suwayomi / Komikku / Neko),Manga-shi,manga-shi.org,ru,,Manga-shi
Mihon family (Mihon / Tachiyomi / Suwayomi / Komikku / Neko),MintManga,2.mintmanga.one,ru,,MintManga
Mihon family (Mihon / Tachiyomi / Suwayomi / Komikku / Neko),NineGrid,9grid.cc,ru,,NineGrid
Mihon family (Mihon / Tachiyomi / Suwayomi / Komikku / Neko),Nude-Moon,nude-moon.org,ru,NSFW,Nude-Moon
Mihon family (Mihon / Tachiyomi / Suwayomi / Komikku / Neko),PureManga,v1.puremanga.me,ru,,PureManga
Mihon family (Mihon / Tachiyomi / Suwayomi / Komikku / Neko),ReadManga,a.zazaza.me,ru,,ReadManga
Mihon family (Mihon / Tachiyomi / Suwayomi / Komikku / Neko),SeiManga,1.seimanga.me,ru,,SeiManga
Mihon family (Mihon / Tachiyomi / Suwayomi / Komikku / Neko),SelfManga,1.selfmanga.live,ru,,SelfManga
Mihon family (Mihon / Tachiyomi / Suwayomi / Komikku / Neko),Senkognito,senkuro.me,ru,NSFW,Senkognito
Mihon family (Mihon / Tachiyomi / Suwayomi / Komikku / Neko),Senkuro,senkuro.me,ru,,Senkuro
Mihon family (Mihon / Tachiyomi / Suwayomi / Komikku / Neko),Tomilo-lib,tomilo-lib.ru,ru,,Tomilo-lib
Mihon family (Mihon / Tachiyomi / Suwayomi / Komikku / Neko),UniComics,unicomics.ru,ru,,UniComics
Mihon family (Mihon / Tachiyomi / Suwayomi / Komikku / Neko),Usagi,web.usagi.one,ru,,Usagi
Mihon family (Mihon / Tachiyomi / Suwayomi / Komikku / Neko),WaManga,wamanga.ru,ru,,WaManga
Mihon family (Mihon / Tachiyomi / Suwayomi / Komikku / Neko),YagamiProject,read.yagami.me,ru,,YagamiProject
Mihon family (Mihon / Tachiyomi / Suwayomi / Komikku / Neko),YaoiChan,yaoi-chan.me,ru,NSFW,YaoiChan
Mihon family (Mihon / Tachiyomi / Suwayomi / Komikku / Neko),SlashLib,slashlib.me,ru,,SlashLib
Mihon family (Mihon / Tachiyomi / Suwayomi / Komikku / Neko),Cat300,cat-300.com,th,NSFW,Cat300
Mihon family (Mihon / Tachiyomi / Suwayomi / Komikku / Neko),Catzaa,catzaa.net,th,NSFW,Catzaa
Mihon family (Mihon / Tachiyomi / Suwayomi / Komikku / Neko),Doodmanga,doodmanga.com,th,,Doodmanga
Mihon family (Mihon / Tachiyomi / Suwayomi / Komikku / Neko),Doujin-Lc,doujin-lc.net,th,NSFW,Doujin-Lc
Mihon family (Mihon / Tachiyomi / Suwayomi / Komikku / Neko),Doujin Moon,doujinmoon.com,th,NSFW,Doujin Moon
Mihon family (Mihon / Tachiyomi / Suwayomi / Komikku / Neko),DoujinZa,doujinza.com,th,NSFW,DoujinZa
Mihon family (Mihon / Tachiyomi / Suwayomi / Komikku / Neko),Ecchi-Doujin,ecchi-doujin.com,th,NSFW,Ecchi-Doujin
Mihon family (Mihon / Tachiyomi / Suwayomi / Komikku / Neko),Fin Manga,fin-manga.com,th,,Fin Manga
Mihon family (Mihon / Tachiyomi / Suwayomi / Komikku / Neko),God-Doujin,god-doujin.com,th,NSFW,God-Doujin
Mihon family (Mihon / Tachiyomi / Suwayomi / Komikku / Neko),Go Manga,go-manga.com,th,,Go Manga
Mihon family (Mihon / Tachiyomi / Suwayomi / Komikku / Neko),Makimaaaaa,makimaaaaa.com,th,,Makimaaaaa
Mihon family (Mihon / Tachiyomi / Suwayomi / Komikku / Neko),Manga168,manga1688.com,th,,Manga168
Mihon family (Mihon / Tachiyomi / Suwayomi / Komikku / Neko),MangaIsekaiThai,mangaisekaithai.net,th,,MangaIsekaiThai
Mihon family (Mihon / Tachiyomi / Suwayomi / Komikku / Neko),MangaKimi,mangakimi.com,th,,MangaKimi
Mihon family (Mihon / Tachiyomi / Suwayomi / Komikku / Neko),Manga-Lc,manga-lc.net,th,,Manga-Lc
Mihon family (Mihon / Tachiyomi / Suwayomi / Komikku / Neko),Mangastep,mangastep.com,th,,Mangastep
Mihon family (Mihon / Tachiyomi / Suwayomi / Komikku / Neko),ManhuaBug,manhuabug.com,th,,ManhuaBug
Mihon family (Mihon / Tachiyomi / Suwayomi / Komikku / Neko),ManhuaKey,manhuakey.com,th,,ManhuaKey
Mihon family (Mihon / Tachiyomi / Suwayomi / Komikku / Neko),ManhuaThai,manhuathai.com,th,,ManhuaThai
Mihon family (Mihon / Tachiyomi / Suwayomi / Komikku / Neko),ManhwaBreakup,manhwabreakup.com,th,,ManhwaBreakup
Mihon family (Mihon / Tachiyomi / Suwayomi / Komikku / Neko),MikuDoujin,miku-doujin.com,th,NSFW,MikuDoujin
Mihon family (Mihon / Tachiyomi / Suwayomi / Komikku / Neko),Nekopost,nekopost.net,th,,Nekopost
Mihon family (Mihon / Tachiyomi / Suwayomi / Komikku / Neko),Niceoppai,niceoppai.net,th,,Niceoppai
Mihon family (Mihon / Tachiyomi / Suwayomi / Komikku / Neko),NTR-Manga,ntr-manga.net,th,NSFW,NTR-Manga
Mihon family (Mihon / Tachiyomi / Suwayomi / Komikku / Neko),MangaBlackCat,mangablackcat.com,th,,MangaBlackCat
Mihon family (Mihon / Tachiyomi / Suwayomi / Komikku / Neko),OreManga,oremanga.net,th,,OreManga
Mihon family (Mihon / Tachiyomi / Suwayomi / Komikku / Neko),ReaperTrans,reapertrans.com,th,,ReaperTrans
Mihon family (Mihon / Tachiyomi / Suwayomi / Komikku / Neko),SingManga,sing-manga.com,th,,Singmanga
Mihon family (Mihon / Tachiyomi / Suwayomi / Komikku / Neko),Slow Manga,slow-manga.net,th,,Slow Manga
Mihon family (Mihon / Tachiyomi / Suwayomi / Komikku / Neko),สดใสเมะ,xn--l3c0azab5a2gta.com,th,,Sodsaime
Mihon family (Mihon / Tachiyomi / Suwayomi / Komikku / Neko),Speed Manga,speed-manga.net,th,,Speed Manga
Mihon family (Mihon / Tachiyomi / Suwayomi / Komikku / Neko),Tanuki-Manga,tanuki-manga.net,th,,Tanuki-Manga
Mihon family (Mihon / Tachiyomi / Suwayomi / Komikku / Neko),ToomTam-Manga,toomtam-manga.com,th,,ToomTam-Manga
Mihon family (Mihon / Tachiyomi / Suwayomi / Komikku / Neko),Afrodit Scans,afroditscans.com,tr,,Afrodit Scans
Mihon family (Mihon / Tachiyomi / Suwayomi / Komikku / Neko),Alucard Scans,alucardscans.com,tr,,Alucard Scans
Mihon family (Mihon / Tachiyomi / Suwayomi / Komikku / Neko),Amanga Planet,amangaplanet.com.tr,tr,,Amanga Planet
Mihon family (Mihon / Tachiyomi / Suwayomi / Komikku / Neko),Anikiga,anikiga.com,tr,,Anikiga
Mihon family (Mihon / Tachiyomi / Suwayomi / Komikku / Neko),ArazNovel,araznovel.com,tr,,ArazNovel
Mihon family (Mihon / Tachiyomi / Suwayomi / Komikku / Neko),Arcura Fansub,arcurafansub.com,tr,,Arcura Fansub
Mihon family (Mihon / Tachiyomi / Suwayomi / Komikku / Neko),Asura Scans TR,asurascans.com.tr,tr,,Asura Scans TR
Mihon family (Mihon / Tachiyomi / Suwayomi / Komikku / Neko),ÇaprazManga,caprazmanga.com,tr,,ÇaprazManga
Mihon family (Mihon / Tachiyomi / Suwayomi / Komikku / Neko),DiamondFansub,diamondfansub.com,tr,,DiamondFansub
Mihon family (Mihon / Tachiyomi / Suwayomi / Komikku / Neko),Domal Fansub,dom4lfansub.online,tr,,Domal Fansub
Mihon family (Mihon / Tachiyomi / Suwayomi / Komikku / Neko),Elder Manga,eldermanga.com,tr,,Elder Manga
Mihon family (Mihon / Tachiyomi / Suwayomi / Komikku / Neko),Eski Mangalar,eskimangalar.com,tr,,Eski Mangalar
Mihon family (Mihon / Tachiyomi / Suwayomi / Komikku / Neko),gafeland,gafeland.com,tr,,gafeland
Mihon family (Mihon / Tachiyomi / Suwayomi / Komikku / Neko),Gaiatoon,gaiatoon.com,tr,,Gaiatoon
Mihon family (Mihon / Tachiyomi / Suwayomi / Komikku / Neko),Garcia Manga,garciamanga.com,tr,,Garcia Manga
Mihon family (Mihon / Tachiyomi / Suwayomi / Komikku / Neko),GhosToon,ghostoon.com,tr,,GhosToon
Mihon family (Mihon / Tachiyomi / Suwayomi / Komikku / Neko),Gölge Bahçesi,golgebahcesi.com,tr,,Gölge Bahçesi
Mihon family (Mihon / Tachiyomi / Suwayomi / Komikku / Neko),Hattori Manga,hattorimanga.net,tr,NSFW,Hattori Manga
Mihon family (Mihon / Tachiyomi / Suwayomi / Komikku / Neko),Hattori Scans,hattoriscans.com,tr,,Hattori Scans
Mihon family (Mihon / Tachiyomi / Suwayomi / Komikku / Neko),Hayalistic,hayalistic.online,tr,,Hayalistic
Mihon family (Mihon / Tachiyomi / Suwayomi / Komikku / Neko),Holy Scans,holyscans.com.tr,tr,NSFW,Holy Scans
Mihon family (Mihon / Tachiyomi / Suwayomi / Komikku / Neko),Kabus Manga,kabusmanga.com,tr,NSFW,Kabus Manga
Mihon family (Mihon / Tachiyomi / Suwayomi / Komikku / Neko),Koreli Manga,korelimanga.com,tr,,Koreli Manga
Mihon family (Mihon / Tachiyomi / Suwayomi / Komikku / Neko),Koreli Scans,nabicix.com,tr,,Koreli Scans
Mihon family (Mihon / Tachiyomi / Suwayomi / Komikku / Neko),Kuroi Manga,kuroimanga.site,tr,NSFW,Kuroi Manga
Mihon family (Mihon / Tachiyomi / Suwayomi / Komikku / Neko),Lavinia Fansub,laviniafansub.shop,tr,NSFW,Lavinia Fansub
Mihon family (Mihon / Tachiyomi / Suwayomi / Komikku / Neko),Limon Manga,limonmanga.com,tr,,Limon Manga
Mihon family (Mihon / Tachiyomi / Suwayomi / Komikku / Neko),Luna Scans,tuhafscans.com,tr,NSFW,Luna Scans
Mihon family (Mihon / Tachiyomi / Suwayomi / Komikku / Neko),MangaDenizi,mangadenizi.net,tr,,MangaDenizi
Mihon family (Mihon / Tachiyomi / Suwayomi / Komikku / Neko),Manga Diyarı,mangadiyari.com,tr,,Manga Diyarı
Mihon family (Mihon / Tachiyomi / Suwayomi / Komikku / Neko),Mangadusleri,mangadusleri.mom,tr,NSFW,Mangadusleri
Mihon family (Mihon / Tachiyomi / Suwayomi / Komikku / Neko),Manga Kusu,mangakusu.com,tr,,Manga Kusu
Mihon family (Mihon / Tachiyomi / Suwayomi / Komikku / Neko),Manga Portalı,mangaportali.com,tr,,Manga Portalı
Mihon family (Mihon / Tachiyomi / Suwayomi / Komikku / Neko),Manga Şehri.net,manga-sehri.net,tr,,Manga Şehri.net
Mihon family (Mihon / Tachiyomi / Suwayomi / Komikku / Neko),Manga Bahçesi,mangabahcesi.com,tr,,Manga Bahçesi
Mihon family (Mihon / Tachiyomi / Suwayomi / Komikku / Neko),MangaTilkisi,tilkiscans.com,tr,,MangaTilkisi
Mihon family (Mihon / Tachiyomi / Suwayomi / Komikku / Neko),Manga-TR,manga-tr.com,tr,,Manga-TR
Mihon family (Mihon / Tachiyomi / Suwayomi / Komikku / Neko),MangaWOW,mangawow.org,tr,,MangaWOW
Mihon family (Mihon / Tachiyomi / Suwayomi / Komikku / Neko),MangaWT,mangawt.com,tr,,MangaWT
Mihon family (Mihon / Tachiyomi / Suwayomi / Komikku / Neko),MangaZure,mangazure.net,tr,,MangaZure
Mihon family (Mihon / Tachiyomi / Suwayomi / Komikku / Neko),Mangitto,mangtto.com,tr,NSFW,Mangitto
Mihon family (Mihon / Tachiyomi / Suwayomi / Komikku / Neko),Merlin Scans,merlintoon.com,tr,,Merlin Scans
Mihon family (Mihon / Tachiyomi / Suwayomi / Komikku / Neko),Mikrokosmos Fansub,mikrokosmosfb.blogspot.com,tr,NSFW,Mikrokosmos Fansub
Mihon family (Mihon / Tachiyomi / Suwayomi / Komikku / Neko),MilaSub,millascan.com,tr,NSFW,MilaSub
Mihon family (Mihon / Tachiyomi / Suwayomi / Komikku / Neko),Mono Manga,monomanga.com.tr,tr,,Mono Manga
Mihon family (Mihon / Tachiyomi / Suwayomi / Komikku / Neko),Moon Daisy Scans,moondaisyscans.pro,tr,NSFW,Moon Daisy Scans
Mihon family (Mihon / Tachiyomi / Suwayomi / Komikku / Neko),Nemesisscans,nemesisscans.com,tr,,Nemesis scans
Mihon family (Mihon / Tachiyomi / Suwayomi / Komikku / Neko),Nirvana Manga,nirvanamanga.com,tr,,Nirvana Manga
Mihon family (Mihon / Tachiyomi / Suwayomi / Komikku / Neko),Nivera Fansub,niverafansub.one,tr,,Nivera Fansub
Mihon family (Mihon / Tachiyomi / Suwayomi / Komikku / Neko),OkuToon,okutoon.com,tr,,OkuToon
Mihon family (Mihon / Tachiyomi / Suwayomi / Komikku / Neko),Opiatoon,opiatoon.shop,tr,NSFW,Opiatoon
Mihon family (Mihon / Tachiyomi / Suwayomi / Komikku / Neko),Ori Manga,orimanga.net,tr,,Ori Manga
Mihon family (Mihon / Tachiyomi / Suwayomi / Komikku / Neko),Paradox Scans,paradoxscans.com,tr,,Paradox Scans
Mihon family (Mihon / Tachiyomi / Suwayomi / Komikku / Neko),Pati Manga,patimanga.com,tr,,Pati Manga
Mihon family (Mihon / Tachiyomi / Suwayomi / Komikku / Neko),Ragnar Scans,ragnarscans.net,tr,,Ragnar Scans
Mihon family (Mihon / Tachiyomi / Suwayomi / Komikku / Neko),Raindrop Fansub,raindropteamfan.com,tr,,Raindrop Fansub
Mihon family (Mihon / Tachiyomi / Suwayomi / Komikku / Neko),Rüya Manga,ruyamanga2.com,tr,,Rüya Manga
Mihon family (Mihon / Tachiyomi / Suwayomi / Komikku / Neko),Rüya Manga.net,ruyamanga.net,tr,,Rüya Manga.net
Mihon family (Mihon / Tachiyomi / Suwayomi / Komikku / Neko),Serein Scan,sereinscan.com,tr,,Serein Scan
Mihon family (Mihon / Tachiyomi / Suwayomi / Komikku / Neko),Shadow Çeviri,shadowceviri.blogspot.com,tr,,Shadow Çeviri
Mihon family (Mihon / Tachiyomi / Suwayomi / Komikku / Neko),Shijie Scans,shijiescans.com,tr,,Shijie Scans
Mihon family (Mihon / Tachiyomi / Suwayomi / Komikku / Neko),Siyah Melek,siyahmelek.live,tr,NSFW,Siyah Melek
Mihon family (Mihon / Tachiyomi / Suwayomi / Komikku / Neko),Slept Manga,sleptmanga.com.tr,tr,,Slept Manga
Mihon family (Mihon / Tachiyomi / Suwayomi / Komikku / Neko),Stray Fansub,strayfansub.net,tr,NSFW,Stray Fansub
Mihon family (Mihon / Tachiyomi / Suwayomi / Komikku / Neko),SummerToon,summertoons.net,tr,,SummerToon
Mihon family (Mihon / Tachiyomi / Suwayomi / Komikku / Neko),Sunset Manga,sunsetmanga.com,tr,,Sunset Manga
Mihon family (Mihon / Tachiyomi / Suwayomi / Komikku / Neko),Tarot Scans,tarotscans.com,tr,,Tarot Scans
Mihon family (Mihon / Tachiyomi / Suwayomi / Komikku / Neko),Tenshi Manga,tenshimanga.com,tr,,Tenshi Manga
Mihon family (Mihon / Tachiyomi / Suwayomi / Komikku / Neko),TonizuToon,tonizu.top,tr,,TonizuToon
Mihon family (Mihon / Tachiyomi / Suwayomi / Komikku / Neko),Toontaku,toontaku.com,tr,,Toontaku
Mihon family (Mihon / Tachiyomi / Suwayomi / Komikku / Neko),Tortuga Ceviri,tortugaceviri.com,tr,,Tortuga Ceviri
Mihon family (Mihon / Tachiyomi / Suwayomi / Komikku / Neko),TrManga,trmanga.com,tr,,Tr Manga
Mihon family (Mihon / Tachiyomi / Suwayomi / Komikku / Neko),Türkçe Manga Oku,trmangaoku.com,tr,,Türkçe Manga Oku
Mihon family (Mihon / Tachiyomi / Suwayomi / Komikku / Neko),Türkçe Manga Oku TR,turkcemangaoku.com.tr,tr,NSFW,Turkce Manga Oku TR
Mihon family (Mihon / Tachiyomi / Suwayomi / Komikku / Neko),Uzay Manga,uzaymanga.com,tr,,Uzay Manga
Mihon family (Mihon / Tachiyomi / Suwayomi / Komikku / Neko),Webtoon Hatti,webtoonhatti.club,tr,,Webtoon Hatti
Mihon family (Mihon / Tachiyomi / Suwayomi / Komikku / Neko),WebtoonOku,webtoonoku.org,tr,,WebtoonOku
Mihon family (Mihon / Tachiyomi / Suwayomi / Komikku / Neko),Yaoibar,yaoibar.lol,tr,NSFW,Yaoibar
Mihon family (Mihon / Tachiyomi / Suwayomi / Komikku / Neko),Yaoi Flix,yaoiflix.fit,tr,NSFW,Yaoi Flix
Mihon family (Mihon / Tachiyomi / Suwayomi / Komikku / Neko),Yaoi Manga Oku,yaoimangaoku.net,tr,NSFW,Yaoi Manga Oku
Mihon family (Mihon / Tachiyomi / Suwayomi / Komikku / Neko),ComixTopia,comixtopia.in.ua,uk,,ComixTopia
Mihon family (Mihon / Tachiyomi / Suwayomi / Komikku / Neko),DGManga,dgmanga.app,uk,,DGManga
Mihon family (Mihon / Tachiyomi / Suwayomi / Komikku / Neko),Faust,faust-web.com,uk,,Faust
Mihon family (Mihon / Tachiyomi / Suwayomi / Komikku / Neko),HoneyManga,honey-manga.com.ua,uk,,HoneyManga
Mihon family (Mihon / Tachiyomi / Suwayomi / Komikku / Neko),MANGA/in/UA,manga.in.ua,uk,,MangaInUa
Mihon family (Mihon / Tachiyomi / Suwayomi / Komikku / Neko),Mangarama,mangarama.com.ua,uk,,Mangarama
Mihon family (Mihon / Tachiyomi / Suwayomi / Komikku / Neko),Zenko,zenko.online,uk,,Zenko
Mihon family (Mihon / Tachiyomi / Suwayomi / Komikku / Neko),Ariverse,arigl.xyz,vi,,Ariverse
Mihon family (Mihon / Tachiyomi / Suwayomi / Komikku / Neko),CManga,cmangax18.com,vi,,CManga
Mihon family (Mihon / Tachiyomi / Suwayomi / Komikku / Neko),CuuTruyen,cuutruyen.net,vi,,CuuTruyen
Mihon family (Mihon / Tachiyomi / Suwayomi / Komikku / Neko),CuuTruyen (unoriginal),cuutruyen.moe,vi,,CuuTruyen (unoriginal)
Mihon family (Mihon / Tachiyomi / Suwayomi / Komikku / Neko),DamCoNuong,damconuong.uno,vi,NSFW,DamCoNuong
Mihon family (Mihon / Tachiyomi / Suwayomi / Komikku / Neko),DaoMeoDen,daomeoden.net,vi,,DaoMeoDen
Mihon family (Mihon / Tachiyomi / Suwayomi / Komikku / Neko),Dilib,dilib.vn,vi,,Dilib
Mihon family (Mihon / Tachiyomi / Suwayomi / Komikku / Neko),DocTruyen3Q,doctruyen3qhub.vip,vi,,DocTruyen3Q
Mihon family (Mihon / Tachiyomi / Suwayomi / Komikku / Neko),DocTruyen5s,manga.io.vn,vi,,DocTruyen5s
Mihon family (Mihon / Tachiyomi / Suwayomi / Komikku / Neko),Dưa Leo Truyện,dualeotruyenwk.com,vi,NSFW,Dua Leo Truyen
Mihon family (Mihon / Tachiyomi / Suwayomi / Komikku / Neko),FastScan,fastscan.org,vi,,FastScan
Mihon family (Mihon / Tachiyomi / Suwayomi / Komikku / Neko),GantzVN,gantzvn.com,vi,,GantzVN
Mihon family (Mihon / Tachiyomi / Suwayomi / Komikku / Neko),GocTruyenTranh,goctruyentranh.com,vi,,Goc Truyen Tranh
Mihon family (Mihon / Tachiyomi / Suwayomi / Komikku / Neko),Goc Truyen Tranh Vui,goctruyentranhvui41.com,vi,,Goc Truyen Tranh Vui
Mihon family (Mihon / Tachiyomi / Suwayomi / Komikku / Neko),CBHentai,2tencb.pro,vi,NSFW,CBHentai
Mihon family (Mihon / Tachiyomi / Suwayomi / Komikku / Neko),HentaiVN.plus,hentaivn.show,vi,NSFW,HentaiVN.plus
Mihon family (Mihon / Tachiyomi / Suwayomi / Komikku / Neko),HentaiVNx,hentaivnx.com,vi,NSFW,HentaiVNx
Mihon family (Mihon / Tachiyomi / Suwayomi / Komikku / Neko),Học Viện 2Ten,hv2tcomics.net,vi,NSFW,Học Viện 2Ten
Mihon family (Mihon / Tachiyomi / Suwayomi / Komikku / Neko),KamiComic,kamicomi.com,vi,,KamiComic
Mihon family (Mihon / Tachiyomi / Suwayomi / Komikku / Neko),KhoManhwa,khomanhwa.com,vi,NSFW,KhoManhwa
Mihon family (Mihon / Tachiyomi / Suwayomi / Komikku / Neko),KiraKira,truyenkira.net,vi,,KiraKira
Mihon family (Mihon / Tachiyomi / Suwayomi / Komikku / Neko),LoppyToon,loppytoonn.com,vi,,LoppyToon
Mihon family (Mihon / Tachiyomi / Suwayomi / Komikku / Neko),LuotTruyen,luottruyen999.com,vi,,LuotTruyen
Mihon family (Mihon / Tachiyomi / Suwayomi / Komikku / Neko),LuvEvaLand,luvevalands2.co,vi,,LuvEvaLand
Mihon family (Mihon / Tachiyomi / Suwayomi / Komikku / Neko),LXManga,lxmanga.space,vi,NSFW,LXManga
Mihon family (Mihon / Tachiyomi / Suwayomi / Komikku / Neko),LxManga.org (unoriginal),lxmanga.org,vi,NSFW,LxManga.org (unoriginal)
Mihon family (Mihon / Tachiyomi / Suwayomi / Komikku / Neko),MeDamTruyen,saytongtaii.site,vi,,MeDamTruyen
Mihon family (Mihon / Tachiyomi / Suwayomi / Komikku / Neko),MeHentai,mehentai.live,vi,NSFW,MeHentai
Mihon family (Mihon / Tachiyomi / Suwayomi / Komikku / Neko),MeoSSS,meosss.com,vi,,MeoSSS
Mihon family (Mihon / Tachiyomi / Suwayomi / Komikku / Neko),MeoSua,meosua.org,vi,,MeoSua
Mihon family (Mihon / Tachiyomi / Suwayomi / Komikku / Neko),MeTruyen18,metruyen18.vip,vi,NSFW,MeTruyen18
Mihon family (Mihon / Tachiyomi / Suwayomi / Komikku / Neko),MiMi,mimihentai.moe,vi,NSFW,MiMi
Mihon family (Mihon / Tachiyomi / Suwayomi / Komikku / Neko),MiMiHentai,mimihentai.net,vi,NSFW,MiMiHentai
Mihon family (Mihon / Tachiyomi / Suwayomi / Komikku / Neko),MinoTruyen Manga,minotruyenv5.xyz,vi,,MinoTruyen
Mihon family (Mihon / Tachiyomi / Suwayomi / Komikku / Neko),MinoTruyen Comics,minotruyenv5.xyz,vi,,MinoTruyen
Mihon family (Mihon / Tachiyomi / Suwayomi / Komikku / Neko),MinoTruyen Hentai,minotruyenv5.xyz,vi,,MinoTruyen
Mihon family (Mihon / Tachiyomi / Suwayomi / Komikku / Neko),MoeTruyen,moetruyen.net,vi,,MoeTruyen
Mihon family (Mihon / Tachiyomi / Suwayomi / Komikku / Neko),MoeTruyenSuiCao (unoriginal),moe.suicaodex.com,vi,,MoeTruyenSuiCao (unoriginal)
Mihon family (Mihon / Tachiyomi / Suwayomi / Komikku / Neko),NetTruyenCO (unoriginal),nettruyenar.com,vi,,NetTruyenCO (unoriginal)
Mihon family (Mihon / Tachiyomi / Suwayomi / Komikku / Neko),NetTruyenS (unoriginal),nettruyen13s.com,vi,,NetTruyenS (unoriginal)
Mihon family (Mihon / Tachiyomi / Suwayomi / Komikku / Neko),NetTruyenViet (unoriginal),nettruyenviet10.com,vi,,NetTruyenViet (unoriginal)
Mihon family (Mihon / Tachiyomi / Suwayomi / Komikku / Neko),NetTruyenX (unoriginal),nettruyenx.net,vi,,NetTruyenX (unoriginal)
Mihon family (Mihon / Tachiyomi / Suwayomi / Komikku / Neko),NhatTruyen,nhattruyenqq.com,vi,,NhatTruyen
Mihon family (Mihon / Tachiyomi / Suwayomi / Komikku / Neko),NhentaiClub,nhentaiclub.online,vi,NSFW,NhentaiClub
Mihon family (Mihon / Tachiyomi / Suwayomi / Komikku / Neko),Otakusic,otakusic.com,vi,,Otakusic
Mihon family (Mihon / Tachiyomi / Suwayomi / Komikku / Neko),OTruyen,otruyen.cc,vi,,OTruyen
Mihon family (Mihon / Tachiyomi / Suwayomi / Komikku / Neko),Panomic,panomic.online,vi,,Panomic
Mihon family (Mihon / Tachiyomi / Suwayomi / Komikku / Neko),SangChanhTeam,sangchanhteam.com,vi,,SangChanhTeam
Mihon family (Mihon / Tachiyomi / Suwayomi / Komikku / Neko),SayHentai,sayhentai.cx,vi,NSFW,SayHentai
Mihon family (Mihon / Tachiyomi / Suwayomi / Komikku / Neko),Seikowo,seikowo-app.blogspot.com,vi,,Seikowo
Mihon family (Mihon / Tachiyomi / Suwayomi / Komikku / Neko),SinhSieuSao,sinhsieusao.com,vi,NSFW,SinhSieuSao
Mihon family (Mihon / Tachiyomi / Suwayomi / Komikku / Neko),SoaiCaComic,soaicacomic2.top,vi,,SoaiCaComic
Mihon family (Mihon / Tachiyomi / Suwayomi / Komikku / Neko),Team Lạnh Lùng,lanhlungteam3.top,vi,,Team Lanh Lung
Mihon family (Mihon / Tachiyomi / Suwayomi / Komikku / Neko),TeleTruyen,teletruyen.com,vi,,TeleTruyen
Mihon family (Mihon / Tachiyomi / Suwayomi / Komikku / Neko),ThienThaiTruyen,thienthaitruyen14.com,vi,NSFW,ThienThaiTruyen
Mihon family (Mihon / Tachiyomi / Suwayomi / Komikku / Neko),Thỏ Ham Ngủ,thohamngu.xyz,vi,,Thỏ Ham Ngủ
Mihon family (Mihon / Tachiyomi / Suwayomi / Komikku / Neko),Top Truyen,toptruyenzonee.com,vi,,Top Truyen
Mihon family (Mihon / Tachiyomi / Suwayomi / Komikku / Neko),Tranh18,tranh18.cc,vi,NSFW,Tranh18
Mihon family (Mihon / Tachiyomi / Suwayomi / Komikku / Neko),Truyen18,truyen18.co,vi,NSFW,Truyen18
Mihon family (Mihon / Tachiyomi / Suwayomi / Komikku / Neko),FoxTruyen,foxtruyen2.com,vi,,FoxTruyen
Mihon family (Mihon / Tachiyomi / Suwayomi / Komikku / Neko),TruyenGGVN,truyenggvn.com,vi,,TruyenGGVN
Mihon family (Mihon / Tachiyomi / Suwayomi / Komikku / Neko),Truyện Hentai 18+,truyenhentai18.net,vi,NSFW,Truyen Hentai 18+
Mihon family (Mihon / Tachiyomi / Suwayomi / Komikku / Neko),TruyenHentaivn,truyenhentaivn.store,vi,NSFW,TruyenHentaivn
Mihon family (Mihon / Tachiyomi / Suwayomi / Komikku / Neko),TruyenHentaiz,truyenhentaiz.net,vi,NSFW,TruyenHentaiz
Mihon family (Mihon / Tachiyomi / Suwayomi / Komikku / Neko),TruyenMM,truyenmmhayr.com,vi,NSFW,TruyenMM
Mihon family (Mihon / Tachiyomi / Suwayomi / Komikku / Neko),TruyenQQ,truyenqqko.com,vi,,TruyenQQ
Mihon family (Mihon / Tachiyomi / Suwayomi / Komikku / Neko),TruyenQQ VN,truyenqq.com.vn,vi,,TruyenQQ VN
Mihon family (Mihon / Tachiyomi / Suwayomi / Komikku / Neko),TruyenTini,truyentini.net,vi,,TruyenTini
Mihon family (Mihon / Tachiyomi / Suwayomi / Komikku / Neko),Truyện tranh đam mỹ,truyentranhdammyy.site,vi,NSFW,Truyen tranh dam my
Mihon family (Mihon / Tachiyomi / Suwayomi / Komikku / Neko),TruyenTuoiTho,truyentuoitho.com,vi,,TruyenTuoiTho
Mihon family (Mihon / Tachiyomi / Suwayomi / Komikku / Neko),TruyenTVN,truyentvn.net,vi,NSFW,TruyenTVN
Mihon family (Mihon / Tachiyomi / Suwayomi / Komikku / Neko),TruyenVN,truyenvn.sbs,vi,NSFW,TruyenVN
Mihon family (Mihon / Tachiyomi / Suwayomi / Komikku / Neko),TuiTruyen,tuitruyen.top,vi,,TuiTruyen
Mihon family (Mihon / Tachiyomi / Suwayomi / Komikku / Neko),TuSachXinhXinh,tusachxinhxinh12.online,vi,,TuSachXinhXinh
Mihon family (Mihon / Tachiyomi / Suwayomi / Komikku / Neko),UmeTruyen,umetruyenz.org,vi,NSFW,UmeTruyen
Mihon family (Mihon / Tachiyomi / Suwayomi / Komikku / Neko),ViHentai,vi-hentai.moe,vi,NSFW,ViHentai
Mihon family (Mihon / Tachiyomi / Suwayomi / Komikku / Neko),VinaHentai,vinahentai.click,vi,NSFW,VinaHentai
Mihon family (Mihon / Tachiyomi / Suwayomi / Komikku / Neko),ViTruyen,vitruyen1.com,vi,,ViTruyen
Mihon family (Mihon / Tachiyomi / Suwayomi / Komikku / Neko),YuriGarden,yurigarden.moe,vi,,YuriGarden
Mihon family (Mihon / Tachiyomi / Suwayomi / Komikku / Neko),YuriNeko,yurinekoz.com,vi,,YuriNeko
Mihon family (Mihon / Tachiyomi / Suwayomi / Komikku / Neko),ZetTruyen,zettruyen1.com,vi,,ZetTruyen
Mihon family (Mihon / Tachiyomi / Suwayomi / Komikku / Neko),巴卡漫画,bakamh.com,zh,NSFW,Baka Manhua
Mihon family (Mihon / Tachiyomi / Suwayomi / Komikku / Neko),包子漫画,baozimh.com,zh,,Baozi Manhua
Mihon family (Mihon / Tachiyomi / Suwayomi / Komikku / Neko),GoDa漫画,baozimh.org,zh,,GoDa
Mihon family (Mihon / Tachiyomi / Suwayomi / Komikku / Neko),《崩坏3》IP站,comic.bh3.com,zh,,BH3
Mihon family (Mihon / Tachiyomi / Suwayomi / Komikku / Neko),嗶哩漫畫,bilimanga.net,zh,,BiliManga
Mihon family (Mihon / Tachiyomi / Suwayomi / Komikku / Neko),香香腐宅,boylove.cc,zh,NSFW,BoyLove
Mihon family (Mihon / Tachiyomi / Suwayomi / Komikku / Neko),Cartoon18,cartoon18.com,zh,NSFW,Cartoon18
Mihon family (Mihon / Tachiyomi / Suwayomi / Komikku / Neko),無限動漫,8comic.com,zh,,Comicabc
Mihon family (Mihon / Tachiyomi / Suwayomi / Komikku / Neko),CCC追漫台,creative-comic.tw,zh-Hant,,Creative Comic Collection
Mihon family (Mihon / Tachiyomi / Suwayomi / Komikku / Neko),动漫屋,dm5.com,zh,,Dm5
Mihon family (Mihon / Tachiyomi / Suwayomi / Komikku / Neko),Dongman Manhua,dongmanmanhua.cn,zh-Hans,,Dongman Manhua
Mihon family (Mihon / Tachiyomi / Suwayomi / Komikku / Neko),读漫屋,dumanwu1.com,zh,,Dumanwu
Mihon family (Mihon / Tachiyomi / Suwayomi / Komikku / Neko),18漫画,18mh.org,zh,,18Manhua
Mihon family (Mihon / Tachiyomi / Suwayomi / Komikku / Neko),喜漫漫画,favcomic.com,zh,,FavComic
Mihon family (Mihon / Tachiyomi / Suwayomi / Komikku / Neko),瓜子漫画,guazimanhua.com,zh,,Guazimanhua
Mihon family (Mihon / Tachiyomi / Suwayomi / Komikku / Neko),花火漫画,uhkvqrxmcapgtpspglrp.moedot.net,zh,,HanabiManga
Mihon family (Mihon / Tachiyomi / Suwayomi / Komikku / Neko),Hanime1.me,hanimeone.me,zh,NSFW,Hanime1
Mihon family (Mihon / Tachiyomi / Suwayomi / Komikku / Neko),HANMAN18,hanman18.com,zh,NSFW,HANMAN18
Mihon family (Mihon / Tachiyomi / Suwayomi / Komikku / Neko),H-Comic,h-comic.com,zh,NSFW,H-Comic
Mihon family (Mihon / Tachiyomi / Suwayomi / Komikku / Neko),绅士会所,hentaiclub.net,zh,,Shenshi Huisuo
Mihon family (Mihon / Tachiyomi / Suwayomi / Komikku / Neko),Hikarinagi,hikarinagi.org,zh,,Hikarinagi
Mihon family (Mihon / Tachiyomi / Suwayomi / Komikku / Neko),爱看漫,ymcdnyfqdapp.ikmmh.com,zh,NSFW,Ikmmh
Mihon family (Mihon / Tachiyomi / Suwayomi / Komikku / Neko),爱奇艺叭嗒,iqiyi.com,zh-Hans,,Iqiyi
Mihon family (Mihon / Tachiyomi / Suwayomi / Komikku / Neko),JComic,jcomic.net,zh,NSFW,JComic
Mihon family (Mihon / Tachiyomi / Suwayomi / Komikku / Neko),禁漫天堂,18comic.vip,zh,NSFW,Jinman Tiantang
Mihon family (Mihon / Tachiyomi / Suwayomi / Komikku / Neko),92漫画,92mh.com,zh,,92Manhua
Mihon family (Mihon / Tachiyomi / Suwayomi / Komikku / Neko),Komiic,komiic.com,zh,,Komiic
Mihon family (Mihon / Tachiyomi / Suwayomi / Komikku / Neko),快看漫画,kuaikanmanhua.com,zh-Hans,,Kuaikanmanhua
Mihon family (Mihon / Tachiyomi / Suwayomi / Komikku / Neko),Mangabz,mangabz.com,zh,,Mangabz
Mihon family (Mihon / Tachiyomi / Suwayomi / Komikku / Neko),Manga Xiao Si,jjmhw2.top,zh,NSFW,Manga Xiao Si
Mihon family (Mihon / Tachiyomi / Suwayomi / Komikku / Neko),优酷漫画,ykmh.net,zh,,YKMH
Mihon family (Mihon / Tachiyomi / Suwayomi / Komikku / Neko),漫画柜,manhuagui.com,zh,,ManHuaGui
Mihon family (Mihon / Tachiyomi / Suwayomi / Komikku / Neko),漫画人,mangaapi.manhuaren.com,zh,,Manhuaren
Mihon family (Mihon / Tachiyomi / Suwayomi / Komikku / Neko),漫画社,311s.com,zh,,Manhuashe
Mihon family (Mihon / Tachiyomi / Suwayomi / Komikku / Neko),漫画屋,mhua5.com,zh,,Manhuawu
Mihon family (Mihon / Tachiyomi / Suwayomi / Komikku / Neko),漫蛙,manwa.me,zh,,Manwa
Mihon family (Mihon / Tachiyomi / Suwayomi / Komikku / Neko),漫画1234,wmh1234.com,zh,,MH1234
Mihon family (Mihon / Tachiyomi / Suwayomi / Komikku / Neko),喵趣漫画,miaoqumh.org,zh,,Miaoqu Manhua
Mihon family (Mihon / Tachiyomi / Suwayomi / Komikku / Neko),MyComic,mycomic.com,zh,,MyComic
Mihon family (Mihon / Tachiyomi / Suwayomi / Komikku / Neko),鸟鸟韩漫,nnhanman.xyz,zh,NSFW,NNHanman
Mihon family (Mihon / Tachiyomi / Suwayomi / Komikku / Neko),NoyAcg,api.noyteam.online,zh-Hant,,NoyAcg
Mihon family (Mihon / Tachiyomi / Suwayomi / Komikku / Neko),哔咔漫画,manhuabika.com,zh,NSFW,Picacomic
Mihon family (Mihon / Tachiyomi / Suwayomi / Komikku / Neko),肉漫屋,rouman5.com,zh,NSFW,Roumanwu
Mihon family (Mihon / Tachiyomi / Suwayomi / Komikku / Neko),如漫画,rumanhua2.com,zh,,Rumanhua
Mihon family (Mihon / Tachiyomi / Suwayomi / Komikku / Neko),六漫画,liumanhua.com,zh,NSFW,6Manhua
Mihon family (Mihon / Tachiyomi / Suwayomi / Komikku / Neko),腾讯动漫,ac.qq.com,zh-Hans,,Tencent Comics (ac.qq.com)
Mihon family (Mihon / Tachiyomi / Suwayomi / Komikku / Neko),泰拉记事社,comic.hypergryph.com,zh,,Terra Historicus
Mihon family (Mihon / Tachiyomi / Suwayomi / Komikku / Neko),東立,ebook.tongli.com.tw,zh,,Tongli
Mihon family (Mihon / Tachiyomi / Suwayomi / Komikku / Neko),TOPTOON頂通,toptoon.net,zh,,Toptoon.net
Mihon family (Mihon / Tachiyomi / Suwayomi / Komikku / Neko),vomic,vomicmh.com,zh,,vomic
Mihon family (Mihon / Tachiyomi / Suwayomi / Komikku / Neko),紳士漫畫,wn07.cfd,zh,NSFW,WNACG
Mihon family (Mihon / Tachiyomi / Suwayomi / Komikku / Neko),一耽女孩,yidan9.club,zh,NSFW,Yidan Girl
Mihon family (Mihon / Tachiyomi / Suwayomi / Komikku / Neko),再漫画,manhua.zaimanhua.com,zh,,Zaimanhua
Mihon family (Mihon / Tachiyomi / Suwayomi / Komikku / Neko),杂志迷,zazhimi.net,zh,,Zazhimi
Mihon family (Mihon / Tachiyomi / Suwayomi / Komikku / Neko),zero搬运网,zerobyw33.com,zh,,Zerobyw
